-- MySQL dump 10.13  Distrib 8.0.40, for Linux (x86_64)
--
-- Host: localhost    Database: sicaki
-- ------------------------------------------------------
-- Server version	8.0.40-0ubuntu0.20.04.1

/*!40101 SET @OLD_CHARACTER_SET_CLIENT=@@CHARACTER_SET_CLIENT */;
/*!40101 SET @OLD_CHARACTER_SET_RESULTS=@@CHARACTER_SET_RESULTS */;
/*!40101 SET @OLD_COLLATION_CONNECTION=@@COLLATION_CONNECTION */;
/*!50503 SET NAMES utf8mb4 */;
/*!40103 SET @OLD_TIME_ZONE=@@TIME_ZONE */;
/*!40103 SET TIME_ZONE='+00:00' */;
/*!40014 SET @OLD_UNIQUE_CHECKS=@@UNIQUE_CHECKS, UNIQUE_CHECKS=0 */;
/*!40014 SET @OLD_FOREIGN_KEY_CHECKS=@@FOREIGN_KEY_CHECKS, FOREIGN_KEY_CHECKS=0 */;
/*!40101 SET @OLD_SQL_MODE=@@SQL_MODE, SQL_MODE='NO_AUTO_VALUE_ON_ZERO' */;
/*!40111 SET @OLD_SQL_NOTES=@@SQL_NOTES, SQL_NOTES=0 */;

--
-- Table structure for table `data_format`
--

DROP TABLE IF EXISTS `data_format`;
/*!40101 SET @saved_cs_client     = @@character_set_client */;
/*!50503 SET character_set_client = utf8mb4 */;
CREATE TABLE `data_format` (
  `id` int NOT NULL AUTO_INCREMENT,
  `format` varchar(50) CHARACTER SET utf8mb3 COLLATE utf8mb3_general_ci DEFAULT NULL,
  PRIMARY KEY (`id`) USING BTREE
) ENGINE=InnoDB AUTO_INCREMENT=3 DEFAULT CHARSET=utf8mb3 ROW_FORMAT=DYNAMIC;
/*!40101 SET character_set_client = @saved_cs_client */;

--
-- Dumping data for table `data_format`
--

LOCK TABLES `data_format` WRITE;
/*!40000 ALTER TABLE `data_format` DISABLE KEYS */;
INSERT INTO `data_format` VALUES (1,'Decimal'),(2,'Persentase');
/*!40000 ALTER TABLE `data_format` ENABLE KEYS */;
UNLOCK TABLES;

--
-- Table structure for table `failed_jobs`
--

DROP TABLE IF EXISTS `failed_jobs`;
/*!40101 SET @saved_cs_client     = @@character_set_client */;
/*!50503 SET character_set_client = utf8mb4 */;
CREATE TABLE `failed_jobs` (
  `id` bigint unsigned NOT NULL AUTO_INCREMENT,
  `uuid` varchar(255) CHARACTER SET utf8mb4 COLLATE utf8mb4_unicode_ci NOT NULL,
  `connection` text CHARACTER SET utf8mb4 COLLATE utf8mb4_unicode_ci NOT NULL,
  `queue` text CHARACTER SET utf8mb4 COLLATE utf8mb4_unicode_ci NOT NULL,
  `payload` longtext CHARACTER SET utf8mb4 COLLATE utf8mb4_unicode_ci NOT NULL,
  `exception` longtext CHARACTER SET utf8mb4 COLLATE utf8mb4_unicode_ci NOT NULL,
  `failed_at` timestamp NOT NULL DEFAULT CURRENT_TIMESTAMP,
  PRIMARY KEY (`id`) USING BTREE,
  UNIQUE KEY `failed_jobs_uuid_unique` (`uuid`) USING BTREE
) ENGINE=InnoDB DEFAULT CHARSET=utf8mb4 COLLATE=utf8mb4_unicode_ci ROW_FORMAT=DYNAMIC;
/*!40101 SET character_set_client = @saved_cs_client */;

--
-- Dumping data for table `failed_jobs`
--

LOCK TABLES `failed_jobs` WRITE;
/*!40000 ALTER TABLE `failed_jobs` DISABLE KEYS */;
/*!40000 ALTER TABLE `failed_jobs` ENABLE KEYS */;
UNLOCK TABLES;

--
-- Table structure for table `indeks`
--

DROP TABLE IF EXISTS `indeks`;
/*!40101 SET @saved_cs_client     = @@character_set_client */;
/*!50503 SET character_set_client = utf8mb4 */;
CREATE TABLE `indeks` (
  `id` int NOT NULL AUTO_INCREMENT,
  `nama_indeks` text CHARACTER SET utf8mb3 COLLATE utf8mb3_general_ci,
  `parent_id` int DEFAULT NULL,
  `level` int DEFAULT NULL,
  PRIMARY KEY (`id`) USING BTREE
) ENGINE=InnoDB AUTO_INCREMENT=322 DEFAULT CHARSET=utf8mb3 ROW_FORMAT=DYNAMIC;
/*!40101 SET character_set_client = @saved_cs_client */;

--
-- Dumping data for table `indeks`
--

LOCK TABLES `indeks` WRITE;
/*!40000 ALTER TABLE `indeks` DISABLE KEYS */;
INSERT INTO `indeks` VALUES (1,'Root',0,0),(2,'Indeks Ketersediaan Migas',1,1),(3,'Indeks Ketersediaan Hulu Migas',2,2),(4,'Indeks Ketersediaan BBM',2,2),(5,'Indeks Ketersediaan LPG',2,2),(6,'Indeks Ketersediaan LNG',2,2),(7,'Realisasi Produksi LNG',6,3),(9,'Realisasi LNG Domestik MMBTU',6,3),(10,'Realisasi LNG Domestik TON',6,3),(11,'Realisasi Ekspor LNG',6,3),(12,'Realisasi Ekspor Hasil Pengolahan (Kilang LNG Hilir)',6,3),(13,'Indeks Ketersediaan Hulu Minyak',3,3),(14,'Indeks Ketersediaan Hulu Gas',3,3),(15,'Realisasi Produksi/Lifting Gas Bumi MMSCF',14,4),(16,'Realisasi Produksi/Lifting Gas Bumi BBTU',14,4),(17,'Realisasi Alokasi Gas Dom',14,4),(20,'Produksi Minyak dan Gas Bumi',3,3),(21,'Produksi Minyak Bumi',20,4),(22,'Produksi Gas Bumi',20,4),(23,'Deviasi Kuantitas Ekspor Minyak Mentah dari kuantitas yang Direkomendasikan',3,3),(24,'Realisasi Deviasi',23,4),(25,'Deviasi Kuantitas Ekspor LNG skema hulu dari kuantitas yang direkomendasikan',3,3),(26,'Realisasi Deviasi',25,4),(27,'Persentase Pemanfaatan Gas Bumi Domestik',2,2),(28,'Persentase Pemanfaatan Gas Bumi Melalui Pipa Domestik',27,3),(29,'Persentase Pemanfaatan LNG Domestik',27,3),(30,'Produksi BBM dan Hasil Olahan',4,3),(31,'Deviasi Kuantitas Impor Minyak Mentah untuk Feedstock Kilang dari Kuantitas yang Direkomendasikan',4,3),(32,'Selisih realisasi dan kuota (bbl)',31,4),(33,'Deviasi Kuantitas Impor BBM dari Kuantitas yang Direkomendasikan',4,3),(34,'selisih realisasi dan kuota (bbl)',33,4),(35,'Realisasi Deviasi',33,4),(36,'Deviasi Kuantitas Ekspor BBM dari Kuantitas yang Direkomendasikan',4,3),(37,'Realisasi Deviasi (%)',36,4),(38,'selisih realisasi dan kuota (bbl)',37,5),(39,'Deviasi Realisasi Pencampuran BBN Jenis Biodiesel terhadap Target Mandatory Pencampuran BBN jenis Biodiesel',4,3),(40,'Realisasi Deviasi (%)',39,4),(41,'selisih realisasi dan kuota (%)',40,5),(42,'Deviasi kuantitas Impor LPG dari kuantitas yang direkomendasikan',5,3),(43,'Realisasi Deviasi (%)',42,4),(44,'selisih realisasi dan kuota (MT)',43,5),(45,'Deviasi kuantitas ekspor LPG dari kuantitas yang direkomendasikan',5,3),(46,'Realisasi Deviasi (%)',45,4),(47,'selisih realisasi dan kuota (MT)',46,5),(48,'Deviasi Kuantitas Ekspor Hasil Pengolahan yang Direkomendasikan',6,3),(49,'Realisasi Deviasi (%)',48,4),(50,'selisih realisasi dan kuota (m3)',49,5),(51,'Deviasi Kuantitas Ekspor LNG Skema Hilir (Trading) dari Kuantitas yang Direkomendasikan',6,3),(52,'Realisasi Deviasi (%)',51,4),(53,'selisih realisasi dan kuota (bbl)',52,5),(54,'Jumlah Sumber Daya Migas Pada Masa Eksplorasi',3,3),(55,'Jumlah Cadangan Minyak Bumi',21,5),(56,'Jumlah Cadangan Gas Bumi',22,5),(57,'Akurasi Formulasi Harga Migas terhadap Harga yang Ditetapkan',1,1),(58,'Deviasi Penetapan Harga Minyak Mentah Indonesia (ICP)',57,2),(59,'Persentase Realisasi Usulan Penetapan Harga Minyak Mentah Indonesia (ICP) yang disetujui oleh Dirjen',58,3),(60,'Persentase Realisasi Usulan Penetapan Harga Minyak Mentah Indonesia (ICP) yang disetujui oleh Dirjen',59,4),(61,'Deviasi Harga Gas Skema Hulu (Gas Pipa,LNG, LPG dan Gas Suar)',57,2),(62,'Persentase Realisasi Usulan Penetapan Harga Gas Skema Hulu yang Disetujui oleh Dirjen (Gas Pipa,LNG, LPG dan Gas Suar)',61,3),(63,'Persentase Usulan Penetapan Harga Gas Hulu Melalui Pipa yang Disetujui oleh Dirjen',62,4),(64,'Persentase Rekomendasi Formulasi Harga Gas Kilang LPG dan Kilang Minyak yang Disetujui oleh Dirjen',63,5),(65,'Persentase Usulan Penetapan Harga Gas Suar Bakar yang Disetujui oleh Dirjen',64,6),(66,'Persentase Usulan Penetapan Harga Gas Suar Bakar yang Disetujui oleh Dirjen',65,7),(67,'Deviasi Harga Jual Eceran BBM dan LPG',57,2),(68,'Persentase Realisasi Usulan Penetapan Harga Jual Eceran BBM dan LPG yang Disetujui oleh Dirjen',67,3),(69,'Persentase Realisasi Usulan Penetapan Harga Jual Eceran BBM yang Disetujui oleh Dirjen',68,4),(70,'Persentase Realisasi Usulan Penetapan Harga Patokan LPG yang Disetujui oleh Dirjen',69,5),(71,'Persentase Realisasi Usulan Harga Dasar BBM yang Disetujui oleh Dirjen',70,6),(72,'Deviasi Harga Gas Hilir',57,2),(73,'Persentase Realisasi Usulan Penetapan Harga Gas Hilir yang Disetujui oleh Dirjen',72,3),(74,'Indeks Aksesibilitas Migas',1,1),(75,'Penyediaan Paket Konversi Minyak Tanah ke LPG Tabung 3 Kg',74,2),(76,'Penyediaan Konverter Kit BBM ke Bahan Bakar Gas untuk Nelayan',74,2),(77,'Persentase Kesesuaian Perencanaan Konversi Mitan ke LPG 3 kg terhadap Roadmap Konversi Minyak Tanah ke LPG',75,3),(78,'Persentase Realisasi Jumlah dan Kesesuaian Wilayah Penerima Paket Konversi Mitan ke LPG 3 KG',74,2),(79,'Persentase Realisasi Jumlah dan Kesesuaian Wilayah Penerima Konverter Kit BBM ke BBG terhadap Roadmap untuk Nelayan',76,3),(80,'Penyediaan Konverter Kit BBM ke Bahan Bakar Gas untuk Petani',74,2),(81,'Persentase Kesesuaian Perencanaan Jumlah dan Kesesuaian Wilayah Penerima Paket Konkit BBM ke BBG terhadap Roadmap untuk Petani',80,3),(82,'Persentase Realisasi Jumlah dan Kesesuaian Wilayah Penerima Konverter Kit BBM ke BBG terhadap Roadmap untuk Petani',80,3),(83,'Infrastruktur Jaringan Gas Bumi untuk Rumah Tangga (APBN)',74,2),(84,'Infrastruktur Jaringan Gas Bumi untuk Rumah Tangga (KPBU)',74,2),(85,'Persentase Kesesuaian Dokumen FEED/DEDC, UKL/UPL terhadap Roadmap Jargas',84,3),(86,'Persentase Pengadaan Jaringan Gas yang Berhasil terhadap Total Pengadaan Jaringan Gas yang Dilakukan',85,4),(87,'Persentase Kesesuaian Jumlah dan Kualitas Jaringan Gas yang Dibangun terhadap Dokumen Pelengkap Pembangunan',84,3),(88,'Jumlah Dokumen Kontrak, S-Curve dan Laporan Pengawasan',87,4),(89,'Persentase Utilisasi Jargas Rumah Tangga pada Tahun Berjalan',84,3),(90,'Persentase Realisasi Pembangunan Jargas Rumah Tangga terhadap Dokumen Pengadaan (Kontrak)',74,2),(91,'Jumlah Jaringan Gas yang Terbangun dan Siap Beroperasi berdasarkan BAST (APBN)',90,3),(92,'Fasilitasi Pembangunan Jargas Rumah Tangga menggunakan skema non-APBN',90,3),(93,'Studi Pendahuluan Pembangunan Jaringan Gas Bumi untuk Rumah Tangga melalui Skema KPBU',74,2),(94,'Indeks Fasilitas Niaga Migas',74,2),(95,'Kapasitas Fasilitas Penyimpanan Niaga LPG',94,3),(96,'Kapasitas Fasilitas Filling Station Niaga LPG',94,3),(97,'Kapasitas Fasilitas Filling Station Niaga LNG',94,3),(98,'Kapasitas Fasilitas Mother Station Niaga CNG',94,3),(99,'Kapasitas Fasilitas Niaga Gas Bumi',94,3),(100,'Kapasitas Fasilitas Niaga Minyak Bumi, BBM dan Hasil Olahan',94,3),(101,'Indeks Fasilitas Pengangkutan Migas',74,2),(102,'Kapasitas Fasilitas Pengangkutan Minyak Bumi, BBM dan Hasil Olahan',101,3),(103,'Kapasitas Fasilitas Pengangkutan LPG',101,3),(104,'Kapasitas Fasilitas Pengangkutan LNG',101,3),(105,'Kapasitas Fasilitas Pengangkutan CNG',101,3),(106,'Kapasitas Fasilitas Pengangkutan Gas Bumi melalui Pipa',101,3),(107,'Indeks Fasilitas Pengolahan Migas',2,2),(108,'Kapasitas Terpasang Kilang BBM',107,3),(109,'Kapasitas Terpasang Kilang LNG',107,3),(110,'Kapasitas Terpasang Kilang LPG',107,3),(111,'Fasilitasi Peningkatan Infrastruktur Kilang Minyak Bumi (Tahapan)',2,2),(112,'Fasilitasi Peningkatan Infrastruktur Kilang Minyak Bumi',111,3),(113,'Indeks Fasilitas Penyimpanan Migas',2,2),(114,'Kapasitas Fasilitas Penyimpanan Minyak Bumi, BBM dan Hasil Olahan',113,3),(115,'Kapasitas Fasilitas Penyimpanan LNG',113,3),(116,'Kapasitas Fasilitas Penyimpanan LPG',113,3),(117,'Kapasitas Fasilitas Penyimpanan CNG',113,3),(118,'Persentase Tingkat Komponen Dalam Negeri (TKDN) pada Kegiatan Usaha Hulu Migas',3,3),(119,'Persentase Persetujuan Pengendalian Rencana Impor Barang Operasi pada Kegiatan Usaha Hulu Migas',118,4),(120,'Persentase Rekomendasi Penggunaan Produk Dalam Negeri pada Kegiatan Usaha Hulu Migas',119,5),(121,'Jumlah perusahaan yang mampu memenuhi standar (bintang 3) kebutuhan barang operasi hulu migas',118,4),(122,'Persentase BU Penunjang Jasa Migas yang telah diaudit dan memenuhi standar kemampuan migas terhadap jumlah perusahaan yang diaudit',118,4),(123,'Jumlah Penandasahan Hasil Verifikasi TKDN pada Kontrak Pengadaan KKKS',122,5),(124,'Persentase Realisasi Investasi Sub Sektor Migas',1,1),(125,'Persentase Realisasi Investasi subsektor Migas',124,2),(126,'Jumlah Kerjasama Dalam Negeri, Bilateral, Multilateral, Regional dan Perdagangan Internasional Migas',124,2),(127,'Jumlah Tindak Lanjut  Kesepahaman/Perjanjian Kerjasama Multilateral, Regional, dan Perdagangan Internasional terkait Pengelolaan Migas',126,3),(128,'Jumlah Tindak Lanjut Kesepahaman/Perjanjian Kerjasama Bilateral dan Dalam Negeri terkait Pengelolaan Migas',127,4),(129,'Jumlah Program Pengembangan Lingkungan dan Masyarakat yang Di Implementasikan',128,5),(130,'Persentase Realisasi PNBP Subsektor Migas dan PNBP BLU Pengujian   Migas',1,1),(131,'Persentase Realisasi Penerimaan Negara Migas',130,2),(132,'Jumlah perusahaan yang mampu memenuhi standar (bintang 3) kebutuhan jasa penunjang migas',124,2),(133,'Persentase Realisasi PNBP Migas',131,3),(134,'Persentase Realisasi PNBP Fungsional Ditjen Migas',130,2),(135,'Persentase Realisasi PNBP SDA Migas',131,3),(136,'Persentase Realisasi Penerimaan Negara Migas',131,3),(137,'Persentase Realisasi Lifting Migas',136,4),(138,'Persentase Ketepatan Perencanaan Penetapan Dasar Perhitungan (lifting) Per Daerah Penghasil',137,5),(139,'Indeks Kepuasan Layanan Subsektor Migas',1,1),(140,'Indeks Kepuasan Layanan Hulu Migas',139,2),(141,'Indeks Kepuasan Layanan Subdit Pengembangan WK Migas Konvensional',140,3),(142,'Indeks Kepuasan Layanan Subdit Pengembangan WK Migas Non Konvensional',140,3),(143,'Indeks Kepuasan Layanan Subdit Pengawasan Eksplorasi Migas',140,3),(144,'Indeks Kepuasan Layanan Subdit Penilaian Pengembangan Usaha Hulu Migas',140,3),(145,'Indeks Kepuasan Layanan Subdit Pengawasan Eksploitasi Migas',140,3),(146,'Indeks Kepuasan Layanan Hilir Migas',139,2),(147,'Indeks Kepuasan Layanan Subdit Pengolahan Migas',146,3),(148,'Indeks Kepuasan Layanan Subdit Pengangkutan Migas',146,3),(149,'Indeks Kepuasan Layanan Subdit Harga dan Subsidi Bahan Bakar',146,3),(150,'Indeks Kepuasan Layanan Subdit Niaga Migas',146,3),(151,'Indeks Kepuasan Layanan Subdit Penyimpanan Migas',146,3),(152,'Indeks Kepuasan Layanan Keselamatan Migas',139,2),(153,'Indeks Kepuasan Layanan Subdit Standardisasi Migas',152,3),(154,'Indeks Kepuasan Layanan Subdit Keteknikan dan Keselamatan Lingkungan Migas',152,3),(155,'Indeks Kepuasan Layanan Subdit Keselamatan Hulu Migas',152,3),(158,'Indeks Kepuasan Layanan Subdit Usaha Penunjang Migas',152,3),(159,'Indeks Kepuasan Layanan Subdit Keselamatan Hilir Migas',152,3),(160,'Indeks Kepuasan Layanan Program Migas',139,2),(161,'Indeks Kepuasan Layanan Subdit Pemberdayaan Potensi Dalam Negeri Migas',160,3),(162,'Indeks Kepuasan Layanan Subdit Pengembangan Investasi Migas',160,3),(163,'Indeks Kepuasan Layanan Informasi Migas',139,2),(164,'Indeks Kepuasan Layanan Bagian Rencana dan Laporan',163,3),(165,'Indeks Kepuasan Layanan Bagian Hukum',163,3),(166,'Indeks Efektivitas Pembinaan dan Pengawasan Subsektor Migas',1,1),(167,'Indeks Efektivitas Pembinaan dan Pengawasan Hulu Migas',166,2),(168,'Nilai Indikator Efektivitas Pembinaan dan Pengawasan Subdit Pengembangan WK Migas Konvensional',167,3),(169,'Nilai Indikator Efektivitas Pembinaan dan Pengawasan Subdit Pengembangan WK Migas Non Konvensional',167,3),(170,'Nilai Indikator Efektivitas Pembinaan dan Pengawasan Subdit Pengawasan Eksplorasi Migas',167,3),(171,'Nilai Indikator Efektivitas Pembinaan dan Pengawasan Subdit Penilaian Pengembangan Usaha Hulu Migas',167,3),(172,'Nilai Indikator Efektivitas Pembinaan dan Pengawasan Subdit Pengawasan Eksploitasi Migas',167,3),(173,'Indeks Efektivitas Pembinaan dan Pengawasan Hilir Migas',166,2),(174,'Nilai Indikator Efektivitas Pembinaan dan Pengawasan Subdit Pengolahan Migas',173,3),(175,'Nilai Indikator Efektivitas Pembinaan dan Pengawasan Subdit Pengangkutan Migas',173,3),(176,'Nilai Indikator Efektivitas Pembinaan dan Pengawasan Subdit Harga dan Subsidi Bahan Bakar',173,3),(177,'Nilai Indikator Efektivitas Pembinaan dan Pengawasan Subdit Niaga Migas',173,3),(178,'Nilai Indikator Efektivitas Pembinaan dan Pengawasan Subdit Penyimpanan Migas',173,3),(179,'Indeks Efektivitas Pembinaan dan Pengawasan Direktorat Teknik dan Lingkungan Migas',166,2),(180,'Nilai Indikator Efektivitas Pembinaan dan Pengawasan Subdit Standardisasi Migas',179,3),(181,'Nilai Indikator Efektivitas Pembinaan dan Pengawasan Subdit Keteknikan dan Keselamatan Lingkungan Migas',179,3),(182,'Nilai Indikator Efektivitas Pembinaan dan Pengawasan Subdit Keselamatan Hulu Migas',179,3),(183,'Nilai Indikator Efektivitas Pembinaan dan Pengawasan Subdit Usaha Penunjang Migas',179,3),(184,'Nilai Indikator Efektivitas Pembinaan dan Pengawasan Subdit Keselamatan Hilir Migas',179,3),(185,'Indeks Efektivitas Pembinaan dan Pengawasan Program Migas',166,2),(186,'Nilai Indikator Efektivitas Pembinaan dan Pengawasan Subdit Pemberdayaan Potensi Dalam Negeri Migas',185,3),(187,'Persentase Pemenuhan SLA Proses Perizinan Pemanfaatan Data untuk PI 10%',140,3),(188,'Persentase Pemenuhan SLA Proses Perizinan Pemanfaatan Data untuk WK Pengembangan',140,3),(189,'Persentase Pemenuhan SLA Proses Perizinan Pengolahan Migas',146,3),(190,'Persentase Pemenuhan SLA Proses Perizinan Pengangkutan Migas',146,3),(191,'Persentase Pemenuhan SLA Proses Perizinan Niaga Migas',146,3),(192,'Persentase Pemenuhan SLA Proses Perizinan Penyimpanan Migas',146,3),(193,'Tingkat Maturitas SPIP Ditjen Migas',1,1),(194,'Tingkat Maturitas SPIP Ditjen Migas',193,2),(195,'Tingkat Maturitas SPIP Ditjen Migas',194,3),(196,'Nilai Unsur Informasi dan Komunikasi pada Maturitas SPIP',195,4),(197,'Nilai Unsur Penilaian Resiko pada Maturitas SPIP',195,4),(198,'Nilai Unsur Kegiatan Pengendalian pada Maturitas SPIP',195,4),(199,'Nilai Unsur Lingkungan Pengendalian pada Indeks Maturitas SPIP',194,3),(200,'Nilai Pemantauan pada Maturitas SPIP',194,3),(201,'Nilai Sistem Akuntabilitas Kinerja Pemerintah (SAKIP) Ditjen Migas',1,1),(202,'Nilai Sistem Akuntabilitas Kinerja Pemerintah (SAKIP) Ditjen Migas',201,2),(203,'Nilai Akuntabilitas Kinerja Pemerintah (SAKIP) Ditjen Migas',202,3),(204,'Nilai Komponen Perencanaan Pada SAKIP',203,4),(205,'Nilai Komponen Capaian Kinerja pada SAKIP',202,3),(206,'Nilai Komponen Pengukuran Kinerja pada SAKIP',202,3),(207,'Nilai Komponen Pelaporan Kinerja pada SAKIP',202,3),(208,'Nilai Komponen Evaluasi Internal pada SAKIP',202,3),(209,'Jumlah Pemanfaatan TIK dalam SAKIP',202,3),(210,'Indeks Keselamatan migas',1,1),(211,'Indeks Keselamatan migas',210,2),(212,'Persentase Perusahaan yang telah Menerapkan Standar Wajib untuk Kegiatan Usaha Migas terhadap Total Perusahaan Hulu dan Hilir Migas',211,3),(213,'Persentase Perusahaan yang telah menerapkan standar wajib pada kegiatan usaha hulu migas',212,4),(214,'Persentase Perusahaan yang telah menerapkan standar wajib pada kegiatan usaha hilir migas',212,4),(215,'Jumlah RSNI & RSKKNI pada kegiatan usaha migas',211,3),(216,'Jumlah RSNI dan RSKKNI pada kegiatan usaha hulu migas',215,4),(217,'Jumlah RSNI dan RSKKNI pada kegiatan usaha hilir migas',215,4),(218,'Persentase Perusahaan yang telah Menerapkan Kaidah Keteknikan dan  Pengelolaan Lingkungan yang Baik terhadap Total Perusahaan Hulu dan Hilir Migas',211,3),(219,'Jumlah Perusahaan yang telah Menerapkan Kaidah Keteknikan dan  Pengelolaan Lingkungan yang Baik',218,4),(220,'Persentase Insiden Terjadinya Tumpahan Minyak > 15 barrel terhadap Total Kegiatan Migas',218,4),(221,'Jumlah Perusahaan Hulu dan Hilir Migas yang Melaksanakan Pemanfaatan Gas Flare',218,4),(222,'Frekuensi Kejadian Kecelakaan Kerja yang Menyebabkan Fatality Pada Kegiatan Usaha Hulu Migas',211,3),(223,'Frekuensi Unplanned Shutdown pada Kegiatan Usaha Hulu Migas',211,3),(224,'Kontraktor atau Perusahaan Hulu Migas yang memiliki SMKM dengan Kategori Baik ( >76.55 % )',211,3),(225,'Frekuensi Kejadian Kecelakaan Kerja yang Menyebabkan Fatality Pada Kegiatan Usaha Hilir Migas',211,3),(226,'Frekuensi Unplanned Shutdown pada Kegiatan Usaha Hilir Migas',211,3),(227,'Perusahaan Hilir Migas yang Memiliki SMKM dengan Kategori Baik ( >76.55% )',211,3),(228,'Persentase Perusahaan Penunjang Migas yang Diaudit Kepatuhan Aspek Keselamatan terhadap total Perusahaan Penunjang Migas',211,3),(229,'Persentase Perusahaan Penunjang Migas Bidang Jasa yang Diaudit Kepatuhan Aspek Keselamatan terhadap Total Perusahaan Penunjang Jasa Migas',228,4),(230,'Persentase Perusahaan Penunjang Migas Bidang Barang yang Diaudit Kepatuhan Aspek Keselamatan terhadap Total Perusahaan Penunjang Barang Migas',228,4),(231,'Jumlah objek vital migas nasional yang diawasi',211,3),(232,'Jumlah objek vital hulu migas nasional yang diawasi',231,4),(233,'Jumlah objek vital hilir migas nasional yang diawasi',231,4),(234,'Indeks Reformasi Birokrasi Ditjen Migas',1,1),(235,'Indeks Reformasi Birokrasi',234,2),(236,'Indeks Reformasi Birokrasi',235,3),(237,'Nilai Penataan Organisasi pada RB',236,4),(238,'Nilai Penataan Sistem Manajemen SDM pada RB',236,4),(239,'Nilai Manajemen Perubahan pada RB',236,4),(240,'Nilai Penguatan Pengawasan pada RB',236,4),(241,'Nilai Penataan Tata Laksana pada RB',236,4),(242,'Nilai Penguatan Akuntabilitas pada RB',235,3),(243,'Nilai Penataan Peraturan Perundang-Undangan pada RB',235,3),(244,'Nilai Peningkatan Kualitas Layanan Publik pada RB',235,3),(245,'Tingkat Kepuasan Pelayanan Internal Ditjen Migas',234,2),(246,'Tingkat kepuasan Satker Ditjen Migas terhadap layanan bagian umum, kepegawaian dan organisasi',245,3),(247,'Tingkat Kepuasan Satker Ditjen Migas Terhadap Layanan Kepegawaian',246,4),(248,'Tingkat Kepuasan Satker Ditjen Migas Terhadap Layanan Perlengkapan dan Rumah Tangga',246,4),(249,'Tingkat Kepuasan Satker Ditjen Migas Terhadap Layanan Tata Usaha',246,4),(250,'Tingkat Kepatuhan terhadap Standar Pelayanan Minimum Bagian Keuangan',245,3),(251,'Tingkat Kepatuhan terhadap Standar Pelayanan Minimum Akuntansi',250,4),(252,'Tingkat Kepatuhan terhadap Standar Pelayanan Minimum Perbendaharaan',250,4),(253,'Persentase Pencatatan Realisasi PNBP Ditjen Migas',250,4),(254,'Tingkat Kepatuhan terhadap Standar Pelayanan Minimum Administrasi Pengelolaan BMN',250,4),(255,'Tingkat Kepuasan Pimpinan dan Satker terhadap Ketersediaan Data, Informasi dan Bahan',246,4),(256,'Tingkat Kepuasan Pimpinan terhadap Ketersediaan Data, Informasi dan Bahan Pimpinan',255,5),(257,'Jumlah Pemeliharaan & Pengelolaan Website, Jaringan dan Database',255,5),(258,'Tingkat Kepuasan Satker terhadap Bahan Rencana Kerja dan Anggaran',255,5),(259,'Persentase Keberhasilan Usulan Pagu Indikatif Ditjen Migas',255,5),(260,'Ketepatan Waktu dan Kelengkapan Penyampaian Dokumen Rencana Kerja',255,5),(261,'Tingkat Kepuasan Satker Ditjen Migas terhadap Layanan Bagian Hukum',245,3),(262,'Tingkat Kepuasan Satker Ditjen Migas terhadap Layanan Pertimbangan Hukum',261,4),(263,'Tingkat Kepuasan Satker Ditjen Migas terhadap Layanan Informasi Hukum',261,4),(264,'Tingkat Kepuasan Satker Ditjen Migas terhadap Layanan Penyusunan Peraturan Perundang-Undangan',261,4),(265,'Persentase Pelayanan Pertimbangan Hukum terhadap Permohonan  Pertimbangan Hukum',261,4),(266,'Persentase Pelayanan Bantuan Hukum/saksi ahli terhadap Permohonan Bantuan Hukum/Saksi',261,4),(267,'Persentase Pelayanan Informasi Publik',261,4),(268,'Jumlah Rancangan Peraturan PerUUan Sektor Migas',261,4),(269,'Nilai Evaluasi Kelembagaan Ditjen Migas',1,1),(270,'Nilai Evaluasi Kelembagaan',269,2),(271,'Nilai Evaluasi Kelembagaan',270,3),(272,'Nilai Evaluasi Kelembagaan',271,4),(273,'Indeks Profesionalitas ASN Ditjen Migas',1,1),(274,'Indeks Profesionalitas ASN',273,2),(275,'Indeks Profesionalitas ASN',274,3),(276,'Indeks Profesionalitas ASN',275,4),(277,'Persentase Pegawai Direktorat Pembinaan Progam Migas yang Bebas Hukuman Disiplin',273,2),(278,'Persentase Pegawai Direktorat Pembinaan Progam Migas yang Mencapai/ Melebihi Target Kinerja',273,2),(280,'Persentase Pegawai Direktorat Pembinaan Usaha Hulu Migas yang Bebas Hukuman Disiplin',273,2),(281,'Persentase Pegawai Direktorat Pembinaan Usaha Hulu Migas yang Mencapai/ Melebihi Target Kinerja',273,2),(282,'Persentase Pegawai Direktorat Pembinaan Usaha Hilir Migas yang Bebas Hukuman Disiplin',273,2),(283,'Persentase Pegawai Direktorat Pembinaan Usaha Hilir Migas yang Mencapai/ Melebihi Target Kinerja',273,2),(284,'Persentase Pegawai Direktorat Teknik dan Lingkungan Migas yang Bebas Hukuman Disiplin',273,2),(285,'Persentase Pegawai Direktorat Teknik dan Lingkungan Migas yang Mencapai/ Melebihi Target Kinerja',273,2),(286,'Persentase Pegawai Direktorat Perencanaan dan Pembangunan Infrastruktur Migas yang Bebas Hukuman Disiplin',273,2),(287,'Persentase Pegawai Direktorat Perencanaan dan Pembangunan Infrastruktur Migas yang Mencapai/ Melebihi Target Kinerja',273,2),(288,'Persentase Pegawai Sekretariat Direktorat Jenderal Migas yang Bebas Hukuman Disiplin',273,2),(289,'Persentase Pegawai Sekretariat Direktorat Jenderal Migas yang Mencapai/ Melebihi Target Kinerja',273,2),(290,'Nilai Indikator Kinerja Pelaksanaan Anggaran (IKPA) Ditjen Migas',1,1),(291,'Persentase Realisasi Anggaran Direktorat Pembinaan Program Migas',290,2),(292,'Persentase Realisasi Anggaran Direktorat Pembinaan Usaha Hulu Migas',290,2),(293,'Persentase Realisasi Anggaran Direktorat Pembinaan Usaha Hilir Migas',290,2),(294,'Persentase Realisasi Anggaran Direktorat Teknik dan Lingkungan Migas',290,2),(295,'Persentase Realisasi Anggaran Direktorat Perencanaan dan Pembangunan Infrastruktur Migas',290,2),(296,'Persentase Realisasi Anggaran Sekretariat Direktorat Jenderal Migas',290,2),(297,'Nilai Indikator Kinerja Pelaksanaan Anggaran',290,2),(298,'Nilai Indikator Kinerja Pelaksanaan Anggaran',297,3),(299,'Persentase Temuan Itjen Material terkait Penyajian Laporan Keuangan Ditjen Migas yang Terjadi Berulang',298,4),(300,'Persentase Tindak Lanjut Hasil Pemeriksaan BPK RI',298,4),(301,'Persentase Realisasi Tagihan Ditjen Migas yang Diselesaikan Tepat Waktu (SPM)',298,4),(302,'Persentase Kesesuaian Perencanaan Jumlah dan Kesesuaian Wilayah Penerima Konkit BBM ke BBG terhadap Roadmap untuk Nelayan',76,3),(303,'Penyediaan Elpiji 3 kg bagi Masyarakat, Usaha Mikro, Nelayan, dan Petani Sasaran',2,2),(304,'Persentase Realisasi Volume LPG Bersubsidi terhadap Kuota Yang Ditetapkan',303,3),(305,'Reserve to Production Ratio Minyak Bumi',2,2),(306,'Reserve to Production Ratio Gas Bumi',2,2),(307,'Jumlah Hari Cadangan BBM Operasional',2,2),(308,'Jumlah Hari Cadangan Operasional BBM',307,3),(309,'Jumlah Hari Cadangan Operasional BBM',308,4),(310,'Jumlah Hari Cadangan LPG Operasional',2,2),(311,'Jumlah Hari Cadangan Operasional LPG',310,3),(312,'Persentase Rekomendasi kebijakan dan Dokumen Perencanaan yang Diterima Oleh Stakeholder',2,2),(313,'Jumlah Rekomendasi Kebijakan untuk Mendukung Tata Kelola Migas',312,3),(314,'Persentase Penyelesaian Usulan Penghapusan BMN Ditjen Migas',297,3),(315,'Persentase Pencatatan Barang Milik Negara (BMN) Ditjen Migas',314,4),(316,'Persentase WK Migas Konvensional yang diminati terhadap Jumlah WK Migas Konvensional yang ditawarkan',306,3),(317,'Jumlah WK Migas Konvensional yang Siap Ditawarkan',316,4),(318,'Jumlah WK Migas Konvensional yang Diminati',316,4),(319,'Persentase WK Migas Non-Konvensional Yang Diminati Terhadap Jumlah WK Migas Non-Konvensional yang Ditawarkan',306,3),(320,'Jumlah WK Migas Non-Konvensional Yang Siap Ditawarkan',319,4),(321,'Selisih realisasi dan kuota (bbl)',24,NULL);
/*!40000 ALTER TABLE `indeks` ENABLE KEYS */;
UNLOCK TABLES;

--
-- Table structure for table `indikator`
--

DROP TABLE IF EXISTS `indikator`;
/*!40101 SET @saved_cs_client     = @@character_set_client */;
/*!50503 SET character_set_client = utf8mb4 */;
CREATE TABLE `indikator` (
  `id` int NOT NULL AUTO_INCREMENT,
  `nama_indikator` text CHARACTER SET utf8mb3 COLLATE utf8mb3_general_ci,
  `satuan_id` int DEFAULT NULL,
  `level_id` int DEFAULT NULL,
  `parent_id` int DEFAULT NULL,
  `ordering` int DEFAULT NULL,
  `numbering` varchar(50) CHARACTER SET utf8mb3 COLLATE utf8mb3_general_ci DEFAULT NULL,
  PRIMARY KEY (`id`) USING BTREE,
  KEY `IXFK_indikator_level` (`level_id`) USING BTREE,
  KEY `IXFK_indikator_satuan` (`satuan_id`) USING BTREE,
  CONSTRAINT `FK_indikator_level` FOREIGN KEY (`level_id`) REFERENCES `level` (`id`) ON DELETE RESTRICT ON UPDATE RESTRICT,
  CONSTRAINT `FK_indikator_satuan` FOREIGN KEY (`satuan_id`) REFERENCES `satuan` (`id`) ON DELETE RESTRICT ON UPDATE RESTRICT
) ENGINE=InnoDB AUTO_INCREMENT=671 DEFAULT CHARSET=utf8mb3 ROW_FORMAT=DYNAMIC;
/*!40101 SET character_set_client = @saved_cs_client */;

--
-- Dumping data for table `indikator`
--

LOCK TABLES `indikator` WRITE;
/*!40000 ALTER TABLE `indikator` DISABLE KEYS */;
INSERT INTO `indikator` VALUES (1,'Indeks Ketersediaan Migas',2,1,0,1,'I'),(2,'Indeks Ketersediaan Hulu Migas',2,2,1,1,'1'),(3,'Produksi Minyak dan Gas Bumi',3,3,2,1,'a'),(4,'Produksi Minyak Bumi',4,4,3,1,'-'),(5,'Produksi Gas Bumi',3,4,3,2,'-'),(6,'Persentase Pemanfaatan Gas Bumi Domestik',1,3,2,2,'2'),(7,'Persentase Pemanfaatan Gas Bumi Melalui Pipa Domestik',1,3,6,1,'-'),(8,'Persentase Pemanfaatan LNG Domestik',1,4,6,2,'-'),(9,'Deviasi Kuantitas Ekspor Minyak Mentah dari kuantitas yang Direkomendasikan',1,3,2,2,'b'),(10,'Deviasi Kuantitas Ekspor Minyak Mentah dari kuantitas yang Direkomendasikan',1,4,9,1,'-'),(11,'Deviasi Kuantitas Ekspor LNG skema hulu dari kuantitas yang direkomendasikan',1,3,2,3,'c'),(12,'Deviasi Kuantitas Ekspor LNG skema hulu dari kuantitas yang direkomendasikan',1,4,11,1,'-'),(13,'Indeks Ketersediaan BBM',2,2,1,3,'3'),(14,'Produksi BBM dan Hasil Olahan',5,3,13,1,'a'),(15,'Produksi BBM dan Hasil Olahan',5,4,14,1,'-'),(16,'Deviasi Kuantitas Impor Minyak Mentah untuk Feedstock Kilang dari Kuantitas yang Direkomendasikan',1,3,13,2,'b'),(17,'Deviasi Kuantitas Realisasi Impor Minyak Mentah Hilir dari Kuantitas Rencana Kebutuhan dalam Neraca Komoditas',1,3,13,3,'c'),(18,'Usulan Rencana Kebutuhan Minyak Mentah Hilir',1,4,17,1,'-'),(19,'Deviasi Kuantitas Impor BBM dari Kuantitas yang Direkomendasikan',1,3,13,4,'d'),(20,'Deviasi Kuantitas Impor BBM dari Kuantitas yang Direkomendasikan',1,4,19,1,'-'),(21,'Deviasi Kuantitas Realisasi Impor BBM dari Kuantitas Rencana Kebutuhan dalam Neraca Komoditas',1,3,13,5,'e'),(22,'Usulan Rencana Kebutuhan BBM',1,4,21,1,'-'),(23,'Deviasi Kuantitas Ekspor BBM dari Kuantitas yang Direkomendasikan',1,3,13,5,'e'),(24,'Deviasi Kuantitas Ekspor BBM dari Kuantitas yang Direkomendasikan',1,4,23,1,'-'),(25,'Deviasi Kuantitas Realisasi Ekspor BBM dari Kuantitas Rencana Kebutuhan dalam Neraca Komoditas',1,3,13,6,'f'),(26,'Usulan Rencana Kebutuhan BBM',1,4,25,1,'-'),(27,'Deviasi Realisasi Pencampuran BBN Jenis Biodiesel terhadap Target Mandatory Pencampuran BBN jenis Biodiesel',1,3,13,7,'g'),(28,'Deviasi Realisasi Pencampuran BBN Jenis Biodiesel terhadap Target Mandatory Pencampuran BBN jenis Biodiesel',1,4,27,1,'-'),(29,'Rekomendasi Kebijakan Hilir Migas',1,3,13,8,'h'),(30,'Rekomendasi Kebijakan Hilir Gas Bumi',1,4,29,1,'-'),(31,'Rekomendasi Kebijakan Hilir Minyak Bumi',1,4,29,2,'-'),(32,'Persentase Kesesuaian Mutu BBM yang Beredar di dalam negeri terhadap spesifikasi yang ditetapkan',1,3,13,9,'i'),(33,'Persentase Kesesuaian Mutu BBM yang Beredar di dalam negeri terhadap spesifikasi yang ditetapkan',1,4,32,1,'-'),(34,'Indeks Ketersediaan LPG',2,2,1,4,'4'),(35,'Produksi LPG',6,3,34,1,'a'),(36,'Produksi LPG',6,4,35,1,'-'),(37,'Deviasi kuantitas Impor LPG dari kuantitas yang direkomendasikan',1,3,34,2,'b'),(38,'Deviasi kuantitas Impor LPG dari kuantitas yang direkomendasikan',1,4,37,1,'-'),(39,'Deviasi Kuantitas Impor LPG dari kuantitas Rencana Kebutuhan dalam Neraca Komoditas',1,3,34,3,'c'),(40,'Usulan Rencana Kebutuhan LPG',1,4,39,1,'-'),(41,'Deviasi kuantitas ekspor LPG dari kuantitas yang direkomendasikan',1,3,34,4,'d'),(42,'Deviasi kuantitas ekspor LPG dari kuantitas yang direkomendasikan',1,4,41,1,'-'),(43,'Deviasi Kuantitas Ekspor LPG dari kuantitas Rencana Kebutuhan dalam Neraca Komoditas',1,3,34,5,'e'),(44,'Usulan Rencana Kebutuhan LPG',1,4,43,1,'-'),(45,'Persentase Kesesuaian Mutu LPG, BBG, dan CNG yang Beredar di dalam negeri terhadap spesifikasi yang ditetapkan',1,3,34,6,'f'),(46,'Persentase Kesesuaian Mutu LPG, BBG, dan CNG yang Beredar di dalam negeri terhadap spesifikasi yang ditetapkan',1,4,45,1,'-'),(47,'Penyediaan Elpiji 3 kg bagi Masyarakat, Usaha Mikro, Nelayan, dan Petani Sasaran',7,2,1,5,'5'),(48,'Persentase Realisasi Volume LPG Bersubsidi terhadap Kuota Yang Ditetapkan',1,3,47,1,'a'),(49,'Persentase Realisasi Volume LPG Bersubsidi terhadap Kuota Yang Ditetapkan',1,4,48,1,'-'),(50,'Persentase Realisasi Usulan Penetapan Kuota LPG Bersubsidi yang Disetujui oleh Dirjen',1,3,47,2,'b'),(51,'Persentase Realisasi Usulan Penetapan Kuota LPG Bersubsidi yang Disetujui oleh Dirjen',1,4,50,1,'-'),(52,'Persentase Kelurahan/Desa yang Telah Tersedia Sub Penyalur LPG Bersubsidi',1,3,47,3,'c'),(53,'Persentase Kelurahan/Desa yang Telah Tersedia Sub Penyalur LPG Bersubsidi',1,4,52,1,'-'),(54,'Rekomendasi Pelaksanaan Kebijakan Subsidi LPG Tabung 3 Kg Tepat Sasaran',8,3,47,4,'d'),(55,'Rekomendasi Pelaksanaan Kebijakan Subsidi LPG Tabung 3 Kg Tepat Sasaran',8,4,54,1,'-'),(56,'Rekomendasi Kebijakan terkait Subsidi Bahan Bakar Migas',8,3,47,5,'e'),(57,'Rekomendasi Kebijakan terkait Subsidi Bahan Bakar Migas',8,4,56,1,'-'),(58,'Rekomendasi Badan Usaha yang Mendapat Penugasan Penyediaan dan Pendistribusian LPG Bersubsidi',9,3,47,6,'f'),(59,'Rekomendasi Badan Usaha yang Mendapat Penugasan Penyediaan dan Pendistribusian LPG Bersubsidi',9,4,58,1,'-'),(60,'Indeks Ketersediaan LNG',2,2,1,6,'6'),(61,'Produksi LNG',6,3,60,1,'a'),(62,'Produksi LNG',6,4,61,1,'-'),(63,'Deviasi Kuantitas Ekspor Hasil Pengolahan yang Direkomendasikan',1,3,60,2,'b'),(64,'Deviasi Kuantitas Ekspor Hasil Pengolahan yang Direkomendasikan',1,4,63,1,'-'),(65,'Deviasi Kuantitas Ekspor LNG Skema Hilir (Trading) dari Kuantitas yang Direkomendasikan',1,3,60,3,'c'),(66,'Deviasi Kuantitas Ekspor LNG Skema Hilir (Trading) dari Kuantitas yang Direkomendasikan',1,4,65,1,'-'),(67,'Deviasi Kuantitas Ekspor LNG Hilir dari Kuantitas Rencana Kebutuhan dalam Neraca Komoditas',1,3,60,4,'d'),(68,'Usulan Rencana Kebutuhan LNG Hilir',1,4,67,1,'-'),(69,'Deviasi Kuantitas Impor LNG dari Kuantitas Rencana Kebutuhan dalam Neraca Komoditas',1,3,60,5,'e'),(70,'Usulan Rencana Kebutuhan LNG Hilir',1,4,69,1,'-'),(71,'Reserve to Production Ratio Minyak Bumi',10,2,1,7,'7'),(73,'Deviasi Kuantitas Impor Minyak Mentah untuk Feedstock Kilang dari Kuantitas yang Direkomendasikan',1,4,16,1,'-'),(74,'Reserve to Production Ratio Gas Bumi',10,2,1,8,'8'),(75,'Reserve to Production Ratio Minyak Bumi',10,3,1,2,'a'),(76,'Reserve to Production Ratio Gas Bumi',10,3,1,2,'6'),(77,'Persentase WK Migas Konvensional yang diminati terhadap Jumlah WK Migas Konvensional yang ditawarkan',1,3,74,2,'a'),(78,'Jumlah WK Migas Konvensional yang Siap Ditawarkan',11,4,77,1,'-'),(79,'Jumlah WK Migas Konvensional yang Diminati',11,4,74,2,'-'),(80,'Persentase WK Migas Non-Konvensional Yang Diminati Terhadap Jumlah WK Migas Non-Konvensional yang Ditawarkan',1,3,74,2,'b'),(81,'Jumlah WK Migas Non-Konvensional Yang Siap Ditawarkan',11,4,80,1,'-'),(82,'Jumlah WK Migas Non-Konvensional Yang Diminati',11,4,80,2,'-'),(84,'Nilai Sistem Akuntabilitas Kinerja Pemerintah (SAKIP) Ditjen Migas',24,1,0,10,'X'),(85,'Nilai Sistem Akuntabilitas Kinerja Pemerintah (SAKIP) Ditjen Migas',24,2,84,2,'1'),(86,'Nilai Sistem Akuntabilitas Kinerja Pemerintah (SAKIP) Ditjen Migas',24,3,85,3,'a'),(87,'Nilai Komponen Perencanaan Kinerja pada SAKIP',24,4,86,4,'-'),(88,'Nilai Komponen Pengukuran Kinerja pada SAKIP',24,4,86,4,'-'),(89,'Nilai Komponen Pelaporan Kinerja pada SAKIP',24,4,86,4,'-'),(90,'Nilai Komponen Evaluasi Akuntabilitas Kinerja Internal pada SAKIP',24,4,86,4,'-'),(92,'Nilai Evaluasi Kelembagaan Ditjen Migas',24,1,0,13,'XIII'),(93,'Nilai Evaluasi Kelembagaan',24,2,92,1,'1'),(94,'Nilai Evaluasi Kelembagaan',24,3,93,1,'a'),(95,'Nilai Evaluasi Kelembagaan',24,4,94,1,'-'),(96,'Indeks Kepuasan Layanan Subsektor Migas',2,1,0,7,'VII'),(97,'Indeks Kepuasan Layanan Hulu Migas',25,2,96,1,'1'),(98,'Indeks Aksesibilitas Migas',2,1,1,3,'III'),(99,'Penyediaan Paket Konversi Minyak Tanah ke LPG Tabung 3 Kg',26,2,98,1,'1'),(100,'Penyediaan Konverter Kit BBM ke Bahan Bakar Gas untuk Nelayan',26,2,98,2,'2'),(101,'Penyediaan Konverter Kit BBM ke Bahan Bakar Gas untuk Petani',26,2,98,3,'3'),(102,'Infrastruktur Jaringan Gas Bumi untuk Rumah Tangga (APBN)',27,2,98,4,'4'),(103,'Infrastruktur Jaringan Gas Bumi untuk Rumah Tangga (KPBU)',27,2,98,4,'4'),(104,'Studi Pendahuluan Pembangunan Jaringan Gas Bumi untuk Rumah Tangga melalui Skema KPBU',28,2,98,5,'5'),(105,'Indeks Fasilitas Niaga Migas',2,2,98,6,'6'),(106,'Indeks Fasilitas Pengangkutan Migas',2,2,98,7,'7'),(107,'Indeks Fasilitas Pengolahan Migas',2,2,98,8,'8'),(108,'Fasilitasi Peningkatan Infrastruktur Kilang Minyak Bumi (Tahapan)',29,2,98,9,'9'),(109,'Indeks Fasilitas Penyimpanan Migas',2,2,98,10,'10'),(110,'Persentase Tingkat Komponen Dalam Negeri (TKDN) pada Kegiatan Usaha Hulu Migas',1,1,0,4,'IV'),(111,'Persentase Tingkat Komponen Dalam Negeri (TKDN) pada Kegiatan Usaha Hulu Migas',1,2,110,1,'1'),(112,'Persentase Realisasi Investasi Sub Sektor Migas',1,1,0,5,'V'),(113,'Persentase Realisasi Investasi subsektor Migas',1,2,114,1,'1'),(114,'Persentase Realisasi PNBP Subsektor Migas dan PNBP BLU Pengujian   Migas',1,1,0,6,'VI'),(115,'Persentase Realisasi Penerimaan Negara Migas',1,2,114,1,'1'),(116,'Realisasi Penerimaan Negara Bukan Pajak-BLU',30,2,114,2,'2'),(117,'Indeks Kepuasan Layanan Hilir Migas',25,2,96,2,'2'),(118,'Indeks Kepuasan Layanan Keselamatan Migas',25,2,96,3,'3'),(119,'Indeks Kepuasan Layanan Program Migas',25,2,96,4,'4'),(120,'Indeks Kepuasan Layanan Informasi Migas',25,2,96,5,'5'),(121,'Indeks Kepuasan Pengguna Layanan Jasa dan Pengujian',2,2,96,6,'6'),(122,'Jumlah Kompetensi Laboratorium Pengujian yang Terakreditasi',31,2,96,7,'7'),(123,'Indeks Efektivitas Pembinaan dan Pengawasan Subsektor Migas',2,1,0,8,'VIII'),(124,'Indeks Efektivitas Pembinaan dan Pengawasan Hulu Migas',32,2,123,1,'1'),(125,'Indeks Efektivitas Pembinaan dan Pengawasan Hilir Migas',32,2,0,2,'2'),(126,'Indeks Efektivitas Pembinaan dan Pengawasan Direktorat Teknik dan Lingkungan Migas',32,2,123,3,'3'),(127,'Indeks Efektivitas Pembinaan dan Pengawasan Program Migas',32,2,123,4,'4'),(128,'Jumlah Hari Cadangan BBM Operasional',21,2,1,9,'9'),(129,'Jumlah Hari Cadangan LPG Operasional',34,2,1,10,'10'),(130,'Persentase Rekomendasi kebijakan dan Dokumen Perencanaan yang Diterima Oleh Stakeholder',1,2,1,11,'11'),(131,'Akurasi Formulasi Harga Migas terhadap Harga yang Ditetapkan',1,1,0,2,'II'),(132,'Deviasi Penetapan Harga Minyak Mentah Indonesia (ICP)',1,2,131,1,'1'),(133,'Deviasi Harga Gas Skema Hulu (Gas Pipa,LNG, LPG dan Gas Suar)',1,2,131,2,'2'),(134,'Deviasi Harga Jual Eceran BBM dan LPG',1,2,131,3,'3'),(135,'Deviasi Harga Gas Hilir',1,2,131,4,'4'),(136,'Tingkat Maturitas SPIP Ditjen Migas',33,1,0,9,'IX'),(137,'Tingkat Maturitas SPIP Ditjen Migas',33,2,136,1,'1'),(138,'Indeks Keselamatan Migas',2,1,0,11,'XI'),(139,'Indeks Keselamatan Migas',2,2,138,1,'1'),(140,'Indeks Reformasi Birokrasi Ditjen Migas',2,1,0,12,'XII'),(141,'Indeks Reformasi Birokrasi',2,2,140,1,'1'),(142,'Tingkat Kepuasan Pelayanan Internal Ditjen Migas',1,2,140,2,'2'),(143,'Tingkat Kepuasan Pelayanan Internal LEMIGAS',1,2,140,3,'3'),(144,'Indeks Profesionalitas ASN Ditjen Migas',2,1,0,14,'XIV'),(145,'Indeks Profesionalitas ASN',2,2,144,1,'1'),(146,'Persentase Pegawai Direktorat Pembinaan Progam Migas yang Bebas Hukuman Disiplin',1,2,144,2,'2'),(147,'Persentase Pegawai Direktorat Pembinaan Progam Migas yang Mencapai/ Melebihi Target Kinerja',1,2,144,3,'3'),(148,'Persentase Pegawai Direktorat Pembinaan Usaha Hulu Migas yang Bebas Hukuman Disiplin',1,2,144,4,'4'),(149,'Persentase Pegawai Direktorat Pembinaan Usaha Hulu Migas yang Mencapai/ Melebihi Target Kinerja',1,2,144,5,'5'),(150,'Persentase Pegawai Direktorat Pembinaan Usaha Hilir Migas yang Bebas Hukuman Disiplin',1,2,144,6,'6'),(151,'Persentase Pegawai Direktorat Pembinaan Usaha Hilir Migas yang Mencapai/ Melebihi Target Kinerja',1,2,144,7,'7'),(152,'Persentase Pegawai Direktorat Teknik dan Lingkungan Migas yang Bebas Hukuman Disiplin',1,2,144,8,'8'),(153,'Persentase Pegawai Direktorat Teknik dan Lingkungan Migas yang Mencapai/ Melebihi Target Kinerja',1,2,144,9,'9'),(154,'Persentase Pegawai Direktorat Perencanaan dan Pembangunan Infrastruktur Migas yang Bebas Hukuman Disiplin',1,2,144,10,'10'),(155,'Persentase Pegawai Direktorat Perencanaan dan Pembangunan Infrastruktur Migas yang Mencapai/ Melebihi Target Kinerja',1,2,144,11,'11'),(156,'Persentase Pegawai Sekretariat Direktorat Jenderal Migas yang Bebas Hukuman Disiplin',1,2,144,12,'12'),(157,'Persentase Pegawai Sekretariat Direktorat Jenderal Migas yang Mencapai/ Melebihi Target Kinerja',1,2,144,13,'13'),(158,'Persentase pegawai LEMIGAS yang Tidak Dijatuhi Hukuman Disiplin',1,2,144,14,'14'),(159,'Persentase Pegawai LEMIGAS yang Telah Mencapai Target Kinerja',1,2,144,15,'15'),(160,'Nilai Indikator Kinerja Pelaksanaan Anggaran (IKPA) Ditjen Migas',32,1,0,15,'XV'),(161,'Persentase Realisasi Anggaran Direktorat Pembinaan Program Migas',1,2,160,1,'1'),(162,'Persentase Realisasi Anggaran Direktorat Pembinaan Usaha Hulu Migas',1,2,160,2,'2'),(163,'Persentase Realisasi Anggaran Direktorat Pembinaan Usaha Hilir Migas',1,2,160,3,'3'),(164,'Persentase Realisasi Anggaran Direktorat Teknik dan Lingkungan Migas',1,2,160,4,'4'),(165,'Persentase Realisasi Anggaran Direktorat Perencanaan dan Pembangunan Infrastruktur Migas',1,2,160,5,'5'),(166,'Persentase Realisasi Anggaran Sekretariat Direktorat Jenderal Migas',1,2,160,6,'6'),(167,'Persentase Realisasi Anggaran - RM LEMIGAS',1,2,160,7,'7'),(168,'Rasio Pendapatan Layanan terhadap Biaya Operasional (POBO)',1,2,160,8,'8'),(169,'Jumlah Usulan Rekomendasi Teknis Bidang Minyak dan Gas',22,2,1,12,'12'),(170,'Nilai Indikator Kinerja Pelaksanaan Anggaran',1,2,160,9,'9'),(171,'Nilai Indikator Kinerja Pelaksanaan Anggaran',32,3,170,1,'a'),(172,'Persentase Temuan Itjen Material terkait Penyajian Laporan Keuangan Ditjen Migas yang Terjadi Berulang',1,4,171,1,'-'),(173,'Persentase Tindak Lanjut Hasil Pemeriksaan BPK RI',1,4,171,2,'-'),(174,'Persentase Realisasi Tagihan Ditjen Migas yang Diselesaikan Tepat Waktu (SPM)',1,4,171,3,'-'),(175,'sdmksd',1,3,170,2,'b'),(176,'Persentase Pencatatan Barang Milik Negara (BMN) Ditjen Migas',1,4,175,1,'-'),(177,'Rasio Pendapatan Layanan terhadap Biaya Operasional (POBO)',1,3,168,1,'a'),(178,'Rasio Pendapatan Layanan terhadap Biaya Operasional (POBO)',1,4,177,1,'-'),(179,'Persentase Realisasi Anggaran DMIR',1,3,165,1,'a'),(180,'Persentase Realisasi Anggaran DMIB',1,3,165,2,'b'),(181,'Persentase Realisasi Anggaran DMIA',1,3,165,3,'c'),(182,'Persentase Realisasi Anggaran SDML',1,3,166,1,'a'),(183,'Persentase Realisasi Anggaran SDMK',1,3,166,2,'b'),(184,'Persentase Realisasi Anggaran SDMH',1,3,166,3,'c'),(185,'Persentase Realisasi Anggaran SDMU',1,3,166,4,'d'),(186,'Persentase Realisasi Anggaran Bagian Umum',1,3,167,1,'a'),(187,'Presentase Realisasi Anggaran Bagian PSL',1,3,167,2,'b'),(188,'Persentase Realisasi Anggaran DMTE',1,3,164,1,'a'),(189,'Persentase Realisasi Anggaran DMTO',1,3,164,2,'b'),(190,'Persentase Realisasi Anggaran DMTS',1,3,164,3,'c'),(191,'Persentase Realisasi Anggaran DMTL',1,3,164,4,'d'),(192,'Persentase Realisasi Anggaran DMTP',1,3,164,5,'e'),(193,'Persentase Realisasi Anggaran DMOT',1,3,163,1,'a'),(194,'Persentase Realisasi Anggaran DMOS',1,3,163,2,'b'),(195,'Persentase Realisasi Anggaran DMOM',1,3,163,3,'c'),(196,'Persentase Realisasi Anggaran DMOG',1,3,163,4,'d`'),(197,'Persentase Realisasi Anggaran DMOH',1,3,163,5,'e'),(198,'Usulan Rencana Kebutuhan Impor LPG',1,4,0,1,'-'),(199,'Usulan Rencana Kebutuhan Impor LPG',1,4,0,1,'-'),(200,'Persentase Usulan Penetapan Kuota Nasional LPG Bersubsidi yang disetujui oleh Dirjen',1,3,47,2,'b'),(201,'Persentase Usulan Penetapan Kuota Nasional LPG Bersubsidi yang disetujui oleh Dirjen',1,4,200,1,'-'),(202,'Persentase Kelurahan/Desa yang telah tersedia Sub Penyalur LPG Bersubsidi di Wilayah yang Telah Terkonversi LPG 3 kg',1,3,47,3,'c'),(203,'Jumlah Kelurahan/Desa yang telah tersedia Sub Penyalur LPG Bersubsidi di Wilayah yang Telah Terkonversi LPG 3 kg',35,4,202,1,'-'),(204,'Rekomendasi Kebijakan Pelaksanaan Penugasan Penyediaan dan Pendistribusian LPG Bersubsidi',8,3,47,4,'d'),(206,'Rekomendasi Kebijakan Pelaksanaan Penugasan Penyediaan dan Pendistribusian LPG Bersubsidi',8,4,204,1,'-'),(207,'Jumlah Evaluasi Studi Potensi Migas Non Konvensional',36,3,74,3,'c'),(208,'Jumlah Evaluasi Studi Potensi Migas Non Konvensional',12,4,207,1,'-'),(209,'Jumlah Rekomendasi Perubahan Bentuk dan ketentuan Kontrak Kerja Sama / Kontrak Kerja Sama baru Pengusahaan Migas Non Konvensional',13,3,74,4,'d'),(210,'Jumlah Rekomendasi Perubahan Bentuk dan ketentuan Kontrak Kerja Sama / Kontrak Kerja Sama baru Pengusahaan Migas Non Konvensional',13,4,209,1,'-'),(211,'Jumlah Area Inventarisasi Data Migas Non Konvensional Indonesia',14,3,74,5,'e'),(212,'Jumlah Area Inventarisasi Data Migas Non Konvensional Indonesia',14,4,211,1,'-'),(213,'Jumlah Sumber Daya Migas Pada Masa Eksplorasi',15,3,74,6,'f'),(214,'Fasilitasi Kegiatan Seismik 2D',16,4,213,1,'-'),(215,'Fasilitasi Kegiatan Seismik 3D',17,4,213,2,'-'),(216,'Fasilitasi Kegiatan Pemboran Sumur Eksplorasi',18,4,213,3,'-'),(217,'Persentase Aktivitas Eksplorasi yang terlaksana terhadap Rencana Eksplorasi Tahun Berjalan',1,4,213,4,'-'),(218,'Jumlah Rekomendasi POD I yang disetujui oleh Dirjen',13,3,74,7,'g'),(219,'Jumlah Rekomendasi POD I yang disetujui oleh Dirjen',13,4,218,1,'-'),(220,'Jumlah Evaluasi Persetujuan Pengalihan Participating Interest 10%',12,3,74,8,'h'),(221,'Jumlah Evaluasi Persetujuan Pengalihan Participating Interest 10%',12,4,220,1,'-'),(222,'Jumlah WK yang kontraknya diperpanjang/alih kelola',11,3,74,9,'i'),(223,'Jumlah WK yang kontraknya diperpanjang/alih kelola',11,4,222,1,'-'),(224,'Jumlah Cadangan Minyak Bumi',19,3,74,10,'j'),(225,'Cadangan Minyak Bumi',19,4,224,1,'-'),(226,'Jumlah Cadangan Gas Bumi',20,3,74,11,'k'),(227,'Cadangan Gas Bumi',20,4,226,1,'-'),(228,'Jumlah Hari Cadangan Operasional BBM',34,3,128,1,'a'),(229,'Jumlah Hari Cadangan Operasional BBM',34,4,228,1,'-'),(230,'Jumlah Hari Cadangan Operasional LPG',34,3,129,1,'a'),(231,'Jumlah Hari Cadangan Operasional LPG',34,4,230,1,'-'),(232,'Jumlah Rekomendasi Kebijakan untuk Mendukung Tata Kelola Migas',13,3,130,1,'a'),(233,'Jumlah Rekomendasi Kebijakan untuk Mendukung Tata Kelola Migas',13,4,232,1,'-'),(234,'Jumlah Dokumen Perencanaan Sektor Kemigasan',37,3,130,2,'b'),(235,'Jumlah Dokumen Perencanaan Pengembangan Migas',37,4,234,1,'-'),(236,'Jumlah Dokumen Perencanaan Pemanfaatan Migas',37,4,234,2,'-'),(237,'Usulan rekomendasi teknis eksplorasi migas',22,3,169,1,'a'),(238,'Usulan data teknis sedimentologi',23,4,237,1,'-'),(239,'Usulan data teknis Geologi dan Geofisika',23,4,237,2,'-'),(240,'Usulan data teknis Stratigrafi',23,4,237,3,'-'),(241,'Usulan data teknis Geokimia',23,4,237,4,'-'),(242,'Usulan rekomendasi teknis eksploitasi migas',22,3,169,2,'b'),(243,'Usulan data teknis Pemboran dan Produksi',23,4,242,1,'-'),(244,'Usulan data teknis Evaluasi Formasi',23,4,242,2,'-'),(245,'sulan data teknis Reservoir',23,4,242,3,'-'),(246,'Usulan Data Teknis Peningkatan Pengurasan',23,4,242,4,'-'),(247,'Usulan Rekomendasi Teknis Proses Migas',22,3,169,3,'c'),(248,'Usulan data teknis Separasi',23,4,247,1,'-'),(249,'Usulan data teknis Enjinering, Lingkungan, Bioteknologi',23,4,247,2,'-'),(250,'Usulan data teknis Kimia Analitik',23,4,247,3,'-'),(251,'Usulan rekomendasi teknis aplikasi produk migas',22,3,169,4,'d'),(252,'Usulan data teknis Bahan Bakar dan Aviasi',23,4,251,1,'-'),(253,'Usulan Data Teknis Pelumas',23,4,251,2,'-'),(254,'Usulan data teknis Enjinering dan Implementasi Produk',23,4,251,3,'-'),(255,'Usulan Rekomendasi Teknis Teknologi Gas',22,3,169,5,'e'),(256,'Usulan data teknis Pemurnian dan Analisis Gas',23,4,255,1,'-'),(257,'Usulan Data Teknis Infrastruktur dan Pemanfaatan Gas',23,4,255,2,'-'),(258,'Usulan Rekomendasi Teknis Teknologi Tekno Ekonomi',22,3,169,6,'f'),(259,'Persentase Realisasi Usulan Penetapan Harga Minyak Mentah Indonesia (ICP) yang disetujui oleh Dirjen',1,3,132,1,'a'),(260,'Jumlah Usulan Penetapan ICP',38,4,259,1,'-'),(261,'Persentase Realisasi Usulan Penetapan Harga Gas Skema Hulu yang Disetujui oleh Dirjen (Gas Pipa,LNG, LPG dan Gas Suar)',1,3,133,1,'a'),(262,'Persentase Usulan Penetapan Harga Gas Hulu Melalui Pipa yang Disetujui oleh Dirjen',1,4,261,1,'-'),(263,'Persentase Usulan Penetapan Harga LNG Skema Hulu yang Disetujui oleh Dirjen',1,4,261,2,'-'),(264,'Persentase Rekomendasi Formulasi Harga Gas Kilang LPG dan Kilang Minyak yang Disetujui oleh Dirjen',1,4,261,3,'-'),(265,'Persentase Usulan Penetapan Harga Gas Suar Bakar yang Disetujui oleh Dirjen',1,4,261,4,'-'),(266,'Persentase Realisasi Usulan Penetapan Harga Jual Eceran BBM dan LPG yang Disetujui oleh Dirjen',1,3,134,1,'a'),(267,'Persentase Realisasi Usulan Penetapan Harga Jual Eceran BBM yang Disetujui oleh Dirjen',1,4,266,1,'-'),(268,'Persentase Realisasi Usulan Penetapan Harga Patokan LPG yang Disetujui oleh Dirjen',1,4,266,2,'-'),(269,'Persentase Realisasi Usulan Harga Dasar BBM yang Disetujui oleh Dirjen',1,4,266,3,'-'),(270,'Persentase Realisasi Usulan Harga Indeks Pasar BBM yang Disetujui oleh Dirjen',1,4,266,4,'-'),(271,'Persentase Realisasi Usulan Harga Indeks Pasar LPG yang Disetujui oleh Dirjen',1,4,266,5,'-'),(272,'Rekomendasi Kebijakan terkait Harga BBM dan LPG',8,3,134,1,'a'),(273,'Rekomendasi Kebijakan terkait Harga BBM',8,4,272,1,'-'),(274,'Rekomendasi Kebijakan terkait Harga Jual LPG',8,4,272,2,'-'),(275,'Persentase Realisasi Usulan Penetapan Harga Gas Hilir yang Disetujui oleh Dirjen',1,3,135,1,'a'),(276,'Persentase Realisasi Usulan Penetapan Harga Gas Hilir (Gas Pipa) yang disetujui oleh Dirjen',1,4,275,1,'-'),(277,'Persentase Realisasi Usulan Penetapan Harga Jual Gas Bumi Hilir dan BBG Persentase Realisasi Usulan Penetpan Harga Jual Gas Bumi Hilir dan BBG yang Disetujui oleh Dirjen',1,3,135,2,'b'),(278,'Persentase Realisasi Usulan Penetapan Harga Jual Gas Bumi Hilir dan BBG yang Disetujui oleh Dirjen',1,4,277,1,'-'),(279,'Rekomendasi Kebijakan terkait Harga Jual Gas Bumi Hilir dan BBG',8,3,135,3,'C'),(280,'Rekomendasi Kebijakan terkait Harga Jual Gas Bumi Hilir dan BBG',8,4,279,1,'-'),(281,'Persentase Kesesuaian Perencanaan Konversi Mitan ke LPG 3 kg terhadap Roadmap Konversi Minyak Tanah ke LPG',1,3,99,1,'a'),(282,'Persentase Realisasi Jumlah dan Kesesuaian Wilayah Penerima Paket Konversi Mitan ke LPG 3 KG',1,3,99,2,'b'),(283,'Persentase Realisasi Jumlah dan Kesesuaian Wilayah Penerima Paket Konversi Mitan ke LPG 3 KG',1,4,282,1,'-'),(284,'Persentase Kesesuaian Perencanaan Jumlah dan Kesesuaian Wilayah Penerima Konkit BBM ke BBG terhadap Roadmap untuk Nelayan',1,3,100,1,'a'),(285,'Persentase Kesesuaian Perencanaan Jumlah dan Kesesuaian Wilayah Penerima Paket Konkit untuk Nelayan terhadap Roadmap untuk Nelayan',1,4,0,1,'-'),(286,'Persentase Realisasi Jumlah dan Kesesuaian Wilayah Penerima Konverter Kit BBM ke BBG terhadap Roadmap untuk Nelayan',1,3,100,2,'b'),(287,'Persentase Realisasi Jumlah dan Kesesuaian Wilayah Penerima Konverter Kit BBM ke BBG terhadap Roadmap untuk Nelayan',1,4,286,1,'-'),(288,'Persentase Kesesuaian Dokumen FEED/DEDC, UKL/UPL terhadap Roadmap Jargas',1,3,101,1,'a'),(289,'Persentase Kesesuaian Perencanaan Jumlah dan Kesesuaian Wilayah Penerima Paket Konkit BBM ke BBG terhadap Roadmap untuk Petani',1,3,101,1,'a'),(290,'Persentase Kesesuaian Perencanaan Jumlah dan Kesesuaian Wilayah Penerima Paket Konkit untuk Petani terhadap Roadmap untuk Petani',1,4,289,1,'-'),(291,'Persentase Kesesuaian Dokumen FEED/DEDC, UKL/UPL terhadap Roadmap Jargas',1,4,288,1,'-'),(292,'Persentase Realisasi Jumlah dan Kesesuaian Wilayah Penerima Konverter Kit BBM ke BBG terhadap Roadmap untuk Petani',1,3,101,2,'b'),(293,'Persentase Realisasi Jumlah dan Kesesuaian Wilayah Penerima Konverter Kit BBM ke BBG terhadap Roadmap untuk Petani',1,4,292,1,'-'),(294,'Persentase Pengadaan Jaringan Gas yang Berhasil terhadap Total Pengadaan Jaringan Gas yang Dilakukan',1,3,102,2,'b'),(295,'Persentase Pengadaan Jaringan Gas yang Berhasil terhadap Total Pengadaan Jaringan Gas yang Dilakukan',1,4,294,1,'-'),(296,'Persentase Kesesuaian Jumlah dan Kualitas Jaringan Gas yang Dibangun terhadap Dokumen Pelengkap Pembangunan',1,3,102,3,'c'),(297,'Jumlah Dokumen Kontrak, S-Curve dan Laporan Pengawasan',37,4,296,1,'-'),(298,'Persentase Utilisasi Jargas Rumah Tangga pada Tahun Berjalan',1,3,102,4,'d'),(299,'Persentase Utilisasi Jargas Rumah Tangga pada Tahun Berjalan',1,4,298,1,'-'),(300,'Persentase Realisasi Pembangunan Jargas Rumah Tangga terhadap Dokumen Pengadaan (Kontrak)',1,3,102,5,'e'),(301,'Jumlah Jaringan Gas yang Terbangun dan Siap Beroperasi berdasarkan BAST (APBN)',27,4,300,1,'-'),(302,'Fasilitasi Pembangunan Jargas Rumah Tangga menggunakan skema non-APBN',39,4,300,2,'-'),(303,'Studi Pendahuluan Pembangunan Jaringan Gas Bumi untuk Rumah Tangga melalui Skema KPBU',28,3,104,1,'a'),(304,'Studi Pendahuluan Pembangunan Jaringan Gas Bumi untuk Rumah Tangga melalui Skema KPBU',28,4,303,1,'-'),(305,'Kapasitas Fasilitas Penyimpanan Niaga LPG',40,3,105,1,'a'),(306,'Kapasitas Fasilitas Penyimpanan Niaga LPG',40,4,305,1,'-'),(307,'Kapasitas Fasilitas Filling Station Niaga LPG',41,3,105,2,'b'),(308,'Kapasitas Fasilitas Filling Station Niaga LPG',41,4,307,1,'-'),(309,'Kapasitas Fasilitas Filling Station Niaga LNG',42,3,105,3,'c'),(310,'Kapasitas Fasilitas Filling Station Niaga LNG',42,3,105,3,'c'),(311,'Kapasitas Fasilitas Filling Station Niaga LNG',42,3,105,3,'c'),(312,'Kapasitas Fasilitas Filling Station Niaga LNG',42,4,311,1,'-'),(313,'Kapasitas Fasilitas Mother Station Niaga CNG',42,3,105,4,'d'),(314,'Kapasitas Fasilitas Mother Station Niaga CNG',42,4,313,1,'-'),(315,'Kapasitas Fasilitas Niaga Gas Bumi',16,3,105,5,'e'),(316,'Kapasitas Fasilitas Niaga Minyak Bumi, BBM dan Hasil Olahan',43,3,105,6,'f'),(317,'Kapasitas Fasilitas Pengangkutan Minyak Bumi, BBM dan Hasil Olahan',43,3,106,1,'a'),(318,'Kapasitas Fasilitas Pengangkutan Minyak Bumi, BBM dan Hasil Olahan',43,4,317,1,'-'),(319,'Kapasitas Fasilitas Pengangkutan LPG',44,3,106,2,'b'),(320,'Kapasitas Fasilitas Pengangkutan LPG',44,4,319,1,'-'),(321,'Kapasitas Fasilitas Pengangkutan LNG',46,3,106,3,'c'),(322,'Kapasitas Fasilitas Pengangkutan LNG',45,4,321,1,'-'),(323,'Kapasitas Fasilitas Pengangkutan CNG',45,3,106,4,'d'),(324,'Kapasitas Fasilitas Pengangkutan CNG',45,4,323,1,'-'),(325,'Kapasitas Fasilitas Pengangkutan Gas Bumi melalui Pipa',42,3,106,5,'e'),(326,'Kapasitas Fasilitas Pengangkutan Gas Bumi melalui Pipa',42,4,325,1,'-'),(327,'Kapasitas Terpasang Kilang BBM',46,3,107,1,'a'),(328,'Kapasitas Terpasang Kilang BBM',46,4,327,1,'-'),(329,'Kapasitas Terpasang Kilang LNG',47,3,107,2,'b'),(330,'Kapasitas Terpasang Kilang LNG',47,4,329,1,'-'),(331,'Kapasitas Terpasang Kilang LPG',47,3,107,3,'c'),(332,'Kapasitas Terpasang Kilang LPG',47,4,331,1,'-'),(333,'Fasilitasi Peningkatan Infrastruktur Kilang Minyak Bumi',48,3,108,1,'a'),(334,'Fasilitasi Peningkatan Infrastruktur Kilang Minyak Bumi',48,4,333,1,'-'),(335,'Persentase Realisasi Anggaran DMBD',1,3,161,1,'a'),(336,'Persentase Realisasi Anggaran DMBP',1,3,161,2,'b'),(337,'Persentase Realisasi Anggaran DMBI',1,3,161,4,'d'),(338,'Persentase Realisasi Anggaran DMBS',1,3,161,3,'C'),(339,'Persentase Realisasi Anggaran DMBK',1,3,161,5,'e'),(340,'Persentase Realisasi Anggaran DMEW',1,3,162,1,'a'),(341,'Persentase Realisasi Anggaran DMEP',1,3,162,2,'b'),(342,'Persentase Realisasi Anggaran DMEE',1,3,162,3,'c'),(343,'Persentase Realisasi Anggaran DMEN',1,3,162,4,'d'),(344,'Persentase Realisasi Anggaran DMED',1,3,162,5,'e'),(345,'Kapasitas Fasilitas Penyimpanan Minyak Bumi, BBM dan Hasil Olahan',43,3,109,1,'a'),(346,'Kapasitas Fasilitas Penyimpanan Minyak Bumi, BBM dan Hasil Olahan',43,4,345,1,'-'),(347,'Kapasitas Fasilitas Penyimpanan LNG',45,3,109,2,'b'),(348,'Kapasitas Fasilitas Penyimpanan LNG',45,4,347,1,'-'),(349,'Kapasitas Fasilitas Penyimpanan LPG',40,3,109,3,'c'),(350,'Kapasitas Fasilitas Penyimpanan LPG',40,4,349,1,'-'),(351,'Kapasitas Fasilitas Penyimpanan CNG',45,3,109,4,'d'),(352,'Kapasitas Fasilitas Penyimpanan CNG',45,4,351,1,'-'),(353,'Persentase Persetujuan Pengendalian Rencana Impor Barang Operasi pada Kegiatan Usaha Hulu Migas',1,3,111,1,'a'),(354,'Persentase Persetujuan Pengendalian Rencana Impor Barang Operasi pada Kegiatan Usaha Hulu Migas',1,4,353,1,'-'),(355,'Persentase Rekomendasi Penggunaan Produk Dalam Negeri pada Kegiatan Usaha Hulu Migas',1,3,111,2,'b'),(356,'Persentase Rekomendasi Penggunaan Produk Dalam Negeri pada Kegiatan Usaha Hulu Migas',1,4,355,1,'-'),(357,'Jumlah perusahaan yang mampu memenuhi standar (bintang 3) kebutuhan barang operasi hulu migas',49,3,111,3,'c'),(358,'Jumlah perusahaan yang mampu memenuhi standar (bintang 3) kebutuhan barang operasi hulu migas',49,4,357,1,'-'),(359,'Persentase BU Penunjang Jasa Migas yang telah diaudit dan memenuhi standar kemampuan migas terhadap jumlah perusahaan yang diaudit',1,3,111,4,'d'),(360,'Jumlah perusahaan yang mampu memenuhi standar (bintang 3) kebutuhan jasa penunjang migas',49,4,359,1,'-'),(361,'Tingkat Kepuasan Badan Usaha Migas terhadap Pelayanan Standar Kemampuan Usaha Migas',50,4,359,2,'-'),(362,'Jumlah Penandasahan Hasil Verifikasi TKDN pada Kontrak Pengadaan KKKS',51,3,111,5,'e'),(363,'Jumlah Penandasahan Hasil Verifikasi TKDN pada Kontrak Pengadaan KKKS',51,4,362,1,'-'),(364,'Persentase Realisasi Investasi subsektor Migas',1,3,113,1,'a'),(365,'Persentase Realisasi Investasi Subsektor Hulu Migas',1,4,364,1,'-'),(366,'Persentase Realisasi Investasi Subsektor Hilir Migas',1,4,364,1,'-'),(367,'Jumlah Kerjasama Dalam Negeri, Bilateral, Multilateral, Regional dan Perdagangan Internasional Migas',52,3,115,2,'b'),(368,'Jumlah Tindak Lanjut  Kesepahaman/Perjanjian Kerjasama Multilateral, Regional, dan Perdagangan Internasional terkait Pengelolaan Migas',52,4,367,1,'-'),(369,'Jumlah Tindak Lanjut Kesepahaman/Perjanjian Kerjasama Bilateral dan Dalam Negeri terkait Pengelolaan Migas',52,4,367,1,'-'),(370,'Jumlah Program Pengembangan Lingkungan dan Masyarakat yang Di Implementasikan',28,4,367,3,'-'),(371,'Persentase Realisasi PNBP Migas',1,3,115,1,'a'),(372,'Persentase Realisasi PNBP Fungsional Ditjen Migas',1,4,371,1,'-'),(373,'Persentase Realisasi PNBP SDA Migas',1,4,371,2,'-'),(374,'Persentase Realisasi PNBP SDA Migas',1,4,371,2,'-'),(375,'Persentase Realisasi Penerimaan Negara Migas',1,3,115,2,'b'),(376,'Persentase Realisasi Lifting Migas',1,4,375,1,'-'),(377,'Persentase Ketepatan Perencanaan Penetapan Dasar Perhitungan (lifting) Per Daerah Penghasil',1,4,375,2,'-'),(378,'Indeks Kepuasan Layanan Subdit Pemberdayaan Potensi Dalam Negeri Migas',25,3,119,1,'a'),(379,'Indeks Kepuasan Layanan Subdit Pengembangan Investasi Migas',25,3,119,2,'b'),(380,'Indeks Kepuasan Layanan Bagian Rencana dan Laporan',25,3,120,1,'a'),(381,'Indeks Kepuasan Layanan Bagian Hukum',25,3,120,2,'b'),(382,'Nilai Indikator Efektivitas Pembinaan dan Pengawasan Subdit Pemberdayaan Potensi Dalam Negeri Migas',24,3,127,1,'a'),(383,'Indeks Profesionalitas ASN',2,3,145,1,'a'),(384,'Indeks Profesionalitas ASN',2,4,383,1,'-'),(385,'Persentase Pegawai DMIR yang Bebas Hukuman Disiplin',1,3,154,1,'a'),(386,'Persentase Pegawai DMIB yang Bebas Hukuman Disiplin',1,3,154,2,'B'),(387,'Persentase Pegawai DMIA yang Bebas Hukuman Disiplin',1,3,154,3,'C'),(388,'Persentase Pegawai DMIR yang Mencapai/Melebihi Target Kinerja',1,3,155,1,'A'),(389,'Persentase Pegawai DMIB yang Mencapai/Melebihi Target Kinerja',1,3,155,2,'B'),(390,'Persentase Pegawai DMIA yang Mencapai/Melebihi Target Kinerja',1,3,155,3,'C'),(391,'Persentase Pegawai SDML yang Bebas Hukuman Disiplin',1,3,156,1,'A'),(392,'Persentase Pegawai SDMK yang Bebas Hukuman Disiplin',1,3,156,2,'B'),(393,'Persentase Pegawai SDMH yang Bebas Hukuman Disiplin',1,3,156,3,'C'),(394,'Persentase Pegawai SDMU yang Bebas Hukuman Disiplin',1,3,156,4,'D'),(395,'Persentase Pegawai SDML yang Mencapai/Melebihi Target Kinerja',1,3,157,1,'a'),(396,'Persentase Pegawai SDMK yang Mencapai/Melebihi Target Kinerj',1,3,157,2,'b'),(397,'Persentase Pegawai SDMU yang Mencapai/Melebihi Target Kinerja',1,3,157,4,'d'),(398,'Persentase Pegawai DMBS yang Bebas Hukuman Disiplin',1,3,146,1,'a'),(399,'Persentase Pegawai DMBP yang Bebas Hukuman Disiplin',1,3,146,2,'b'),(400,'Persentase Pegawai DMBI yang Bebas Hukuman Disiplin',1,3,146,3,'c'),(401,'Persentase Pegawai DMBD yang Bebas Hukuman Disiplin',1,3,146,4,'d'),(402,'Persentase Pegawai DMBK yang Bebas Hukuman Disiplin',1,3,146,5,'e'),(403,'Persentase Pegawai DMBS yang Mencapai/Melebihi Target Kinerja',1,3,147,1,'a'),(404,'Persentase Pegawai DMBP yang Mencapai/Melebihi Target Kinerja',1,3,147,2,'b'),(405,'Persentase Pegawai DMBI yang Mencapai/Melebihi Target Kinerja',1,3,147,3,'c'),(406,'Persentase Pegawai DMBD yang Mencapai/Melebihi Target Kinerja',1,3,147,4,'d'),(407,'Persentase Pegawai DMBK yang Mencapai/Melebihi Target Kinerja',1,3,147,5,'e'),(408,'Persentase Pegawai DMEW yang Bebas Hukuman Disiplin',1,3,148,1,'a'),(409,'Persentase Pegawai DMEP yang Bebas Hukuman Disiplin',1,3,148,2,'b'),(410,'Persentase Pegawai DMEE yang Bebas Hukuman Disiplin',1,3,148,3,'c'),(411,'Persentase Pegawai DMEN yang Bebas Hukuman Disiplin',1,3,148,4,'d'),(412,'Persentase Pegawai DMED yang Bebas Hukuman Disiplin',1,3,148,5,'e'),(413,'Persentase Pegawai DMEW yang Mencapai/Melebihi Target Kinerja',1,3,149,1,'a'),(414,'Persentase Pegawai DMEP yang Mencapai/Melebihi Target Kinerja',1,3,149,2,'b'),(415,'Persentase Pegawai DMEE yang Mencapai/Melebihi Target Kinerja',1,3,149,3,'c'),(416,'Persentase Pegawai DMEN yang Mencapai/Melebihi Target Kinerja',1,3,149,4,'d'),(417,'Persentase Pegawai DMED yang Mencapai/Melebihi Target Kinerja',1,3,149,5,'e'),(418,'Persentase Pegawai DMOT yang Bebas Hukuman Disiplin',1,3,150,1,'a'),(419,'Persentase Pegawai DMOS yang Bebas Hukuman Disiplin',1,3,150,2,'B'),(420,'Persentase Pegawai DMOG yang Bebas Hukuman Disiplin',1,3,150,3,'C'),(421,'Persentase Pegawai DMOM yang Bebas Hukuman Disiplin',1,3,150,4,'D'),(422,'Persentase Pegawai DMOH yang Bebas Hukuman Disiplin',1,3,150,5,'e'),(423,'Persentase Pegawai DMOT yang Mencapai/Melebihi Target Kinerja',1,3,151,1,'a'),(424,'Persentase Pegawai DMOS yang Mencapai/Melebihi Target Kinerj',1,3,151,2,'b'),(425,'Persentase Pegawai DMOG yang Mencapai/Melebihi Target Kinerja',1,3,151,3,'c'),(426,'Persentase Pegawai DMOM yang Mencapai/Melebihi Target Kinerja',1,3,151,4,'d'),(427,'Persentase Pegawai DMOH yang Mencapai/Melebihi Target Kinerja',1,3,151,5,'e'),(428,'Persentase Pegawai DMTE yang Bebas Hukuman Disiplin',1,3,152,1,'a'),(429,'Persentase Pegawai DMTO yang Bebas Hukuman Disiplin',1,3,152,2,'b'),(430,'Persentase Pegawai DMTS yang Bebas Hukuman Disipli',1,3,152,3,'c'),(431,'Persentase Pegawai DMTL yang Bebas Hukuman Disiplin',1,3,152,4,'d'),(432,'Persentase Pegawai DMTP yang Bebas Hukuman Disiplin',1,3,152,5,'e'),(433,'Persentase Pegawai DMTE yang Mencapai/Melebihi Target Kinerja',1,3,153,1,'a'),(434,'Persentase Pegawai DMTO yang Mencapai/Melebihi Target Kinerja',1,3,153,2,'b'),(435,'Persentase Pegawai DMTS yang Mencapai/Melebihi Target Kinerja',1,3,152,3,'c'),(436,'Persentase Pegawai DMTL yang Mencapai/Melebihi Target Kinerja',1,3,153,4,'d'),(437,'Persentase Pegawai DMTP yang Mencapai/Melebihi Target Kinerja',1,3,153,5,'e'),(438,'Persentase Pegawai Bagian Umum yang Tidak Dijatuhi Hukuman Disiplin',1,3,158,1,'a'),(439,'Persentase pegawai Bagian PSL  yang Tidak Dijatuhi Hukuman Disiplin',1,3,158,2,'b'),(440,'Persentase pegawai KP3T Eksplorasi yang Tidak Dijatuhi Hukuman Disiplin',1,3,158,3,'c'),(441,'Persentase pegawai Bagian Eksploitasi yang Tidak Dijatuhi Hukuman Disiplin',1,3,158,4,'d'),(442,'Persentase Pegawai KP3T Minyak  yang Tidak Dijatuhi Hukuman Disiplin',1,3,158,5,'e'),(443,'Persentase pegawai KP3T Aplikasi Produk yang Tidak Dijatuhi Hukuman Disiplin',1,3,158,6,'f'),(444,'Persentase pegawai KP3T Gas yang Tidak Dijatuhi Hukuman Disiplin',1,3,158,7,'g'),(445,'Persentase pegawai KP3T LK3 yang Tidak Dijatuhi Hukuman Disiplin',1,3,158,8,'h'),(446,'Persentase pegawai KP3T Tekno Ekonomi yang Tidak Dijatuhi Hukuman Disiplin',1,3,158,9,'i'),(447,'Persentase Pegawai Bagian Umum yang Telah Mencapai Target Kinerja',1,3,159,1,'a'),(448,'Persentase Pegawai Bagian PSL yang Telah Mencapai Target Kinerja',1,3,159,2,'b'),(449,'Persentase Pegawai KP3T Eksplorasi yang Telah Mencapai Target Kinerja',1,3,159,3,'c'),(450,'Persentase Pegawai Bagian Eksploitasi yang Telah Mencapai Target Kinerja',1,3,159,4,'d'),(451,'Persentase Pegawai KP3T Minyak yang Telah Mencapai Target Kinerja',1,3,159,5,'e'),(452,'Persentase Pegawai KP3T Aplikasi Produk yang Telah Mencapai Target Kinerja',1,3,159,6,'f'),(453,'Persentase Pegawai KP3T Gas yang Telah Mencapai Target Kinerja',1,3,159,7,'g'),(454,'Persentase Pegawai KP3T LK3 yang Telah Mencapai Target Kinerja',1,3,159,8,'h'),(455,'Persentase Pegawai KP3T Tekno Ekonomi yang Telah Mencapai Target Kinerja',1,3,159,9,'i'),(456,'Nilai Indikator Efektivitas Pembinaan dan Pengawasan Subdit Pengembangan WK Migas Konvensional',32,3,124,1,'a'),(457,'Nilai Indikator Efektivitas Pembinaan dan Pengawasan Subdit Pengembangan WK Migas Non Konvensional',24,3,124,2,'b'),(458,'Nilai Indikator Efektivitas Pembinaan dan Pengawasan Subdit Pengawasan Eksplorasi Migas',1,3,124,3,'c'),(459,'Nilai Indikator Efektivitas Pembinaan dan Pengawasan Subdit Penilaian Pengembangan Usaha Hulu Migas',24,3,124,4,'d'),(460,'Nilai Indikator Efektivitas Pembinaan dan Pengawasan Subdit Pengawasan Eksploitasi Migas',32,3,124,5,'e'),(461,'Nilai Indikator Efektivitas Pembinaan dan Pengawasan Subdit Pengolahan Migas',24,3,125,1,'a'),(462,'Nilai Indikator Efektivitas Pembinaan dan Pengawasan Subdit Pengangkutan Migas',24,3,125,2,'b'),(463,'Nilai Indikator Efektivitas Pembinaan dan Pengawasan Subdit Harga dan Subsidi Bahan Bakar',32,3,125,3,'c'),(464,'Nilai Indikator Efektivitas Pembinaan dan Pengawasan Subdit Penyimpanan Migas',24,3,125,5,'e'),(465,'Nilai Indikator Efektivitas Pembinaan dan Pengawasan Subdit Niaga Migas',32,3,125,4,'d'),(466,'Nilai Indikator Efektivitas Pembinaan dan Pengawasan Pokja Harga Bahan Bakar Migas',32,3,125,6,'f'),(467,'Nilai Indikator Efektivitas Pembinaan dan Pengawasan Pokja Pelayanan dan Pengawasan Hilir Gas Bumi',32,3,125,7,'g'),(468,'Persentase Badan Usaha Pemegang Izin yang Memenuhi Ketentuan Izin yang Diberikan terhadap Total Badan Usaha yang mengajukan Izin Usaha',1,4,467,1,'-'),(469,'Rekomendasi Kebijakan terkait Perizinan Hilir Gas Bumi',8,4,467,2,'-'),(470,'Rekomendasi Kebijakan terkait Pengawasan Kegiatan Usaha Hiilir Gas Bumi',8,4,125,3,'-'),(471,'Nilai Indikator Efektivitas Pembinaan dan Pengawasan Pokja Pelayanan dan Pengawasan Hilir Minyak Bumi',24,3,125,8,'h'),(472,'Persentase Badan Usaha Pemegang Izin yang Memenuhi Ketentuan Izin yang Diberikan terhadap Total Badan Usaha yang Diawasi',1,4,471,1,'-'),(473,'Rekomendasi Kebijakan terkait Perizinan Hilir Minyak Bumi',8,4,125,3,'-'),(474,'Rekomendasi Kebijakan terkait Pengawasan Kegiatan Usaha Hiilir Minyak Bum',8,4,471,4,'-'),(475,'Nilai Indikator Efektivitas Pembinaan dan Pengawasan Pokja Tata Kelola dan Pengolahan Data Hilir Migas',24,3,125,9,'i'),(476,'Tingkat Komponen Dalam Negeri (TKDN) pada Kegiatan Usaha Hilir Migas',1,3,125,10,'j'),(477,'Tingkat Komponen Dalam Negeri (TKDN) pada Kegiatan Hilir Minyak Bumi',1,4,475,1,'-'),(478,'Tingkat Komponen Dalam Negeri (TKDN) pada Kegiatan Hilir Gas Bumi',1,4,476,2,'-'),(479,'Indeks Kepuasan Layanan Subdit Pengembangan WK Migas Konvensional',25,3,97,1,'a'),(480,'Indeks Kepuasan Layanan Subdit Pengembangan WK Migas Non Konvensional',25,3,97,2,'b'),(481,'Indeks Kepuasan Layanan Subdit Pengawasan Eksplorasi Migas',25,3,97,3,'c'),(482,'Indeks Kepuasan Layanan Subdit Penilaian Pengembangan Usaha Hulu Migas',25,3,97,4,'d'),(483,'Persentase Pemenuhan SLA Proses Perizinan Pemanfaatan Data untuk PI 10%',1,3,97,5,'e'),(484,'Persentase Pemenuhan SLA Proses Perizinan Pemanfaatan Data untuk WK Pengembangan',1,3,97,6,'f'),(485,'Indeks Kepuasan Layanan Subdit Pengawasan Eksploitasi Migas',25,3,97,7,'g'),(486,'Realisasi PNBP-BLU Optimalisasi Aset',30,3,116,1,'a'),(487,'Realisasi PNBP-BLU Optimalisasi Aset',30,4,486,2,'-'),(488,'Realisasi PNBP-BLU Jasa Grafika (Percetakan)',30,4,486,3,'-'),(489,'Realisasi PNBP-BLU Sarana Pengujian',30,3,116,2,'b'),(490,'Realisasi PNBP-BLU Uji Profesiensi dan Kalibrasi',30,4,489,1,'-'),(491,'Realisasi PNBP-BLU Layanan Jasa Eksplorasi',30,3,116,3,'c'),(492,'Realisasi PNBP-BLU Jasa Pengujian  bidang Sedimentologi',30,4,491,1,'-'),(493,'Realisasi PNBP-BLU Jasa Pengujian bidang Geologi dan Geofisika',30,4,491,2,'-'),(494,'Realisasi PNBP-BLU Jasa Pengujian bidang Stratigrafi',30,4,491,3,'-'),(495,'Realisasi PNBP-BLU Jasa Pengujian bidang Geokimia',30,4,491,4,'-'),(496,'Realisasi PNBP-BLU dari Layanan Jasa Eksploitasi',30,3,116,4,'d'),(497,'Realisasi PNBP-BLU Jasa Pengujian bidang Pemboran dan Produksi',30,4,496,1,'-'),(498,'Realisasi PNBP-BLU Jasa Pengujian bidang Evaluasi Formasi',30,4,116,2,'='),(499,'Realisasi PNBP-BLU Jasa Pengujian bidang Reservoir',30,4,496,3,'-'),(500,'Realisasi PNBP-BLU Jasa Pengujian bidang  Peningkatan Pengurasan',30,4,496,4,'-'),(501,'Realisasi PNBP-BLU Layanan Jasa Proses',30,3,116,5,'e'),(502,'Realisasi PNBP-BLU Jasa Pengujian bidang Separasi dan Engineering',30,4,501,1,'-'),(503,'Realisasi PNBP-BLU Jasa Pengujian Lingkungan, Kimia dan Bioproses  bidang Enjinering, Lingkungan, Bioteknologi',30,4,501,2,'-'),(504,'Realisasi PNBP-BLU Jasa Pengujian bidang Kimia Analitik',30,4,501,3,'-'),(505,'Realisasi PNBP-BLU Jasa Pengujian bidang Kimia Analitik',30,3,116,6,'f'),(506,'Realisasi PNBP-BLU Jasa Pengujian bidang Bahan Bakar dan Aviasi',30,4,505,1,'-'),(507,'Realisasi PNBP-BLU Jasa Pengujian bidang  Pelumas',30,4,505,2,'-'),(508,'Realisasi PNBP-BLU Jasa bidang Enjinering dan Implementasi Produk',30,4,505,3,'-'),(509,'Realisasi PNBP-BLU Layanan Jasa Gas',30,3,116,7,'g'),(510,'Realisasi PNBP-BLU Jasa Pengujian bidang  Pemurnian dan Analisis Gas',30,4,509,1,'-'),(511,'Realisasi PNBP-BLU Jasa Pengujian bidang Infrastruktur dan Pemanfaatan Gas',30,4,509,2,'-'),(512,'Realisasi PNBP-BLU Layanan Jasa Tekno Ekonomi',30,3,116,8,'h'),(513,'Realisasi PNBP-BLU dari Kelompok Pengembangan Layanan',30,4,512,1,'-'),(514,'Realisasi PNBP-BLU dari Kelompok Pemasaran Layanan',30,4,512,2,'-'),(515,'Realisasi PNBP-BLU dari Kelompok Tekno Ekonomi dan Kebijakan',30,4,512,3,'-'),(516,'Indeks Kepuasan Layanan Subdit Pengolahan Migas',25,3,117,1,'a'),(517,'Persentase Pemenuhan SLA Proses Perizinan Pengolahan Migas',1,3,117,2,'b'),(518,'Indeks Kepuasan Layanan Subdit Pengangkutan Migas',25,3,117,3,'c'),(519,'Persentase Pemenuhan SLA Proses Perizinan Pengangkutan Migas',1,3,117,4,'d'),(520,'Indeks Kepuasan Layanan Subdit Harga dan Subsidi Bahan Bakar',25,3,117,5,'e'),(521,'Indeks Kepuasan Layanan Subdit Niaga Migas',25,3,117,6,'f'),(522,'Persentase Pemenuhan SLA Proses Perizinan Niaga Migas',1,3,117,7,'g'),(523,'Indeks Kepuasan Layanan Subdit Penyimpanan Migas',25,3,117,8,'h'),(524,'Persentase Pemenuhan SLA Proses Perizinan Penyimpanan Migas',1,3,117,9,'i'),(525,'Indeks Kepuasan Layanan Pokja Pelayanan dan Pengawasan Hilir Gas Bumi',25,3,117,10,'j'),(526,'Persentase Pemenuhan SLA Proses Perizinan Hilir Gas Bumi',1,3,117,11,'k'),(527,'Persentase Pemenuhan SLA Proses Perizinan Hilir Gas Bumi',1,3,117,11,'k'),(528,'Indeks Kepuasan Layanan Pokja Pelayanan dan Pengawasan Hilir Minyak Bumi',25,3,117,12,'l'),(529,'Persentase Pemenuhan SLA Proses Perizinan Hilir Minyak Bumi',1,3,117,13,'m'),(530,'Indeks Kepuasan Layanan Subdit Standardisasi Migas',25,3,118,1,'a'),(531,'Indeks Kepuasan Layanan Subdit Keteknikan dan Keselamatan Lingkungan Migas',25,3,118,2,'b'),(532,'Indeks Kepuasan Layanan Subdit Keselamatan Hulu Migas',25,3,118,3,'c'),(533,'Indeks Kepuasan Layanan Subdit Usaha Penunjang Migas',25,3,118,4,'d'),(534,'Indeks Kepuasan Layanan Subdit Keselamatan Hilir Migas',25,3,118,5,'e'),(535,'Indeks Kepuasan Pengguna Layanan Jasa dan Pengujian Fungsi Bagian PSL',2,3,121,1,'a'),(536,'Indeks Kepuasan Pengguna Layanan Jasa dan Pengujian',2,4,535,1,'-'),(537,'Indeks Kepuasan Pengguna Layanan Jasa dan Pengujian KP3T Eksplorasi',2,3,121,2,'b'),(538,'Indeks Kepuasan Pengguna Layanan Jasa dan Pengujian Kelompok Sedimentologi',2,4,537,1,'-'),(539,'Indeks Kepuasan Pengguna Layanan Jasa dan Pengujian Kelompok Geologi dan Geofisika',2,4,537,2,'-'),(540,'Indeks Kepuasan Pengguna Layanan Jasa dan Pengujian Kelompok Stratigrafi',2,4,537,3,'-'),(541,'Indeks Kepuasan Pengguna Layanan Jasa dan Pengujian Kelompok Geokimia',2,4,537,4,'-'),(542,'Indeks Kepuasan Pengguna Layanan Jasa dan Pengujian KP3T Eksploitasi',2,3,105,3,'c'),(543,'Indeks Kepuasan Pengguna Layanan Jasa dan Pengujian Kelompok',2,4,0,1,'-'),(544,'Indeks Kepuasan Pengguna Layanan Jasa dan Pengujian Kelompok',2,4,0,1,'-'),(545,'Indeks Kepuasan Pengguna Layanan Jasa dan Pengujian Kelompok Pemboran dan Produksi',2,4,121,1,'-'),(546,'Indeks Kepuasan Pengguna Layanan Jasa dan Pengujian Kelompok Evaluasi Formasi',2,4,542,2,'-'),(547,'Indeks Kepuasan Pengguna Layanan Jasa dan Pengujian Kelompok Reservoir',2,4,542,3,'-'),(548,'Indeks Kepuasan Pengguna Layanan Jasa dan Pengujian Kelompok Peningkatan Pengurasan',2,4,542,4,'-'),(549,'Indeks Kepuasan Pengguna Layanan Jasa dan Pengujian KP3T Minyak',2,3,121,4,'d'),(550,'Indeks Kepuasan Pengguna Layanan Jasa dan Pengujian Kelompok Teknologi Separasi',2,4,549,1,'-'),(551,'Indeks Kepuasan Pengguna Layanan Jasa dan Pengujian Kelompok Teknologi Enjinering, Lingkungan dan Bioteknologi',2,4,549,2,'-'),(552,'Indeks Kepuasan Pengguna Layanan Jasa dan Pengujian Kelompok Teknologi Kimia Analitik',2,4,549,3,'-'),(553,'Indeks Kepuasan Pengguna Layanan Jasa dan Pengujian KP3T Aplikasi Produk',2,3,121,5,'e'),(554,'Indeks Kepuasan Pengguna Layanan Jasa dan Pengujian Kelompok Bahan Bakar dan Aviasi',2,4,553,1,'-'),(555,'Indeks Kepuasan Pengguna Layanan Jasa dan Pengujian Kelompok Pelumas',2,4,553,2,'-'),(556,'Indeks Kepuasan Pengguna Layanan Jasa Unit Enjinering dan Implementasi Produk',2,4,553,3,'-'),(557,'Indeks Kepuasan Pengguna Layanan Jasa dan Pengujian Fungsi KP3T Gas',2,3,121,6,'f'),(558,'Indeks Kepuasan Pengguna Layanan Jasa dan Pengujian Kelompok Teknologi Pemurnian dan Analisis Gas',2,4,557,1,'-'),(559,'Indeks Kepuasan Pengguna Layanan Jasa dan Pengujian Fungsi Kelompok Teknologi Infrastruktur dan Pemanfaatan Gas',2,4,557,2,'-'),(560,'Jumlah Kompetensi laboratorium bidang kalibrasi migas yang terjaga akreditasinya',31,3,122,1,'a'),(561,'Jumlah Laboratorium Kalibrasi yang menerapkan sistem manajeman mutu',53,4,560,1,'-'),(562,'Jumlah Kompetensi laboratorium bidang eksplorasi migas yang terjaga akreditasinya',31,3,122,2,'b'),(563,'Jumlah Laboratorium Sedimentologi yang menerapkan sistem manajeman mutu',53,4,562,1,'-'),(564,'Jumlah Laboratorium Geologi dan Geofisika yang menerapkan sistem manajeman mutu',53,4,562,2,'-'),(565,'Jumlah Laboratorium Stratigrafi yang menerapkan sistem manajeman mutu',53,4,562,3,'-'),(566,'Jumlah Laboratorium Geokimia yang menerapkan sistem manajeman mutu',53,4,562,4,'-'),(567,'Jumlah Kompetensi laboratorium bidang eksploitasi migas yang terjaga akreditasinya',31,3,122,3,'c'),(568,'Jumlah Laboratorium Pemboran dan Produksi yang menerapkan sistem manajeman mutu',53,4,567,1,'-'),(569,'Jumlah Laboratorium Evaluasi Formasi yang menerapkan sistem manajeman mutu',53,4,567,2,'-'),(570,'Jumlah Laboratorium Reservoir yang menerapkan sistem manajeman mutu',53,4,567,3,'-'),(571,'Jumlah Laboratorium Peningkatan Pengurasan yang Menerapkan Sistem Manajeman Mutu',53,4,567,4,'-'),(572,'Jumlah Kompetensi laboratorium bidang pengolahan proses minyak bumi yang terjaga akreditasinya',31,3,122,4,'d'),(573,'Jumlah Laboratorium Separasi dan Engineering yang menerapkan sistem manajeman mutu',53,4,572,1,'-'),(574,'Jumlah Laboratorium Lingkungan, Kimia dan Bioproses Enjinering, Lingkungan dan Bioteknologi yang menerapkan sistem manajeman mutu',53,4,572,2,'-'),(575,'Jumlah Laboratorium Kimia Analitik yang menerapkan sistem manajeman mutu',53,4,572,3,'-'),(576,'Jumlah Kompetensi laboratorium bidang aplikasi produk yang terjaga akreditasinya',53,3,122,5,'e'),(577,'Jumlah Laboratorium Separasi dan Engineering yang menerapkan sistem manajeman mutu',53,4,576,1,'-'),(578,'Jumlah Laboratorium Pelumas yang menerapkan sistem manajeman mutu',53,4,576,2,'-'),(579,'Jumlah Laboratorium Enjinering dan Implementasi Produk yang menerapkan sistem manajeman mutu',53,4,576,3,'-'),(580,'Jumlah Kompetensi laboratorium bidang pengolahan gas bumi yang terjaga akreditasinya',31,3,122,6,'f'),(581,'Jumlah Laboratorium Pemurnian dan Analisis Gas yang menerapkan sistem manajeman mutu',53,4,580,1,'-'),(582,'Jumlah Laboratorium Infrastruktur dan Pemanfaatan Gas yang Menerapkan Sistem Manajeman Mutu',53,4,580,2,'-'),(583,'Nilai Indikator Efektivitas Pembinaan dan Pengawasan Subdit Standardisasi Migas',32,3,126,1,'a'),(584,'Nilai Indikator Efektivitas Pembinaan dan Pengawasan Subdit Keteknikan dan Keselamatan Lingkungan Migas',24,3,126,2,'b'),(585,'Nilai Indikator Efektivitas Pembinaan dan Pengawasan Subdit Keselamatan Hulu Migas',24,3,126,3,'C'),(586,'Nilai Indikator Efektivitas Pembinaan dan Pengawasan Subdit Usaha Penunjang Migas',24,3,126,4,'d'),(587,'Nilai Indikator Efektivitas Pembinaan dan Pengawasan Subdit Keselamatan Hilir Migas',32,3,126,5,'e'),(588,'Tingkat Maturitas SPIP Ditjen Migas',33,3,137,1,'a'),(589,'Nilai Unsur Informasi dan Komunikasi pada Maturitas SPIP',24,4,588,1,'-'),(590,'Nilai Unsur Penilaian Resiko pada Maturitas SPIP',24,4,588,2,'-'),(591,'Nilai Unsur Kegiatan Pengendalian pada Maturitas SPIP',24,4,588,3,'-'),(592,'Nilai Unsur Lingkungan Pengendalian pada Indeks Maturitas SPIP',24,3,139,2,'b'),(593,'Nilai Unsur Lingkungan Pengendalian pada Maturitas SPIP',32,4,592,1,'-'),(594,'Nilai Pemantauan pada Maturitas SPIP',24,3,137,3,'c'),(595,'Nilai Pemantauan Pada Maturitas SPIP',24,4,594,1,'-'),(596,'Nilai Akuntabilitas Kinerja Pemerintah (SAKIP) Ditjen Migas',54,3,85,1,'a'),(597,'Nilai Komponen Perencanaan Pada SAKIP',24,4,596,1,'-'),(598,'Nilai Komponen Capaian Kinerja pada SAKIP',24,4,596,2,'-'),(600,'Nilai Komponen Evaluasi Internal pada SAKIP',24,4,596,5,'-'),(601,'Jumlah Pemanfaatan TIK dalam SAKIP',55,4,596,6,'-'),(602,'Persentase Perusahaan yang telah Menerapkan Standar Wajib untuk Kegiatan Usaha Migas terhadap Total Perusahaan Hulu dan Hilir Migas',1,3,141,1,'a'),(603,'Persentase Perusahaan yang telah menerapkan standar wajib pada kegiatan usaha hulu migas',1,4,602,1,'-'),(604,'Persentase Perusahaan yang telah menerapkan standar wajib pada kegiatan usaha hilir migas',1,4,602,2,'-'),(605,'Jumlah RSNI & RSKKNI pada kegiatan usaha migas',56,3,141,2,'b'),(606,'Jumlah RSNI dan RSKKNI pada kegiatan usaha hulu migas',56,4,605,1,'-'),(607,'Jumlah RSNI dan RSKKNI pada kegiatan usaha hilir migas',56,4,605,2,'-'),(608,'Persentase Perusahaan yang telah Menerapkan Kaidah Keteknikan dan  Pengelolaan Lingkungan yang Baik terhadap Total Perusahaan Hulu dan Hilir Migas',1,3,139,3,'c'),(609,'Jumlah Perusahaan yang telah Menerapkan Kaidah Keteknikan dan  Pengelolaan Lingkungan yang Baik',49,4,608,1,'-'),(610,'Persentase Insiden Terjadinya Tumpahan Minyak > 15 barrel terhadap Total Kegiatan Migas',1,4,608,2,'-'),(611,'Jumlah Perusahaan Hulu dan Hilir Migas yang Melaksanakan Pemanfaatan Gas Flare',49,4,608,3,'-'),(612,'Frekuensi Kejadian Kecelakaan Kerja yang Menyebabkan Fatality Pada Kegiatan Usaha Hulu Migas',57,3,139,4,'d'),(613,'Frekuensi Kejadian Kecelakaan Kerja yang Menyebabkan Fatality Pada Kegiatan Usaha Hulu Migas',57,4,612,1,'-'),(614,'Frekuensi Unplanned Shutdown pada Kegiatan Usaha Hulu Migas',57,3,139,5,'e'),(615,'Frekuensi Unplanned Shutdown pada Kegiatan Usaha Hulu Migas',57,4,139,1,'-'),(616,'Kontraktor atau Perusahaan Hulu Migas yang memiliki SMKM dengan Kategori Baik ( >76.55 % )',49,3,139,6,'f'),(617,'Frekuensi Kejadian Kecelakaan Kerja yang Menyebabkan Fatality Pada Kegiatan Usaha Hilir Migas',57,3,139,7,'g'),(618,'Frekuensi Kejadian Kecelakaan Kerja yang Menyebabkan Fatality Pada Kegiatan Usaha Hilir Migas',57,4,617,1,'-'),(619,'Frekuensi Unplanned Shutdown pada Kegiatan Usaha Hilir Migas',57,3,139,8,'h'),(620,'Frekuensi Unplanned Shutdown pada Kegiatan Usaha Hilir Migas',57,4,619,1,'-'),(621,'Perusahaan Hilir Migas yang Memiliki SMKM dengan Kategori Baik ( >76.55% )',49,3,139,9,'i'),(622,'Persentase Perusahaan Penunjang Migas yang Diaudit Kepatuhan Aspek Keselamatan terhadap total Perusahaan Penunjang Migas',1,3,139,10,'j'),(623,'Persentase Perusahaan Penunjang Migas Bidang Jasa yang Diaudit Kepatuhan Aspek Keselamatan terhadap Total Perusahaan Penunjang Jasa Migas',1,4,622,1,'-'),(624,'Persentase Perusahaan Penunjang Migas Bidang Barang yang Diaudit Kepatuhan Aspek Keselamatan terhadap Total Perusahaan Penunjang Barang Migas',1,4,622,2,'-'),(625,'Jumlah objek vital migas nasional yang diawasi',58,3,139,11,'k'),(626,'Jumlah objek vital hulu migas nasional yang diawasi',58,4,625,1,'-'),(627,'Jumlah objek vital hilir migas nasional yang diawasi',58,4,625,2,'-'),(628,'Indeks Reformasi Birokrasi',2,3,141,1,'a'),(629,'Nilai Penguatan Akuntabilitas pada RB',32,3,141,2,'b'),(630,'Nilai Penataan Organisasi pada RB',32,4,628,1,'-'),(631,'Nilai Penataan Sistem Manajemen SDM pada RB',32,4,628,2,'-'),(632,'Nilai Manajemen Perubahan pada RB',24,4,628,3,'-'),(633,'Nilai Penguatan Pengawasan pada RB',24,4,628,4,'-'),(634,'Nilai Penataan Tata Laksana pada RB',32,4,628,5,'-'),(635,'Nilai Penguatan Akuntabilitas pada RB',24,3,629,2,'b'),(636,'Nilai Penataan Peraturan Perundang-Undangan pada RB',32,3,141,3,'c'),(637,'Nilai Penataan Peraturan Perundang-Undangan pada RB',32,4,636,1,'-'),(638,'Nilai Peningkatan Kualitas Layanan Publik pada RB',24,3,141,4,'d'),(639,'Nilai Peningkatan Kualitas Layanan Publik pada RB',32,4,638,1,'-'),(640,'Tingkat kepuasan Satker Ditjen Migas terhadap layanan bagian umum, kepegawaian dan organisasi',1,3,142,1,'a'),(641,'Tingkat Kepuasan Satker Ditjen Migas Terhadap Layanan Kepegawaian',1,4,640,1,'-'),(642,'Tingkat Kepuasan Satker Ditjen Migas Terhadap Layanan Perlengkapan dan Rumah Tangga',1,4,640,2,'-'),(643,'Tingkat Kepuasan Satker Ditjen Migas Terhadap Layanan Tata Usaha',1,4,640,3,'-'),(644,'Tingkat Kepatuhan terhadap Standar Pelayanan Minimum Bagian Keuangan',1,3,142,2,'b'),(645,'Tingkat Kepatuhan terhadap Standar Pelayanan Minimum Akuntansi',1,4,644,1,'-'),(646,'Tingkat Kepatuhan terhadap Standar Pelayanan Minimum Perbendaharaan',1,4,644,2,'-'),(647,'Persentase Pencatatan Realisasi PNBP Ditjen Migas',1,4,644,3,'-'),(648,'Tingkat Kepatuhan terhadap Standar Pelayanan Minimum Administrasi Pengelolaan BMN',1,4,644,4,'-'),(649,'Tingkat Kepuasan Pimpinan dan Satker terhadap Ketersediaan Data, Informasi dan Bahan',1,3,142,3,'c'),(650,'Tingkat Kepuasan Pimpinan terhadap Ketersediaan Data, Informasi dan Bahan Pimpinan',1,4,649,1,'-'),(651,'Jumlah Pemeliharaan & Pengelolaan Website, Jaringan dan Database',60,4,649,2,'-'),(652,'Tingkat Kepuasan Satker terhadap Bahan Rencana Kerja dan Anggaran',1,4,649,3,'-'),(653,'Persentase Keberhasilan Usulan Pagu Indikatif Ditjen Migas',1,4,649,4,'-'),(654,'Ketepatan Waktu dan Kelengkapan Penyampaian Dokumen Rencana Kerja',1,4,649,5,'-'),(655,'Tingkat Kepuasan Satker Ditjen Migas terhadap Layanan Bagian Hukum',1,3,142,4,'d'),(656,'Tingkat Kepuasan Satker Ditjen Migas terhadap Layanan Pertimbangan Hukum',1,4,655,1,'-'),(657,'Tingkat Kepuasan Satker Ditjen Migas terhadap Layanan Informasi Hukum',1,4,655,2,'-'),(658,'Tingkat Kepuasan Satker Ditjen Migas terhadap Layanan Penyusunan Peraturan Perundang-Undangan',1,4,655,3,'-'),(659,'Persentase Pelayanan Pertimbangan Hukum terhadap Permohonan  Pertimbangan Hukum',1,4,655,4,'-'),(660,'Persentase Pelayanan Bantuan Hukum/saksi ahli terhadap Permohonan Bantuan Hukum/Saksi',1,4,655,5,'-'),(661,'Persentase Pelayanan Informasi Publik',1,4,655,6,'-'),(662,'Jumlah Rancangan Peraturan PerUUan Sektor Migas',59,4,655,7,'-'),(663,'Persentase Tingkat Kepuasan Pelayanan Internal pada Fungsi Bagian Umum',1,3,143,1,'a'),(664,'Persentase Tingkat Kepuasan Pelayanan Internal pada Fungsi Perlengkapan, Rumah Tangga dan Pengadaan',1,4,663,1,'-'),(665,'Persentase Tingkat Kepuasan Pelayanan Internal pada Fungsi Keuangan',1,4,663,2,'-'),(666,'Persentase Tingkat Kepuasan Pelayanan Internal pada Fungsi Kepegawaian, Organisasi dan Tata Laksana',1,4,663,3,'-'),(667,'Persentase Tingkat Kepuasan Pelayanan Internal pada Fungsi Penyiapan Rencana Monitoring dan Evaluasi',1,4,663,4,'-'),(668,'Persentase Tingkat Kepuasan Pelayanan Internal pada Fungsi Afiliasi',1,4,663,5,'-'),(669,'Persentase Tingkat Kepuasan Pelayanan Internal pada Fungsi Informasi',1,4,663,6,'-'),(670,'Persentase Penyelesaian Usulan Penghapusan BMN Ditjen Migas',1,3,160,2,'b');
/*!40000 ALTER TABLE `indikator` ENABLE KEYS */;
UNLOCK TABLES;

--
-- Table structure for table `indikator_formula`
--

DROP TABLE IF EXISTS `indikator_formula`;
/*!40101 SET @saved_cs_client     = @@character_set_client */;
/*!50503 SET character_set_client = utf8mb4 */;
CREATE TABLE `indikator_formula` (
  `id` int NOT NULL AUTO_INCREMENT,
  `indikator_id` int DEFAULT NULL,
  `formula_realisasi` text CHARACTER SET utf8mb3 COLLATE utf8mb3_general_ci,
  `mapping_realisasi` text CHARACTER SET utf8mb3 COLLATE utf8mb3_general_ci,
  `formula_kinerja` text CHARACTER SET utf8mb3 COLLATE utf8mb3_general_ci,
  `mapping_kinerja` text CHARACTER SET utf8mb3 COLLATE utf8mb3_general_ci,
  PRIMARY KEY (`id`) USING BTREE,
  KEY `IXFK_indikator_formula_indikator` (`indikator_id`) USING BTREE,
  CONSTRAINT `FK_indikator_formula_indikator` FOREIGN KEY (`indikator_id`) REFERENCES `indikator` (`id`)
) ENGINE=InnoDB AUTO_INCREMENT=156 DEFAULT CHARSET=utf8mb3 ROW_FORMAT=DYNAMIC;
/*!40101 SET character_set_client = @saved_cs_client */;

--
-- Dumping data for table `indikator_formula`
--

LOCK TABLES `indikator_formula` WRITE;
/*!40000 ALTER TABLE `indikator_formula` DISABLE KEYS */;
INSERT INTO `indikator_formula` VALUES (1,1,'{\"A1\":\"=(H14+H20+H26+H34)/4\"}','{\"H14\":\"Indeks Ketersediaan Hulu Migas\", \"H20\":\"Indeks Ketersediaan BBM\", \"H26\":\"Indeks Ketersediaan LPG\", \"H34\":\"Indeks Ketersediaan LNG\"}','{\"A1\":\"=IF(G4>1.3,1-ABS((G4-1.3)/1.3),IF(G4>1,FORECAST(G4,OFFSET($BQ$5:$BQ$7,MATCH(G4,$BP$5:$BP$7,1)-1,0,2),OFFSET($BP$5:$BP$7,MATCH(G4,$BP$5:$BP$7,1)-1,0,2)),(G4/$F$4)))\", \"BP5\":\"1.00\", \"BP6\":\"1.15\", \"BP7\":\"1.30\", \"BQ5\":\"1\", \"BQ6\":\"1.1\", \"BQ7\":\"1.2\"}','{\"G4\":\"realisasi\", \"F4\":\"target\"}'),(2,2,'{\"A1\":\"=(H9+H13)/2\", \"H9\":\"=(H4+H5-H6)/H7\", \"H13\":\"=(H10*90*1.027)/(H12*90)\"}','{\"H4\":\"Realisasi Produksi/Lifting Minyak\", \"H5\":\"Realisasi Impor Minyak Mentah\", \"H6\":\"Realisasi Ekspor Minyak Mentah\", \"H7\":\"Kebutuhan Kilang Minyak\", \"H10\":\"Realisasi Produksi/Lifting Gas Bumi\", \"H12\":\"Realisasi Alokasi Gas Dom\"}','{\"A1\":\"=IF(G5<1,G5/$F$5,IF(1<=G5<1.2,1+(ABS((G5-$F$5)/$F$5)),120%))\"}','{\"G5\":\"realisasi\", \"F5\":\"target\"}'),(3,3,'{\"A1\":\"=G7+G8\"}','{\"G7\":\"Produksi Minyak Bumi\", \"G8\":\"Produksi Gas Bumi\"}','{\"A1\":\"=G6/F6\"}','{\"G6\":\"realisasi\",\"F6\":\"target\"}'),(5,4,'{\"A1\":\"=(E5)/(E6)\"}','{\"E5\":\"Realisasi Produksi/Lifting Minyak\", \"E6\":\"Parameter TW1 90000\"}','{\"A1\":\"=G7/F7\"}','{\"G7\":\"realisasi\", \"F7\":\"target\"}'),(6,5,'{\"A1\":\"=(E11/E12)\"}','{\"E11\":\"Realisasi Produksi/Lifting Gas Bumi\", \"E12\":\"Parameter 5658\"}','{\"A1\":\"=G8/F8\"}','{\"G8\":\"realisasi\", \"F8\":\"target\"}'),(7,9,'{\"A1\":\"=E24/C24\", \"E24\":\"=C24-D24\"}','{\"C24\":\"Kuota per surat rekomendasi (bbl)\", \"D24\":\"Realisasi per TW (bbl)\"}','{\"A1\":\"=FORECAST(F24,OFFSET($BB$5:$BB$7,MATCH(F24,$BA$5:$BA$7,1)-1,0,2),OFFSET($BA$5:$BA$7,MATCH(F24,$BA$5:$BA$7,1)-1,0,2))\", \"BA5\":\"0\", \"BA6\":\"0.15\", \"BA7\":\"1\", \"BB5\":\"1.2\", \"BB6\":\"1\", \"BB7\":\"0\"}','{\"F24\":\"realisasi\"}'),(8,10,'{\"A1\":\"=G9\"}','{\"G9\":\"Deviasi Kuantitas Ekspor Minyak Mentah dari kuantitas yang Direkomendasikan\"}','=FORECAST(F24,OFFSET($BB$5:$BB$7,MATCH(F24,$BA$5:$BA$7,1)-1,0,2),OFFSET($BA$5:$BA$7,MATCH(F24,$BA$5:$BA$7,1)-1,0,2))','{\"F24\":\"Realisasi Deviasi (%)\",'),(9,11,'{\"A1\":\"=E33/C33\"}','{\"E33\":\"selisih realisasi dan kuota (bbl)\",\"C33\":\"kuota per surat rekomendasi (MMBTU)\"}','{\"A1\":\"=FORECAST(F33,OFFSET($BB$5:$BB$7,MATCH(F33,$BA$5:$BA$7,1)-1,0,2),OFFSET($BA$5:$BA$7,MATCH(F33,$BA$5:$BA$7,1)-1,0,2))\"}','{\"F33\":\"Realisasi Deviasi (%)\"}'),(10,12,'E33/C33','{\"E33\":\"selisih realisasi dan kuota (MMBTU)\",\"C33\":\"kuota per surat rekomendasi (MMBTU)\"}','=FORECAST(F33,OFFSET($BB$5:$BB$7,MATCH(F33,$BA$5:$BA$7,1)-1,0,2),OFFSET($BA$5:$BA$7,MATCH(F33,$BA$5:$BA$7,1)-1,0,2))','{\"F33\":\"Realisasi Deviasi (%)\",'),(11,6,'{\"A1\":\"=E34\"}','{\"E34\":\"R/P gas bumi\"}','{\"A1\":\"=G13/F13\"}','{\"G13\":\"realisasi\",\"F13\":\"target\"}'),(12,7,'{\"A1\":\"=E35\"}','{\"E35\":\"Cadangan Minyak Bumi\"}','{\"A1\":\"=G14/F14\"}','{\"G14\":\"REALISASI TW I\",\"F14\":\"TARGET\"}'),(13,8,'{\"A1\":\"=E36\"}','{\"E36\":\"Cadangan Gas Bumi\"}','{\"A1\":\"=G15/F15\"}','{\"G15\":\"REALISASI TW I\",\"F15\":\"TARGET\"}'),(14,13,'{\"A1\":\"=(H15+H16-H17)/(H15+H18-H19)\"}','{\"H15\":\"Realisasi Produksi BBM\", \"H16\":\"Kuota Impor BBM\", \"H17\":\"Kuota Ekspor BBM\", \"H18\":\"Realisasi Impor BBM\", \"H19\":\"Realisasi Ekspor BBM\"}','{\"A1\":\"=IF(G16>1.3,1-ABS((G16-1.3)/1.3),IF(G16>1,FORECAST(G16,OFFSET($BQ$5:$BQ$7,MATCH(G16,$BP$5:$BP$7,1)-1,0,2),OFFSET($BP$5:$BP$7,MATCH(G16,$BP$5:$BP$7,1)-1,0,2)),(G16/$F$16)))\", \"BP5\":\"1.00\", \"BP6\":\"1.15\", \"BP7\":\"1.30\", \"BQ5\":\"1\", \"BQ6\": \"1.1\", \"BQ7\":\"1.2\"}\n}','{\"F16\":\"target\", \"G16\":\"realisasi\"}'),(15,34,'{\"A1\":\"=(H21+H22-H23)/(H21+H24-H25)\"}','{\"H21\":\"Realisasi Produksi LPG\", \"H22\":\"Kuota Impor LPG\", \"H23\":\"Kuota Ekspor LPG\", \"H24\":\"Realisasi Impor LPG\", \"H25\":\"Realisasi Ekspor LPG\"}','{\"A1\":\"=IF(G38>1.3,1-ABS((G38-1.3)/1.3),IF(G38>1,FORECAST(G38,OFFSET($BQ$5:$BQ$7,MATCH(G38,$BP$5:$BP$7,1)-1,0,2),OFFSET($BP$5:$BP$7,MATCH(G38,$BP$5:$BP$7,1)-1,0,2)),(G38/$F$38)))\", \"BP5\":\"1.00\", \"BP6\":\"1.15\", \"BP7\":\"1.30\", \"BQ5\":\"1\", \"BQ6\":\"1.1\", \"BQ7\":\"1.2\"}','{\"G38\":\"realisasi\", \"F38\":\"target\"}'),(16,92,'{A1\":\"=0\"}','{\"A1\":\"Nilai Evaluasi Kelembagaan Ditjen Migas\"}','{\"A1\":\"=G514/$F$514\"}','{G514:realisasi,F514:target}'),(17,380,'{\"A1\":\"0\"}','{\"A1\":\"Indeks Kepuasan Layanan Bagian Rencana dan Laporan\"}','{\"A1\":\"=G337/$F$337\"}','{\"G337\":\"realisasi\",\"F337\":\"target\"}'),(18,224,'{\"A1}\":\"0\"}','{\"A1\":\"Cadangan Minyak Bumi\"}','{\"A1\":\"=G100/$F$100\"}','{\"G100\":\"realisasi\",\"F100\":\"target\"}'),(19,381,'{\"A1\":\"0\"}','{\"A1\":\"Indeks Kepuasan Layanan Bagian Hukum\"}','{\"A1\":\"=G338/$F$338\"}','{\"G338\":\"realisasi\",\"F338\":\"target\"}'),(20,101,'{\"A1\":\"0\"}','{\"A1\":\"Persentase Kesesuaian Perencanaan Jumlah dan Kesesuaian Wilayah Penerima Konkit BBM ke BBG terhadap Roadmap untuk Petani\"}','{\"A1\":\"=J179/$F$179\"}','{\"G179\":\"realisasi\",\"F179\":\"target\"}'),(21,367,'{\"A1\":\"0\"}','{\"A1\":\"Jumlah Kerjasama Dalam Negeri, Bilateral, Multilateral, Regional dan Perdagangan Internasional Migas\"}','{\"A1\":\"=G261/$F$261\"}','{\"G261\":\"realisasi\",\"F261\":\"target\"}'),(22,226,'{\"A1\":\"0\"}','{\"A1\":\"Cadangan Gas Bumi\"}','{\"A1\":\"=G102/$F$102\"}','{\"G102\":\"realisasi\",\"F102\":\"target\"}'),(23,368,'{\"A1\":\"0\"}','{\"A1\":\"Jumlah Tindak Lanjut  Kesepahaman/Perjanjian Kerjasama Multilateral, Regional, dan Perdagangan Internasional terkait Pengelolaan Migas\"}','{\"A1\":\"=G262/$F$262\"}','{\"G262\":\"realisasi\",\"F262\":\"target\"}'),(24,123,'{\"A1\":\"=(G388+G394+G413+G419)/4\"}','{\"G388\":\"Indeks Efektivitas Pembinaan dan Pengawasan Hulu Migas\",\"G394\":\"Indeks Efektivitas Pembinaan dan Pengawasan Hilir Migas\",\"G413\":\"Indeks Efektivitas Pembinaan dan Pengawasan Direktorat Teknik dan Lingkungan Migas\",\"G419\":\"Indeks Efektivitas Pembinaan dan Pengawasan Program Migas\"}','{\"A1\":\"=G387/$F$387\"}','{\"G387\":\"realisasi\",\"F387\":\"target\"}'),(25,289,'{\"A1\":\"0\"}','{\"A1\":\"Persentase Kesesuaian Perencanaan Jumlah dan Kesesuaian Wilayah Penerima Konkit BBM ke BBG terhadap Roadmap untuk Petani\"}','{\"A1\":\"=G180/$F$180\"}','{\"G180\":\"realisasi\",\"F180\":\"target\"}'),(26,128,'{\"A1\":\"0\"}','{\"A1\":\"Jumlah Hari Cadangan BBM Operasional\"}','{\"A1\":\"=G104/$F$104\"}','{\"G104\":\"realisasi\",\"F104\":\"target\"}'),(27,369,'{\"A1\":\"0\"}','{\"A1\":\"Jumlah Tindak Lanjut Kesepahaman/Perjanjian Kerjasama Bilateral dan Dalam Negeri terkait Pengelolaan Migas\"}','{\"A1\":\"=G263/$F$263\"}','{\"G263\":\"realisasi\",\"F263\":\"target\"}'),(28,129,'{\"A1\":\"0\"}','{\"A1\":\"Jumlah Hari Cadangan LPG Operasional\"}','{\"A1\":\"=G107/$F$107\"}','{\"G107\":\"realisasi\",\"F107\":\"target\"}'),(29,370,'{\"A1\":\"0\"}','{\"A1\":\"Jumlah Program Pengembangan Lingkungan dan Masyarakat yang Di Implementasikan\"}','{\"A1\":\"=G264/$F$264\"}','{\"G264\":\"realisasi\",\"F264\":\"target\"}'),(30,130,'{\"A1\":\"0\"}','{\"A1\":\"Persentase Rekomendasi kebijakan dan Dokumen Perencanaan yang Diterima Oleh Stakeholder\"}','{\"A1\":\"=G110/$F$110\"}','{\"G110\":\"realisasi\",\"F110\":\"target\"}'),(31,114,'{\"A1\":\"0\"}','{\"A1\":\"Persentase Realisasi PNBP Migas\"}','{\"A1\":\"=G265/$F$265\"}','{\"G265\":\"realisasi\",\"F265\":\"target\"}'),(32,290,'{\"A1\":\"0\"}','{\"A1\":\"Persentase Kesesuaian Perencanaan Jumlah dan Kesesuaian Wilayah Penerima Paket Konkit untuk Petani terhadap Roadmap untuk Petani\"}','{\"A1\":\"=G181/$F$181\"}','{\"G181\":\"realisasi\",\"F181\":\"target\"}'),(33,115,'{\"A1\":\"0\"}','{\"A1\":\"Persentase Realisasi Penerimaan Negara Migas\"}','{\"A1\":\"=G266/$F$266\"}','{\"G266\":\"realisasi\",\"F266\":\"target\"}'),(34,292,'{\"A1\":\"0\"}','{\"A1\":\"Persentase Realisasi Jumlah dan Kesesuaian Wilayah Penerima Konverter Kit BBM ke BBG terhadap Roadmap untuk Petani\"}','{\"A1\":\"=G182/$F$182\"}','{\"G182\":\"realisasi\",\"F182\":\"target\"}'),(35,293,'{\"A1\":\"0\"}','{\"A1\":\"Persentase Realisasi Jumlah dan Kesesuaian Wilayah Penerima Konverter Kit BBM ke BBG terhadap Roadmap untuk Petani\"}','{\"A1\": \"=G183/$F$183\"}','{\"G183\":\"realisasi\",\"F183\":\"target\"}'),(36,124,'{\"A1\":\"=AVERAGE(G389:G393)\"}','{\"G389\":\"Nilai Indikator Efektivitas Pembinaan dan Pengawasan Subdit Pengembangan WK Migas Konvensional\",\"G390\":\"Nilai Indikator Efektivitas Pembinaan dan Pengawasan Subdit Pengembangan WK Migas Non Konvensional\",\"G391\":\"Nilai Indikator Efektivitas Pembinaan dan Pengawasan Subdit Pengawasan Eksplorasi Migas\",\"G392\":\"Nilai Indikator Efektivitas Pembinaan dan Pengawasan Subdit Penilaian Pengembangan Usaha Hulu Migas\",\"G393\":\"Nilai Indikator Efektivitas Pembinaan dan Pengawasan Subdit Pengawasan Eksploitasi Migas\"}','{\"A1\":\"=G388/$F$388\"}','{\"G388\":\"realisasi\",\"F388\":\"target\"}'),(37,371,'{\"A1\":\"=(E253+E255)/(E254+E256)\"}','{\"E253\":\"Realisasi PNBP Fungsional Ditjen Migas\",\"E255\":\"Realisasi PNBP SDA Migas\",\"E254\":\"Prognosa PNBP Fungsional Ditjen Migas\",\"E256\":\"Prognosa PNBP SDA Migas\"}','{\"A1\":\"=G267/$F$267\"}','{\"G267\":\"realisasi\",\"F267\":\"target\"}'),(38,456,'{\"A1\":\"0\"}','{\"A1\":\"Nilai Indikator Efektivitas Pembinaan dan Pengawasan Subdit Pengembangan WK Migas Konvensional\"}','{\"A1\":\"=G389/$F$389\"}','{\"G389\":\"realisasi\",\"F389\":\"target\"}'),(39,372,'{\"A1\":\"=E253/E254\"}','{\"E253\":\"Realisasi PNBP Fungsional Ditjen Migas\",\"E254\":\"Prognosa PNBP Fungsional Ditjen Migas\"}','{\"A1\":\"=G268/$F$268\"}','{\"G268\":\"realisasi\",\"F268:\"target\"}'),(40,102,'{\"A1\":\"0\"}','{\"A1\":\"Realisasi Pembangunan Infrastruktur Jaringan Gas Bumi untuk Rumah Tangga (APBN)\"}','{\"1\":\"0\"}','{\"1\":\"0\"}'),(41,457,'{\"A1\":\"0\"}','{\"A1\":\"Nilai Indikator Efektivitas Pembinaan dan Pengawasan Subdit Pengembangan WK Migas Non Konvensional\"}','{\"A1\":\"=G390/$F$390\"}','{\"G390\":\"realisasi\",\"F390\":\"target\"}'),(42,103,'{\"A1\":\"0\"}','{\"A1\":\"Realisasi Pembangunan Infrastruktur Jaringan Gas Bumi untuk Rumah Tangga (KPBU)\"}','{\"1\":\"0\"}','{\"1\":\"0\"}'),(43,373,'{\"A1\":\"=E255/E256\"}','{\"E255\":\"Realisasi PNBP SDA Migas\",\"E256\":\"Prognosa PNBP SDA Migas\"}','{\"A1\":\"=G269/$F$269\"}','{\"G269\":\"realisasi\",\"F269\":\"target\"}'),(44,458,'{\"A1\":\"0\"}','{\"A1\":\"Nilai Indikator Efektivitas Pembinaan dan Pengawasan Subdit Pengawasan Eksplorasi Migas\"}','{\"A1\":\"=G391/$F$391\"}','{\"G391\":\"realisasi\",\"F391\":\"target\"}'),(45,459,'{\"A1\":\"0\"}','{\"A1\":\"Nilai Indikator Efektivitas Pembinaan dan Pengawasan Subdit Penilaian Pengembangan Usaha Hulu Migas\"}','{\"A1\":\"=G392/$F$392\"}','{\"G392\":\"realisasi\",\"F392\":\"target\"}'),(46,288,'{\"A1\":\"0\"}','{\"A1\":\"Persentase Kesesuaian Dokumen FEED/DEDC, UKL/UPL terhadap Roadmap Jargas\"}','{\"A1\":\"=G186/$F$186\"}','{\"G186\":\"realisasi\",\"F186\":\"target\"}'),(47,375,'{\"A1\":\"=E257/E258\"}','{\"E257\":\"Realisasi Penerimaan Negara Migas\",\"E258\":\"Prognosa Penerimaan Negara Migas (sesuai PK)\"}','{\"A1\":\"=G270/$F$270\"}','{\"G270\":\"realisasi\",\"F270\":\"target\"}'),(48,460,'{\"A1\":\"0\"}','{\"A1\":\"Nilai Indikator Efektivitas Pembinaan dan Pengawasan Subdit Pengawasan Eksploitasi Migas\"}','{\"A1\":\"=G393/$F$393\"}','{\"G393\":\"realisasi\",\"F393\":\"target\"}'),(49,376,'{\"A1\":\"=(E259+E260)/(E261+E262)\"}','{\"E259\":\"Realisasi Lifting Minyak Bumi\",\"E260\":\"Realisasi Lifting Gas Bumi\",\"E261\":\"Prognosa Lifting Minyak Bumi\",\"E262\":\"Prognosa Lifting Gas Bumi\"}','{\"A1\":\"=G271/$F$271\"}','{\"G271\":\"realisasi\",\"F271\":\"target\"}'),(50,291,'{\"A1\":\"0\"}','{\"A1\":}\"Persentase Kesesuaian Dokumen FEED/DEDC, UKL/UPL terhadap Roadmap Jargas\"','{\"A1\":\"=G187/$F$187\"}','{\"G187\":\"realisasi\",\"F187\":\"target\"}'),(51,377,'{\"A1\":\"=E263/E264\"}','{\"E263\":\"Realisasi Daerah Penghasil Lifting Migas\",\"E264\":\"Progonosa Penetapan Daerah Penghasil Lifting Migas (sesuai PK)\"}','{\"A1\":\"=G272/$F$272\"}','{\"G272\":\"realisasi\",\"F272\":\"target\"}'),(52,95,'{A1\":\"=0\"}','{\"A1\":\"Nilai Evaluasi Kelembagaan\"}','{\"A1\":\"=G514/$F$514\"}','{G514:realisasi,F514:target}'),(53,294,'{\"A1\":\"0\"}','{\"A1\":\"Persentase Pengadaan Jaringan Gas yang Berhasil terhadap Total Pengadaan Jaringan Gas yang Dilakukan\"}','{\"A1\":\"=G188/$F$188\"}','{\"G188\":\"realisasi\",\"F188\":\"target\"}'),(54,131,'{\"A1\":\"=100-(((G140+G143+G149+G159)/4)*100)\"}','{\"G140\":\"Deviasi Penetapan Harga Minyak Mentah Indonesia (ICP)\",\"G143\":\"Deviasi Harga Gas Skema Hulu (Gas Pipa,LNG, LPG dan Gas Suar)\",\"G149\":\"Deviasi Harga Jual Eceran BBM dan LPG\",\"G159\":Deviasi Harga Gas Hilir\"}','{\"A1\":\"=G139/$F$139\"}','{\"G139\":\"realisasi\",\"F139\":\"target\"}'),(55,295,'{\"A1\":\"0\"}','{\"A1\":\"Persentase Pengadaan Jaringan Gas yang Berhasil terhadap Total Pengadaan Jaringan Gas yang Dilakukan\"}','{\"A1\":\"=G189/$F$189\"}','{\"G189\":\"realisasi\",\"F189\":\"target\"}'),(56,125,'{\"A1\":\"=AVERAGE(G395:G399)\"}','{\"G395\":\"Nilai Indikator Efektivitas Pembinaan dan Pengawasan Subdit Pengolahan Migas\",\"G396\":\"Nilai Indikator Efektivitas Pembinaan dan Pengawasan Subdit Pengangkutan Migas\",\"G397\":\"Nilai Indikator Efektivitas Pembinaan dan Pengawasan Subdit Harga dan Subsidi Bahan Bakar\",\"G398\":\"Nilai Indikator Efektivitas Pembinaan dan Pengawasan Subdit Niaga Migas\",\"G399\":\"Nilai Indikator Efektivitas Pembinaan dan Pengawasan Subdit Penyimpanan Migas\"}','{\"A1\":\"=G394/$F$394\"}','{\"G394\":\"realisasi\",\"F394\":\"target\"}'),(57,96,'{\"A1\":\"=(G305+G313+G327+G333+G336)/5\"}','{\"G305\":\"Indeks Kepuasan Layanan Hulu Migas\",\"G313\":\"Indeks Kepuasan Layanan Hilir Migas\",\"G327\":\"Indeks Kepuasan Layanan Keselamatan Migas\",\"G333\":\"Indeks Kepuasan Layanan Program Migas\",\"G336\":\"Indeks Kepuasan Layanan Informasi Migas\"}','{\"A1\":\"=G304/$F$304\"}','{\"G304\":\"realisasi\",\"F304\":\"target\"}'),(58,461,'{\"A1\":\"0\"}','{\"A1\":\"Nilai Indikator Efektivitas Pembinaan dan Pengawasan Subdit Pengolahan Migas\"}','{\"A1\":\"=G395/$F$395\"}','{\"G395\":\"realisasi\",\"F395\":\"target\"}'),(59,296,'{\"A1\":\"0\"}','{\"A1\":\"Persentase Kesesuaian Jumlah dan Kualitas Jaringan Gas yang Dibangun terhadap Dokumen Pelengkap Pembangunan\"}','{\"A1\":\"=G190/$F$190\"}','{\"G190\":\"realisasi\",\"F190\":\"target\"}'),(60,462,'{\"A1\":\"0\"}','{\"A1\":\"Nilai Indikator Efektivitas Pembinaan dan Pengawasan Subdit Pengangkutan Migas\"}','{\"A1\":\"=G396/$F$396\"}','{\"G396\":\"realisasi\",\"F396\":\"target\"}'),(61,259,'{\"A1\":\"0\"}','{\"A1\":\"Persentase Realisasi Usulan Penetapan Harga Minyak Mentah Indonesia (ICP) yang disetujui oleh Dirjen\"}','{\"A1\":\"=G141/$F$141\"}','{\"G141\":\"realisasi\",\"F141\":\"target\"}'),(62,463,'{\"A1\":\"0\"}','{\"A1\":\"Nilai Indikator Efektivitas Pembinaan dan Pengawasan Subdit Harga dan Subsidi Bahan Bakar\"}','{\"A1\":\"=G397/$F$397\"}','{\"G397\":\"realisasi\",\"F397\":\"target\"}'),(63,297,'{\"A1\":\"0\"}','{\"A1\":\"Jumlah Dokumen Kontrak, S-Curve dan Laporan Pengawasan\"}','{\"A1\":\"=G191/$F$191\"}','{\"G191\":\"realisasi\",\"F191\":\"target\"}'),(64,465,'{\"A1\":\"0\"}','{\"A1\":\"Nilai Indikator Efektivitas Pembinaan dan Pengawasan Subdit Niaga Migas\"}','{\"A1\":\"=G398/$F$398\"}','{\"G398\":\"realisasi\",\"F398\":\"target\"}'),(65,93,'{A1\":\"=0\"}','{\"A1\":\"Nilai Evaluasi Kelembagaan\"}','{\"A1\":\"=G514/$F$514\"}','{G514:realisasi,F514:target}'),(66,97,'{\"A1\":\"=(G306+G307+G308+G309+G312)/5\"}','{\"G306\":\"Indeks Kepuasan Layanan Subdit Pengembangan WK Migas Konvensional\",\"G307\":\"Indeks Kepuasan Layanan Subdit Pengembangan WK Migas Non Konvensional\",\"G308\":\"Indeks Kepuasan Layanan Subdit Pengawasan Eksplorasi Migas\",\"G309\":\"Indeks Kepuasan Layanan Subdit Penilaian Pengembangan Usaha Hulu Migas\",\"G312\":\"Indeks Kepuasan Layanan Subdit Pengawasan Eksploitasi Migas\"}','{\"A1\":\"=G305/$F$305\"}','{\"G305\":\"realisasi\",\"F305\":\"target\"}'),(67,464,'{\"A1\":\"0\"}','{\"A1\":\"Nilai Indikator Efektivitas Pembinaan dan Pengawasan Subdit Penyimpanan Migas\"}','{\"A1\":\"=G399/$F$399\"}','{\"G399\":\"realisasi\",\"F399\":\"target\"}'),(68,298,'{\"A1\":\"0\"}','{\"A1\":\"Persentase Utilisasi Jargas Rumah Tangga pada Tahun Berjalan\"}','{\"A1\":\"=G192/$F$192\"}','{\"G192\":\"realisasi\",\"F192\":\"target\"}'),(69,260,'{\"A1\":\"0\"}','{\"A1\":\"Jumlah Usulan Penetapan ICP\"}','{\"A1\":\"=IF(G142=3;100%;0%)\"}','{\"G142\":\"realisasi\",\"F142\":\"target\"}'),(70,479,'{\"A1\":\"0\"}','{\"A1\":\"Indeks Kepuasan Layanan Subdit Pengembangan WK Migas Konvensional\"}','{\"A1\":\"=G306/$F$306\"}','{\"G306\":\"realisasi\",\"F306\":\"target\"}'),(71,261,'{\"A1\":\"0\"}','{\"A1\":\"Persentase Realisasi Usulan Penetapan Harga Gas Skema Hulu yang Disetujui oleh Dirjen (Gas Pipa,LNG, LPG dan Gas Suar)\"}','{\"A1\":\"=G144/$F$144\"}','{\"G144\":\"realisasi\",\"F144\":\"target\"}'),(72,480,'{\"A1\":\"0\"}','{\"A1\":\"Indeks Kepuasan Layanan Subdit Pengembangan WK Migas Non Konvensional\"}','{\"A1\":\"=G307/$F$307\"}','{\"G307:\"realisasi\",\"F307\":\"target\"}'),(73,262,'{\"A1\":\"0\"}','{\"A1\":\"Persentase Usulan Penetapan Harga Gas Hulu Melalui Pipa yang Disetujui oleh Dirjen\"}','{\"A1\":\"=G145/$F$145\"}','{\"G145\":\"realisasi\",\"F145\":\"target\"}'),(74,299,'{\"A1\":\"0\"}','{\"A1\":\"Persentase Utilisasi Jargas Rumah Tangga pada Tahun Berjalan\"}','{\"A1\":\"=G193/$F$193\"}','{\"G193\":\"realisasi\",\"F193\":\"target\"}'),(75,481,'{\"A1\":\"0\"}','{\"A1\":\"Indeks Kepuasan Layanan Subdit Pengawasan Eksplorasi Migas\"}','{\"A1\":\"=G308/$F$308\"}','{\"G308\":\"realisasi\",\"F308\":\"target\"}'),(76,263,'{\"A1\":\"0\"}','{\"A1\":\"Persentase Usulan Penetapan Harga LNG Skema Hulu yang Disetujui oleh Dirjen\"}','{\"A1\":\"=G146/$F$146\"}','{\"G146\":\"realisasi\",\"F146\":\"target\"}'),(77,300,'{\"A1\":\"0\"}','{\"A1\":\"Persentase Realisasi Pembangunan Jargas Rumah Tangga terhadap Dokumen Pengadaan (Kontrak)\"}','{\"A1\":\"=G194/$F$194\"}','{\"G194\":\"realisasi\",\"F194\":\"target\"}'),(78,264,'{\"A1\":\"0\"}','{\"A1\":\"Persentase Rekomendasi Formulasi Harga Gas Kilang LPG dan Kilang Minyak yang Disetujui oleh Dirjen\"}','{\"A1\":\"=G147/$F$147\"}','{\"G147\":\"realisasi\",\"F147\":\"target\"}'),(79,482,'{\"A1\":\"0\"}','{\"A1\":\"Indeks Kepuasan Layanan Subdit Penilaian Pengembangan Usaha Hulu Migas\"}','{\"A1\":\"=G309/$F$309\"}','{\"G309\":\"realisasi\",\"F309\":\"target\"}'),(80,126,'{\"A1\":\"=AVERAGE(G414:G418)\'}','{\"G414\":\"Nilai Indikator Efektivitas Pembinaan dan Pengawasan Subdit Standardisasi Migas\",\"G415\":\"Nilai Indikator Efektivitas Pembinaan dan Pengawasan Subdit Keteknikan dan Keselamatan Lingkungan Migas\",\"G416\":\"Nilai Indikator Efektivitas Pembinaan dan Pengawasan Subdit Keselamatan Hulu Migas\",\"G417\":\"Nilai Indikator Efektivitas Pembinaan dan Pengawasan Subdit Usaha Penunjang Migas\",\"G418\":\"Nilai Indikator Efektivitas Pembinaan dan Pengawasan Subdit Keselamatan Hilir Migas\"}','{\"A1\":\"=G413/$F$413\"}','{\"G413\":\"realisasi\",\"F413\":\"target\"}'),(81,265,'{\"A1\":\"0\"}','{\"A1\":\"Persentase Usulan Penetapan Harga Gas Suar Bakar yang Disetujui oleh Dirjen\"}','{\"A1\":\"=G148/$F$148\"}','{\"G148\":\"realisasi\",\"F148\":\"target\"}'),(82,301,'{\"A1\":\"0\"}','{\"A1\":\"Jumlah Jaringan Gas yang Terbangun dan Siap Beroperasi berdasarkan BAST (APBN)\"}','{\"A1\":\"=G195/$F$195\"}','{\"G195\":\"realisasi\",\"F195\":\"target\"}'),(83,483,'{\"A1\":\"=(1+(1-(E269/E270)))\"}','{\"269\":\"Realisasi pemenuhan SLA Proses Perizinan Pemanfaatan Data untuk PI 10%\",\"E270\":\"Target SLA Proses Perizinan Pemanfaatan Data untuk PI 10% sesuai peraturan\"}','{\"A1\":\"=G310/$F$310\"}','{\"G310\":\"realisasi\",\"F310\":\"target\"}'),(84,583,'{\"A1\":\"0\"}','{\"A1\":\"Nilai Indikator Efektivitas Pembinaan dan Pengawasan Subdit Standardisasi Migas\"}','{\"A1\":\"=G414/$F$414\"}','{\"G414\":\"realisasi\",\"F414\":\"target\"}'),(85,266,'{\"A1\":\"0\"}','{\"A1\":\"Persentase Realisasi Usulan Penetapan Harga Jual Eceran BBM dan LPG yang Disetujui oleh Dirjen\"}','{\"A1\":\"=G150/$F$150\"}','{\"G150\":\"realisasi\",\"F150\":\"target\"}'),(86,584,'{\"A1\":\"0\"}','{\"A1\":\"Nilai Indikator Efektivitas Pembinaan dan Pengawasan Subdit Keteknikan dan Keselamatan Lingkungan Migas\"}','{\"A1\":\"=G415/$F$415\"}','{\"G415\":\"realisasi\",\"F415\":\"target\"}'),(87,302,'{\"A1\":\"0\"}','{\"A1\":\"Fasilitasi Pembangunan Jargas Rumah Tangga menggunakan skema non-APBN\"}','{\"A1\":\"=G196/$F$196\"}','{\"G196\":\"realisasi\",\"F196\":\"target\"}'),(88,484,'{\"A1\":\"=(1+(1-(E271/E272)))\"}','{\"E271\":\"Realisasi pemenuhan SLA Proses Perizinan Pemanfaatan Data untuk WK Pengembangan\",\"E272\":\"target SLA Proses Perizinan Pemanfaatan Data untuk WK Pengembangan sesuai peraturan\"}','{\"A1\":\"=G311/$F$311\"}','{\"G311\":\"realisasi\",\"F311\":\"target\"}'),(89,267,'{\"A1\":\"0\"}','{\"A1\":\"Persentase Realisasi Usulan Penetapan Harga Jual Eceran BBM yang Disetujui oleh Dirjen\"}','{\"A1\":\"=G151/$F$151\"}','{\"G151\":\"realisasi\",\"F151\":\"target\"}'),(90,585,'{\"A1\":\"0\"}','{\"A1\":\"Nilai Indikator Efektivitas Pembinaan dan Pengawasan Subdit Keselamatan Hulu Migas\"}','{\"A1\":\"=G416/$F$416\"}','{\"G416\":\"realisasi\",\"F416\":\"target\"}'),(91,104,'{\"A1\":\"0\"}','{\"A1\":\"Studi Pendahuluan Pembangunan Jaringan Gas Bumi untuk Rumah Tangga melalui Skema KPBU\"}','{\"A1\":\"=G197/$F$197\"}','{\"G197\":\"realisasi\",\"F197\":\"target\"}'),(92,485,'{\"A1\":\"0\"}','{\"A1\":\"Indeks Kepuasan Layanan Subdit Pengawasan Eksploitasi Migas\"}','{\"A1\":\"=G312/$F$312\"}','{\"G312\":\"realisasi\",\"F312\":\"target\"}'),(93,268,'{\"A1\":\"0\"}','{\"A1\":\"Persentase Realisasi Usulan Penetapan Harga Patokan LPG yang Disetujui oleh Dirjen\"}','{\"A1\":\"=G152/$F$152\"}','{\"G152\":\"realisasi\",\"F152\":\"target\"}'),(94,94,'{A1\":\"=0\"}','{\"A1\":\"Nilai Evaluasi Kelembagaan\"}','{\"A1\":\"=G514/$F$514\"}','{G514:realisasi,F514:target}'),(95,586,'{\"A1\":\"0\"}','{\"A1\":\"Nilai Indikator Efektivitas Pembinaan dan Pengawasan Subdit Usaha Penunjang Migas\"}','{\"A1\":\"=G417/$F$417\"}','{\"G417\":\"realisasi\",\"F417\":\"target\"}'),(96,275,'{\"A1\":\"0\"}','{\"A1\":\"Persentase Realisasi Usulan Penetapan Harga Gas Hilir yang Disetujui oleh Dirjen\"}','{\"A1\":\"=G160/$F$160\"}','{\"G160\":\"realisasi\",\"F160\":\"target\"}'),(97,516,'{\"A1\":\"0\"}','{\"A1\":\"Indeks Kepuasan Layanan Subdit Pengolahan Migas\"}','{\"A1\":\"=G314/$F$314\"}','{\"G314\":\"realisasi\",\"F314\":\"target\"}'),(98,587,'{\"A1\":\"0\"}','{\"A1\":\"Nilai Indikator Efektivitas Pembinaan dan Pengawasan Subdit Keselamatan Hilir Migas\"}','{\"A1\":\"=G418/$F$418\"}','{\"G418\":\"realisasi\",\"F418\":\"target\"}'),(99,99,'{\"A1\":\"0\"}','{\"A1\":\"Realisasi Penyediaan Paket Konversi Minyak Tanah ke LPG Tabung 3 Kg\"}','{\"1\":\"0\"}','{\"1\":\"0\"}'),(100,303,'{\"A1\":\"0\"}','{\"A1\":\"Studi Pendahuluan Pembangunan Jaringan Gas Bumi untuk Rumah Tangga melalui Skema KPBU\"}','{\"A1\":\"=G197/$F$197\"}','{\"G197\":\"realisasi\",\"F197\":\"target\"}'),(101,127,'{\"A1\":\"0\"}','{\"A1\":\"Nilai Indikator Efektivitas Pembinaan dan Pengawasan Subdit Pemberdayaan Potensi Dalam Negeri Migas\"}','{\"A1\":\"=G419/$F$419\"}','{\"G419\":\"realisasi\",\"F419\":\"target\"}'),(102,304,'{\"A1\":\"0\"}','{\"A1\":\"Studi Pendahuluan Pembangunan Jaringan Gas Bumi untuk Rumah Tangga melalui Skema KPBU\"}','{\"A1\":\"=G197/$F$197\"}','{\"G197\":\"realisasi\",\"F197\":\"target\"}'),(103,282,'{\"A1\":\"0\"}','{\"A1\":\"Persentase Kesesuaian Perencanaan Jumlah dan Wilayah Penerima Paket terhadap Roadmap Konversi Minyak Tanah ke LPG\"}','{\"A1\":\"=G172/$F$172\"}','{\"G172\":\"realisasi\",\"F172\":\"target\"}'),(104,382,'{\"A1\":\"0\"}','{\"A1\":\"Nilai Indikator Efektivitas Pembinaan dan Pengawasan Subdit Pemberdayaan Potensi Dalam Negeri Migas\"}','{\"A1\":\"=G420/$F$420\"}','{\"G420\":\"realisasi\",\"F420\":\"target\"}'),(105,117,'{\"A1\":\"=(G314+G316+G318+G319+G321)/5\"}','{\"G314\":\"Indeks Kepuasan Layanan Subdit Pengolahan Migas\",\"G316\":\"Indeks Kepuasan Layanan Subdit Pengangkutan Migas\",\"G318\":\"Indeks Kepuasan Layanan Subdit Harga dan Subsidi Bahan Bakar\",\"G319\":\"Indeks Kepuasan Layanan Subdit Niaga Migas\",\"G321\":\"Indeks Kepuasan Layanan Subdit Penyimpanan Migas\"}','{\"A1\":\"=G313/$F$313\"}','{\"G313\":\"realisasi\",\"F313\":\"target\"}'),(106,119,'{\"A1\":\"=\"AVERAGE(G334:G335)\"}','{\"G334\":\"Indeks Kepuasan Layanan Subdit Pemberdayaan Potensi Dalam Negeri Migas\",\"G335\":\"Indeks Kepuasan Layanan Subdit Pengembangan Investasi Migas\"}','{\"A1\":\"=G333/$F$333\"}','{\"G333\":\"realisasi\",\"F333\":\"target\"}'),(107,132,'{\"A1\":\"=AVERAGE(D5:D7)\"}','{\"D5\":\"ICP Januari\",\"D7\":\"ICP Maret\"}','{\"A1\":\"=FORECAST(G140;OFFSET(SCALE!$F$5:$F$7;MATCH(G140;SCALE!$E$5:$E$7;1)-1;0;2);OFFSET(SCALE!$E$5:$E$7;MATCH(G140;SCALE!$E$5:$E$7;1)-1;0;2))\"}','{\"G140\":\"realisasi\",\"F140\":\"target\"}'),(108,378,'{\"A1\":\"0\"}','{\"A1\":\"Indeks Kepuasan Layanan Subdit Pemberdayaan Potensi Dalam Negeri Migas\"}','{\"A1\":\"=G334/$F$334\"}','{\"G334\":\"realisasi\",\"F334\":\"target\"}'),(109,379,'{\"A1\":\"0\"}','{\"A1\":\"Indeks Kepuasan Layanan Subdit Pengembangan Investasi Migas\"}','{\"A1\":\"=G335/$F$335\"}','{\"G335\":\"realisasi\",\"F335\":\"target\"}'),(110,105,'{\"A1\":\"=(((M10/$H$10)+(M11/$H$11)+(M12/$H$12)+(M13/$H$13)+(M14/$H$14)+(M15/$H$15))/6)*100\"}','{\"M10\":\"Kapasitas Fasilitas Penyimpanan Niaga LPG\",\"M11\":\"Kapasitas Fasilitas Filling Station Niaga LPG\",\"M12\":\"Kapasitas Fasilitas Filling Station Niaga LNG\",\"M13\":\"Kapasitas Fasilitas Mother Station Niaga CNG\",\"M14\":\"Kapasitas Fasilitas Niaga Gas Bumi\",\"M15\":\"Kapasitas Fasilitas Niaga Minyak Bumi, BBM dan Hasil Olahan\"}','{\"A1\":\"=G200/$F$200\"}','{\"G200\":\"realisasi\",\"F200\":\"target\"}'),(111,517,'{\"A1\":\"=(1+(1-(E275/E276)))\"}','{\"E275\":\"Realisasi pemenuhan SLA Proses Perizinan Pengolahan Migas\",\"E276\":\"Target SLA Proses Perizinan Pengolahan Migas sesuai peraturan\"}','{\"A1\":\"=G315/$F$315\"}','{\"G315\":\"realisasi\",\"F315\":\"target\"}'),(112,518,'{\"A1\":\"0\"}','{\"A1\":\"Indeks Kepuasan Layanan Subdit Pengangkutan Migas\"}','{\"A1\":\"=G316/$F$316\"}','{\"G316\":\"realisasi\",\"F316\":\"target\"}'),(113,519,'{\"A1\":\"=(1+(1-(E278/E279)))\"}','{\"E278\":\"Realisasi pemenuhan SLA Proses Perizinan Pengangkutan Migas\",\"E279\":\"target SLA Proses Perizinan Pengangkutan Migas sesuai peraturan\"}','{\"A1\":\"=G317/$F$317\"}','{\"G317\":\"realisasi\",\"F317\":\"target\"}'),(114,120,'{\"A1\":\"=AVERAGE(G337:G338)\"','{\"G337\":\"Indeks Kepuasan Layanan Bagian Rencana dan Laporan\",\"G338\":\"Indeks Kepuasan Layanan Bagian Hukum\"}','{\"A1\":\"=G336/$F$336\"}','{\"G336\":\"realisasi\",\"F336\":\"target\"}'),(115,14,'{\"A1\":\"=(E13+E30)/(90)\"}','{\"E13\":\"Realisasi Produksi BBM\", \"E30\":\"Realisasi Produksi Hasil Olahan\"}','{\"A1\":\"=G17/$F$17\"}','{\"G17\":\"realisasi\", \"F17\":\"target\"}'),(116,281,'{\"A1\":\"=E88/E89\"}','{\"E88\":\"Target Paket Konversi Mitan ke LPG (sesuai Renja/PK Berjalan)\", \"E89\":\"Jumlah Paket Konversi Mitan ke LPG sesuai roadmap/target RPJMN/Renstra\"}','{\"A1\":\"=G168/$F$168\"}','{\"G168\":\"realisasi\",\"F168\":\"target\"}'),(117,15,'{\"A1\":\"=(E13+E30)/(90)\"}','{\"E13\":\"Realisasi Produksi BBM\", \"E30\":\"Realisasi Produksi Hasil Olahan\"}','{\"A1\":\"=G17/$F$17\"}','{\"G17\":\"realisasi\", \"F17\":\"target\"}'),(118,284,'{\"A1\":\"0\"}','{\"A1\":\"Persentase Kesesuaian Perencanaan Jumlah dan Kesesuaian Wilayah Penerima Konkit BBM ke BBG terhadap Roadmap untuk Nelayan\"}','{\"A1\":\"=G175/$F$175\"}','{\"G175\":\"realisasi\",\"F175\":\"target\"}'),(119,520,'{\"A1\":\"0\"}','{\"A1\":\"Indeks Kepuasan Layanan Subdit Harga dan Subsidi Bahan Bakar\"}','{\"A1\":\"=G318/$F$318\"}','{\"G318\":\"realisasi\",\"F318\":\"target\"}'),(120,305,'{\"A1\":\"0\"}','{\"A1\":\"Kapasitas Fasilitas Penyimpanan Niaga LPG\"}','{\"A1\":\"=G201/$F$201\"}','{\"G201\":\"realisasi\",\"F201\":\"target\"}'),(121,521,'{\"A1\":\"0\"}','{\"A1\":\"Indeks Kepuasan Layanan Subdit Niaga Migas\"}','{\"A1\":\"=G319/$F$319\"}','{\"G319\":\"realisasi\",\"F319\":\"target\"}'),(122,286,'{\"A1\":\"0\"}','{\"A1\":\"Persentase Realisasi Jumlah dan Kesesuaian Wilayah Penerima Konverter Kit BBM ke BBG terhadap Roadmap untuk Nelayan\"}','{\"A1\":\"=G177/$F$177\"}','{\"G177\":\"realisasi\",\"F177\":\"target\"}'),(123,136,'{\"A1\":\"0\"}','{\"A1\":\"Tingkat Maturitas SPIP Ditjen Migas\"}','{\"A1\":\"=G421/$F$421\"}','{\"G421\":\"realisasi\",\"F421\":\"target\"}'),(124,306,'{\"A1\":\"0\"}','{\"A1\":\"Kapasitas Fasilitas Penyimpanan Niaga LPG\"}','{\"A1\":\"=G201/$F$201\"}','{\"G201\":\"realisasi\",\"F201\":\"target\"}'),(125,137,'{\"A1\":\"0\"}','{\"A1\":\"Tingkat Maturitas SPIP Ditjen Migas\"}','{\"A1\":\"=G422/$F$422\"}','{\"G422\":\"realisasi\",\"F422\":\"target\"}'),(126,522,'{\"A1\":\"=(1+(1-(E282/E283)))\"}','{\"E282\":\"Realisasi pemenuhan SLA Proses Perizinan Niaga Migas\",\"E283\":\"target SLA Proses Perizinan Niaga Migas sesuai peraturan\"}','{\"A1\":\"=G320/$F$320\"}','{\"G320\":\"realisasi\",\"F320\":\"target\"}'),(127,283,'{\"A1\":\"0\"}','{\"A1\":\"Persentase Realisasi Jumlah dan Kesesuaian Wilayah Penerima Paket Konversi Mitan ke LPG 3 KG\"}','{\"A1\":\"=G173/$F$173\"}','{\"G173\":\"realisasi\",\"F173\":\"target\"}'),(128,523,'{\"A1\":\"0\"}','{\"A1\":\"Indeks Kepuasan Layanan Subdit Penyimpanan Migas\"}','{\"A1\":\"=G321/$F$321\"}','{\"G321\":\"realisasi\",\"F321\":\"target\"}'),(129,588,'{\"A1\":\"0\"}','{\"A1\":\"Tingkat Maturitas SPIP Ditjen Migas\"}','{\"A1\":\"=G423/$F$423\"}','{\"G423\":\"realisasi\",\"F423\":\"target\"}'),(130,225,'{\"A1\":\"0\"}','{\"A1\":\"Jumlah Cadangan Minyak Bumi\"}','{\"A1\":\"=G101/$F$101\"}','{\"G101\":\"realisasi\",\"F101\":\"target\"}'),(131,307,'{\"A1\":\"0\"}','{\"A1\":\"Kapasitas Fasilitas Filling Station Niaga LPG\"}','{\"A1\":\"=G203/$F$203\"}','{\"G203\":\"realisasi\",\"F203\":\"target\"}'),(132,589,'{\"A1\":\"0\"}','{\"A1\":\"Nilai Unsur Informasi dan Komunikasi pada Maturitas SPIP\"}','{\"A1\":\"=G424/$F$424\"}','{\"G424\":\"realisasi\",\"F424\":\"target\"}'),(133,227,'{\"A1\":\"0\"}','{\"A1\":\"Jumlah Cadangan Gas Bumi\"}','{\"A1\":\"=G103/$F$103\"}','{\"G103\":\"realisasi\",\"F103\":\"target\"}'),(134,524,'{\"A1\":\"(1+(1-(E285/E286)))\"}','{\"E285\":\"Realisasi pemenuhan SLA Proses Perizinan Penyimpanan Migas\",\"E286\":\"target SLA Proses Perizinan Penyimpanan Migas sesuai peraturan\"}','{\"A1\":\"=G322/$F$322\"}','{\"G322\":\"realisasi\",\"F322\":\"target\"}'),(135,308,'{\"A1\":\"0\"}','{\"A1\":\"Kapasitas Fasilitas Filling Station Niaga LPG\"}','{\"A1\":\"=G203/$F$203\"}','{\"G203\":\"realisasi\",\"F203\":\"target\"}'),(136,228,'{\"A1\":\"0\"}','{\"A1\":\"Jumlah Hari Cadangan BBM Operasional\"}','{\"A1\":\"=G104/$F$104\"}','{\"G104\":\"realisasi\",\"F104\":\"target\"}'),(137,229,'{\"A1\":\"0\"}','{\"A1\":\"Jumlah Hari Cadangan BBM Operasional\"}','{\"A1\":\"=G104/$F$104\"}','{\"G104\":\"realisasi\",\"F104\":\"target\"}'),(138,590,'{\"A1\":\"0\"}','{\"A1\":\"Nilai Unsur Penilaian Resiko pada Maturitas SPIP\"}','{\"A1\":\"=G425/$F$425\"}','{\"G425\":\"realisasi\",\"F425\":\"target\"}'),(139,230,'{\"A1\":\"0\"}','{\"A1\":\"Jumlah Hari Cadangan LPG Operasional\"}','{\"A1\":\"=G107/$F$107\"}','{\"G107\":\"realisasi\",\"F107\":\"target\"}'),(140,309,'{\"A1\":\"0\"}','{\"A1\":\"Kapasitas Fasilitas Filling Station Niaga LNG\"}','{\"A1\":\"=G205/$F$205\"}','{\"G205\":\"realisasi\",\"F205\":\"target\"}'),(141,591,'{\"A1\":\"0\"}','{\"A1\":\"Nilai Unsur Kegiatan Pengendalian pada Maturitas SPIP\"}','{\"A1\":\"=G426/$F$426\"}','{\"G426\":\"realisasi\",\"F426\":\"target\"}'),(142,231,'{\"A1\":\"0\"}','{\"A1\":\"Jumlah Hari Cadangan Operasional LPG\"}','{\"A1\":\"=G107/$F$107\"}','{\"G107\":\"realisasi\",\"F107\":\"target\"}'),(143,312,'{\"A1\":\"0\"}','{\"A1\":\"Kapasitas Fasilitas Filling Station Niaga LNG\"}','{\"A1\":\"=G205/$F$205\"}','{\"G205\":\"realisasi\",\"F205\":\"target\"}'),(144,276,'{\"A1\":\"0\"}','{\"A1\":\"Persentase Realisasi Usulan Penetapan Harga Gas Hilir yang Disetujui oleh Dirjen\"}','{\"A1\":\"=G160/$F$160\"}','{\"G160\":\"realisasi\",\"F160\":\"target\"}'),(145,313,'{\"A1\":\"0\"}','{\"A1\":\"Kapasitas Fasilitas Mother Station Niaga CNG\"}','{\"A1\":\"=G207/$F$207\"}','{\"G207\":\"realisasi\",\"F207\":\"target\"}'),(146,285,'{\"A1\":\"0\"}','{\"A1\":\"Persentase Kesesuaian Perencanaan Jumlah dan Kesesuaian Wilayah Penerima Konkit BBM ke BBG terhadap Roadmap untuk Nelayan\"}','{\"A1\":\"=G176/$F$176\"}','{\"G176\":\"realisasi\",\"F176\":\"target\"}'),(147,592,'{\"A1\":\"0\"}','{\"A1\":\"Nilai Unsur Lingkungan Pengendalian pada Indeks Maturitas SPIP\"}','{\"A1\":\"=G427/$F$427\"}','{\"G427\":\"realisasi\",\"F427\":\"target\"}'),(148,118,'{\"A1\":\"=AVERAGE(G328:G332)\"}','{\"G328\":\"Indeks Kepuasan Layanan Subdit Standardisasi Migas\",\"G329\":\"Indeks Kepuasan Layanan Subdit Keteknikan dan Keselamatan Lingkungan Migas\",\"G300\":\"Indeks Kepuasan Layanan Subdit Keselamatan Hulu Migas\",\"G331\":\"Indeks Kepuasan Layanan Subdit Usaha Penunjang Migas\",\"G332\":\"Indeks Kepuasan Layanan Subdit Keselamatan Hilir Migas\"}','{\"A1\":\"=G327/$F$327\"}','{\"G327\":\"realisasi\",\"F327\":\"target\"}'),(149,287,'{\"A1\":\"0\"}','{\"A1\":\"Persentase Realisasi Jumlah dan Kesesuaian Wilayah Penerima Konverter Kit BBM ke BBG terhadap Roadmap untuk Nelayan\"}','{\"A1\":\"=G178/$F$178\"}','{\"G178\":\"realisasi\",\"F178\":\"target\"}'),(150,314,'{\"A1\":\"0\"}','{\"A1\":\"Kapasitas Fasilitas Mother Station Niaga CNG\"}','{\"A1\":\"=G207/$F$207\"}','{\"G207\":\"realisasi\",\"F207\":\"target\"}'),(151,16,'{\"A1\":\"=E6/C6\", \"E6\":\"=C6-D6\"}','{\"C6\":\"Kuota per surat rekomendasi (bbl)\", \"D6\":\"Realisasi per TW (bbl)\"}','{\"A1\":\"=FORECAST(F6,OFFSET($AV$5:$AV$7,MATCH(F6,$AU$5:$AU$7,1)-1,0,2),OFFSET($AU$5:$AU$7,MATCH(F6,$AU$5:$AU$7,1)-1,0,2))\", \"AU5\":\"0\", \"AU6\":0.3\", \"AU7\":\"1\" ,\"AV5\":\"1.2\", \"AV6\":\"1\", \"AV7\":\"0\"','{\"F6\":\"realisasi\"}'),(152,530,'{\"A1\":\"0\"}','{\"A1\":\"Indeks Kepuasan Layanan Subdit Pengolahan Migas\"}','{\"A1\":\"=G328/$F$328\"}','{\"G328\":\"realisasi\",\"F328\":\"target\"}'),(153,315,'{\"A1\":\"0\"}','{\"A1\":\"Kapasitas Fasilitas Niaga Gas Bumi\"}','{\"A1\":\"=G209/$F$209\"}','{\"G209\":\"realisasi\",\"F209\":\"target\"}'),(154,532,'{\"A1\":\"0\"}','{\"A1\":\"Indeks Kepuasan Layanan Subdit Pengangkutan Migas\"}','{\"A1\":\"=G330/$F$330\"}','{\"G330\":\"realisasi\",\"F330\":\"target\"}'),(155,100,'{\"A1\":\"0\"}','{\"A1\":\"Realisasi Penyediaan Konverter Kit BBM ke Bahan Bakar Gas untuk Nelayan\"}','{\"A1\":\"=J174/$F$174\"}','{\"G174\":\"realisasi\",\"F174\":\"target\"}');
/*!40000 ALTER TABLE `indikator_formula` ENABLE KEYS */;
UNLOCK TABLES;

--
-- Table structure for table `indikator_kompositor`
--

DROP TABLE IF EXISTS `indikator_kompositor`;
/*!40101 SET @saved_cs_client     = @@character_set_client */;
/*!50503 SET character_set_client = utf8mb4 */;
CREATE TABLE `indikator_kompositor` (
  `id` int NOT NULL AUTO_INCREMENT,
  `indikator_id` int DEFAULT NULL,
  `kompositor_id` int DEFAULT NULL,
  PRIMARY KEY (`id`) USING BTREE,
  KEY `IXFK_indikator_kompositor_indikator` (`indikator_id`) USING BTREE,
  KEY `IXFK_indikator_kompositor_kompositor` (`kompositor_id`) USING BTREE,
  CONSTRAINT `FK_indikator_kompositor_indikator` FOREIGN KEY (`indikator_id`) REFERENCES `indikator` (`id`),
  CONSTRAINT `FK_indikator_kompositor_kompositor` FOREIGN KEY (`kompositor_id`) REFERENCES `kompositor` (`id`)
) ENGINE=InnoDB AUTO_INCREMENT=815 DEFAULT CHARSET=utf8mb3 ROW_FORMAT=DYNAMIC;
/*!40101 SET character_set_client = @saved_cs_client */;

--
-- Dumping data for table `indikator_kompositor`
--

LOCK TABLES `indikator_kompositor` WRITE;
/*!40000 ALTER TABLE `indikator_kompositor` DISABLE KEYS */;
INSERT INTO `indikator_kompositor` VALUES (1,1,1),(2,2,2),(3,13,3),(4,13,4),(5,13,5),(6,13,6),(7,13,7),(8,13,8),(9,34,9),(10,34,10),(11,34,11),(12,34,12),(13,34,13),(14,34,14),(15,60,15),(16,60,16),(17,60,17),(18,60,18),(19,60,19),(20,60,20),(21,60,21),(22,60,22),(23,60,23),(24,60,24),(25,60,25),(26,60,26),(28,60,28),(30,60,30),(31,60,31),(32,60,32),(33,60,33),(34,60,34),(35,60,35),(36,60,36),(37,60,37),(39,60,39),(40,60,38),(41,2,40),(42,2,41),(43,2,42),(44,2,43),(45,2,44),(46,2,45),(47,2,46),(48,2,47),(49,2,48),(50,2,49),(51,2,50),(52,2,51),(53,2,52),(54,2,53),(55,2,54),(56,2,55),(57,2,56),(58,2,57),(59,2,58),(60,2,59),(61,2,60),(62,2,61),(63,2,62),(86,3,83),(87,4,84),(88,4,85),(89,4,86),(90,4,87),(91,4,88),(92,4,89),(93,5,90),(94,5,91),(95,5,92),(98,9,95),(102,10,99),(103,11,100),(104,11,101),(105,11,102),(106,11,103),(107,12,104),(109,6,106),(110,6,107),(112,7,109),(113,7,110),(114,8,111),(115,8,112),(116,14,113),(117,14,114),(118,14,115),(119,14,116),(120,15,117),(121,16,118),(122,16,119),(123,16,120),(124,16,121),(125,16,122),(126,19,123),(127,19,124),(128,19,125),(129,19,126),(130,19,127),(131,20,128),(132,23,129),(133,23,130),(134,23,131),(135,23,132),(136,23,133),(137,24,134),(138,27,135),(139,27,136),(140,27,137),(141,27,138),(142,27,139),(143,28,140),(147,37,144),(148,37,145),(149,37,146),(150,37,147),(151,37,148),(152,38,149),(153,41,150),(154,41,151),(155,41,152),(156,41,153),(157,41,154),(158,42,155),(159,63,156),(160,63,157),(161,63,158),(162,63,159),(163,63,160),(164,64,161),(165,65,162),(166,65,163),(167,65,164),(168,65,165),(169,65,166),(170,66,167),(171,213,168),(173,213,170),(174,224,171),(175,224,172),(176,225,173),(177,226,174),(178,226,175),(179,227,176),(180,131,177),(181,132,178),(182,132,179),(183,259,180),(184,259,181),(185,260,182),(186,260,183),(187,133,184),(188,133,185),(189,261,186),(192,261,189),(193,262,190),(194,262,191),(195,263,192),(196,263,193),(197,264,194),(198,264,195),(199,265,196),(201,265,198),(202,134,199),(203,134,200),(204,266,201),(205,266,202),(206,267,203),(207,267,204),(208,268,205),(209,268,206),(210,269,207),(211,135,208),(212,135,209),(213,275,210),(214,275,211),(215,276,212),(216,98,213),(217,99,214),(218,99,215),(219,100,216),(220,281,217),(221,281,218),(222,281,219),(223,282,220),(224,282,221),(225,283,222),(226,100,223),(227,286,224),(228,286,225),(229,287,226),(230,101,227),(231,101,228),(232,289,229),(233,289,230),(234,290,231),(235,292,232),(236,292,233),(237,293,234),(238,102,235),(239,102,236),(240,103,237),(241,103,238),(242,288,239),(243,288,240),(244,291,241),(245,294,242),(246,294,243),(247,295,244),(248,296,245),(249,296,246),(250,297,247),(251,297,248),(252,298,249),(253,298,250),(254,299,251),(255,300,252),(256,300,253),(257,301,254),(258,301,255),(259,302,256),(260,302,257),(261,104,258),(262,104,259),(263,303,260),(264,304,261),(265,105,262),(266,105,263),(267,305,264),(268,305,265),(269,306,266),(270,307,267),(271,307,268),(272,308,269),(273,309,270),(274,309,271),(275,312,272),(276,313,273),(277,313,274),(278,314,275),(279,315,276),(280,315,277),(281,316,278),(282,316,279),(283,106,280),(284,106,281),(285,317,282),(286,317,283),(287,318,284),(288,319,285),(289,319,286),(290,320,287),(291,321,288),(292,321,289),(293,322,290),(294,323,291),(295,323,292),(296,324,293),(297,325,294),(298,325,295),(299,326,296),(300,107,297),(301,107,298),(302,327,299),(303,327,300),(304,328,301),(305,329,302),(306,329,303),(307,330,304),(308,331,305),(309,331,306),(310,332,307),(311,108,308),(312,108,309),(314,333,311),(315,109,312),(316,109,313),(317,345,314),(318,345,315),(319,346,316),(320,347,317),(321,347,318),(322,348,319),(323,349,320),(324,349,321),(325,350,322),(326,351,323),(327,351,324),(328,352,325),(329,110,326),(330,110,327),(331,111,328),(332,353,329),(333,353,330),(334,353,331),(335,354,332),(336,355,333),(337,357,334),(338,357,335),(339,358,336),(340,359,337),(341,359,338),(342,359,339),(343,362,340),(344,362,341),(345,363,342),(346,112,343),(347,113,344),(348,367,345),(349,367,346),(350,368,347),(351,368,348),(352,369,349),(353,369,350),(354,370,351),(355,370,352),(356,114,353),(357,115,354),(358,360,355),(359,371,356),(360,371,357),(361,371,358),(362,371,359),(363,371,360),(364,372,361),(365,372,362),(366,372,363),(367,373,364),(368,373,365),(369,373,366),(370,375,367),(371,375,368),(372,375,369),(373,376,370),(374,376,371),(375,376,372),(376,377,373),(377,377,374),(378,377,375),(379,376,376),(380,376,377),(381,96,378),(382,97,379),(383,479,380),(384,479,381),(385,480,382),(386,480,383),(387,481,384),(388,481,385),(389,482,386),(390,482,387),(391,485,388),(392,485,389),(393,117,390),(394,516,391),(395,516,392),(396,518,393),(397,518,394),(398,520,395),(399,520,396),(400,521,397),(401,521,398),(402,523,399),(403,523,400),(404,118,401),(405,96,402),(406,96,403),(407,530,404),(408,530,405),(409,531,406),(410,531,407),(411,532,408),(412,532,409),(413,533,410),(416,533,413),(417,534,414),(418,534,415),(419,119,416),(420,378,417),(421,378,418),(422,379,419),(423,379,420),(424,120,421),(425,380,422),(426,380,423),(427,381,424),(428,381,425),(429,123,426),(430,124,427),(431,456,428),(432,456,429),(433,457,430),(434,457,431),(435,458,432),(436,458,433),(437,459,434),(438,459,435),(439,460,436),(440,460,437),(441,125,438),(442,461,439),(443,461,440),(444,462,441),(445,462,442),(446,463,443),(447,463,444),(448,465,445),(449,465,446),(450,464,447),(451,464,448),(452,126,449),(453,583,450),(454,583,451),(455,584,452),(456,584,453),(457,585,454),(458,585,455),(459,586,456),(460,586,457),(461,587,458),(462,587,459),(463,127,460),(464,382,461),(465,382,462),(466,96,463),(467,96,464),(468,96,465),(469,483,466),(470,483,467),(471,483,468),(472,484,469),(473,484,470),(474,484,471),(475,517,472),(476,517,473),(477,517,474),(478,519,475),(479,519,476),(480,519,477),(481,522,478),(482,522,479),(483,522,480),(484,524,481),(485,524,482),(486,524,483),(487,123,484),(488,123,485),(489,123,486),(490,123,487),(491,136,488),(492,136,489),(493,137,490),(494,137,491),(495,588,492),(496,588,493),(497,589,494),(498,589,495),(499,590,496),(500,590,497),(501,591,498),(502,591,499),(503,592,500),(504,592,501),(505,593,502),(506,594,503),(507,594,504),(508,595,505),(509,84,506),(510,84,507),(511,85,508),(512,85,509),(513,596,510),(514,596,511),(515,597,512),(516,597,513),(517,598,514),(518,598,515),(519,88,516),(520,88,517),(521,89,518),(522,89,519),(523,600,520),(524,600,521),(525,601,522),(526,601,523),(527,138,524),(528,139,525),(529,602,526),(530,603,527),(531,603,528),(532,603,529),(533,604,530),(534,604,531),(535,604,532),(536,605,533),(537,606,534),(538,607,535),(539,608,536),(540,608,537),(541,609,538),(542,609,539),(543,610,540),(544,610,541),(546,610,543),(547,611,544),(548,611,545),(549,612,546),(550,612,547),(551,613,548),(552,614,549),(553,614,550),(554,615,551),(555,616,552),(556,616,553),(557,617,554),(558,617,555),(559,618,556),(560,619,557),(561,619,558),(562,620,559),(563,621,560),(564,621,561),(565,622,562),(566,623,563),(567,623,564),(568,623,565),(569,624,566),(570,624,567),(571,624,568),(572,625,569),(573,626,570),(574,626,571),(576,627,573),(577,627,574),(578,140,575),(579,140,576),(580,141,577),(581,141,578),(582,628,579),(583,628,580),(584,630,581),(585,630,582),(586,631,583),(587,631,584),(588,632,585),(589,632,586),(590,633,587),(591,633,588),(592,634,589),(593,634,590),(594,629,591),(595,629,592),(596,635,593),(597,636,594),(598,636,595),(599,637,596),(600,638,597),(601,638,598),(602,639,599),(603,142,600),(604,640,601),(605,641,602),(606,641,603),(607,642,604),(608,642,605),(609,643,606),(610,643,607),(611,644,608),(612,645,609),(613,645,610),(614,646,611),(615,646,612),(616,647,613),(617,647,614),(618,648,615),(619,648,616),(620,649,617),(621,650,618),(622,650,619),(623,651,620),(624,651,621),(625,652,622),(626,652,623),(627,653,624),(628,653,625),(629,654,626),(630,654,627),(631,655,628),(632,656,629),(633,657,630),(634,657,631),(635,658,632),(636,658,633),(637,659,634),(638,659,635),(639,660,636),(640,660,637),(641,661,638),(642,661,639),(643,662,640),(644,662,641),(645,92,642),(646,92,643),(647,93,644),(648,93,645),(649,94,646),(650,94,647),(651,95,648),(652,95,649),(653,144,650),(654,144,651),(655,145,652),(656,145,653),(657,383,654),(658,383,655),(659,384,656),(660,384,657),(661,146,658),(662,146,659),(663,147,660),(664,147,661),(666,148,663),(667,148,664),(668,149,665),(669,149,666),(670,150,667),(671,150,668),(672,151,669),(673,151,670),(674,152,671),(675,152,672),(676,153,673),(677,153,674),(678,154,675),(679,154,676),(680,155,677),(681,155,678),(682,156,679),(683,156,680),(684,157,681),(685,157,682),(686,160,683),(687,160,684),(688,161,685),(689,161,686),(690,162,687),(691,162,688),(692,163,689),(693,163,690),(694,164,691),(695,164,692),(696,165,693),(697,165,694),(698,166,695),(699,166,696),(700,170,697),(701,170,698),(702,171,699),(703,171,700),(704,172,701),(705,172,702),(706,173,703),(707,173,704),(708,174,705),(709,174,706),(710,284,707),(711,284,708),(712,285,709),(713,73,710),(714,47,711),(715,47,712),(716,48,713),(717,48,714),(718,48,715),(719,49,716),(720,71,717),(721,71,718),(722,74,719),(723,74,720),(724,128,721),(725,128,722),(726,228,723),(727,228,724),(728,229,725),(729,229,726),(730,129,727),(731,129,728),(732,230,729),(733,230,730),(734,231,731),(735,130,732),(736,130,733),(737,232,734),(738,232,735),(739,233,736),(740,670,737),(741,670,738),(742,176,739),(743,176,740),(744,77,741),(745,77,742),(746,78,743),(747,78,744),(748,79,745),(749,79,746),(750,80,747),(751,80,748),(752,81,749),(753,81,750),(758,3,84),(759,3,90),(760,9,755),(761,9,756),(762,1,2),(763,1,3),(764,1,9),(765,1,15),(766,112,757),(767,124,758),(768,124,759),(769,124,760),(770,124,761),(771,124,762),(772,131,178),(773,131,184),(774,131,199),(775,131,208),(776,125,763),(777,125,764),(778,125,765),(779,125,766),(780,125,767),(781,126,768),(782,126,769),(783,126,770),(784,126,771),(785,126,772),(786,117,773),(787,117,774),(788,117,775),(789,117,776),(790,117,777),(791,119,778),(792,119,779),(793,97,780),(794,97,781),(795,97,782),(796,97,783),(797,97,784),(798,132,785),(799,120,786),(800,132,787),(801,120,788),(802,105,789),(803,105,790),(804,105,791),(805,105,792),(806,105,793),(807,127,794),(808,16,795),(809,118,796),(810,118,797),(811,16,798),(812,118,799),(813,118,800),(814,118,801);
/*!40000 ALTER TABLE `indikator_kompositor` ENABLE KEYS */;
UNLOCK TABLES;

--
-- Table structure for table `indikator_pic`
--

DROP TABLE IF EXISTS `indikator_pic`;
/*!40101 SET @saved_cs_client     = @@character_set_client */;
/*!50503 SET character_set_client = utf8mb4 */;
CREATE TABLE `indikator_pic` (
  `id` int NOT NULL AUTO_INCREMENT,
  `indikator_id` int DEFAULT NULL,
  `pic_id` int DEFAULT NULL,
  `nama_pic` varchar(500) CHARACTER SET utf8mb3 COLLATE utf8mb3_general_ci DEFAULT NULL,
  PRIMARY KEY (`id`) USING BTREE,
  KEY `IXFK_indikator_pic_indikator` (`indikator_id`) USING BTREE,
  KEY `IXFK_indikator_pic_pic` (`pic_id`) USING BTREE,
  CONSTRAINT `FK_indikator_pic_indikator` FOREIGN KEY (`indikator_id`) REFERENCES `indikator` (`id`) ON DELETE RESTRICT ON UPDATE RESTRICT,
  CONSTRAINT `FK_indikator_pic_pic` FOREIGN KEY (`pic_id`) REFERENCES `pic` (`id`) ON DELETE RESTRICT ON UPDATE RESTRICT
) ENGINE=InnoDB AUTO_INCREMENT=796 DEFAULT CHARSET=utf8mb3 ROW_FORMAT=DYNAMIC;
/*!40101 SET character_set_client = @saved_cs_client */;

--
-- Dumping data for table `indikator_pic`
--

LOCK TABLES `indikator_pic` WRITE;
/*!40000 ALTER TABLE `indikator_pic` DISABLE KEYS */;
INSERT INTO `indikator_pic` VALUES (1,1,2,'DME'),(2,1,3,'DMO'),(3,2,2,'DME'),(4,3,4,'DMEP'),(5,4,4,'DMEP'),(6,5,4,'DMEP'),(9,8,5,'DMBS'),(11,10,4,'DMEP'),(13,12,4,'DMEP'),(15,14,6,'DMOO'),(16,14,7,'DMOM'),(17,15,6,'DMOO'),(18,15,7,'DMOM'),(19,16,6,'DMOO'),(20,17,8,'DMOT'),(21,18,8,'DMOT'),(22,19,9,'DMON'),(23,20,9,'DMON'),(24,21,8,'DMOT'),(25,22,8,'DMOT'),(26,23,9,'DMON'),(27,24,9,'DMON'),(29,26,8,'DMOT'),(32,28,9,'DMON'),(33,28,8,'DMOT'),(35,30,8,'DMOT'),(36,31,8,'DMOT'),(38,33,8,'DMOT'),(40,35,6,'DMOO'),(41,35,10,'DMOG'),(42,36,6,'DMOO'),(43,36,10,'DMOG'),(44,37,9,'DMON'),(45,38,9,'DMON'),(46,39,8,'DMOT'),(47,40,8,'DMOT'),(48,41,9,'DMON'),(49,42,8,'DMOT'),(50,43,8,'DMOT'),(51,44,8,'DMOT'),(52,45,8,'DMOT'),(53,46,8,'DMOT'),(55,48,11,'DMOH'),(56,48,12,'DMOS'),(57,49,11,'DMOH'),(58,49,12,'DMOS'),(59,50,12,'DMOS'),(60,51,12,'DMOS'),(61,52,12,'DMOS'),(62,53,12,'DMOS'),(63,54,12,'DMOS'),(64,55,12,'DMOS'),(66,57,12,'DMOS'),(67,58,12,'DMOS'),(68,59,12,'DMOS'),(71,61,6,'DMOO'),(72,61,10,'DMOG'),(73,62,6,'DMOO'),(74,62,10,'DMOG'),(75,63,6,'DMOO'),(76,64,6,'DMOO'),(77,65,9,'DMON'),(78,66,9,'DMON'),(79,67,8,'DMOT'),(81,69,8,'DMOT'),(85,73,6,'DMOO'),(93,80,13,'DMEW'),(99,86,24,'SDML'),(100,87,24,'SDML'),(101,88,24,'SDML'),(102,89,24,'SDML'),(103,90,24,'SDML'),(114,99,28,'DMI'),(116,100,28,'DMI'),(117,101,28,'DMI'),(118,102,28,'DMI'),(119,103,28,'DMI'),(120,104,28,'DMI'),(121,105,3,'DMO'),(122,106,3,'DMO'),(123,107,3,'DMO'),(124,108,3,'DMO'),(125,109,3,'DMO'),(126,110,29,'DMB'),(127,111,29,'DMB'),(128,112,29,'DMB'),(130,114,29,'DMB'),(131,114,17,'DPM'),(132,113,29,'DMB'),(133,115,29,'DMB'),(134,116,17,'DPM'),(135,96,29,'DMB'),(136,96,2,'DME'),(137,96,3,'DMO'),(138,96,30,'DMT'),(139,96,23,'SDM'),(140,97,2,'DME'),(141,117,3,'DMO'),(142,118,30,'DMT'),(143,119,29,'DMB'),(144,120,23,'SDM'),(145,121,17,'DPM'),(146,122,17,'DPM'),(147,123,2,'DME'),(148,123,3,'DMO'),(149,123,30,'DMT'),(150,123,23,'SDM'),(151,123,29,'DMB'),(152,124,2,'DME'),(153,125,3,'DMO'),(155,126,30,'DMT'),(156,127,29,'DMB'),(158,128,3,'DMO'),(159,129,3,'DMO'),(160,130,29,'DMB'),(161,131,29,'DMB'),(162,131,2,'DME'),(163,131,3,'DMO'),(164,132,29,'DMB'),(165,133,29,'DMB'),(166,134,3,'DMO'),(167,135,3,'DMO'),(168,98,3,'DMO'),(169,98,28,'DMI'),(170,136,23,'SDM'),(171,137,23,'SDM'),(172,84,23,'SDM'),(173,85,23,'SDM'),(174,138,30,'DMT'),(175,139,30,'DMT'),(176,140,23,'SDM'),(177,141,23,'SDM'),(178,142,23,'SDM'),(179,143,17,'DPM'),(180,92,23,'SDM'),(181,144,23,'SDM'),(182,145,23,'SDM'),(183,146,29,'DMB'),(184,147,29,'DMB'),(185,148,2,'DME'),(186,149,2,'DME'),(187,150,3,'DMO'),(188,151,3,'DMO'),(189,152,30,'DMT'),(190,153,30,'DMT'),(191,154,28,'DMI'),(192,155,28,'DMI'),(193,156,23,'SDM'),(194,157,23,'SDM'),(195,158,17,'DPM'),(196,159,17,'DPM'),(197,160,23,'SDM'),(198,161,29,'DMB'),(199,162,2,'DME'),(200,163,3,'DMO'),(201,164,30,'DMT'),(202,165,28,'DMI'),(203,166,23,'SDM'),(204,167,17,'DPM'),(205,168,17,'DPM'),(206,169,17,'DPM'),(207,170,23,'SDM'),(208,9,4,'DMEP'),(209,11,4,'DMEP'),(210,171,26,'SDMK'),(211,172,26,'SDMK'),(212,173,26,'SDMK'),(213,174,26,'SDMK'),(214,175,26,'SDMK'),(215,176,26,'SDMK'),(216,177,32,'DPMU'),(217,178,31,'DPMUK'),(218,179,33,'DMIR'),(219,180,34,'DMIB'),(220,181,35,'DMIA'),(221,182,24,'SDML'),(222,183,37,'SDMK'),(223,184,27,'SDMH'),(224,185,25,'SDMU'),(225,186,32,'DPMU'),(226,187,40,'DPMS'),(228,189,42,'DMTO'),(229,188,41,'DMTE'),(230,190,43,'DMTS'),(231,191,44,'DMTL'),(232,192,45,'DMTP'),(235,195,7,'DMOM'),(236,194,12,'DMOS'),(237,193,8,'DMOT'),(239,197,11,'DMOH'),(240,196,10,'DMOG'),(241,7,5,'DMBS'),(242,25,8,'DMOT'),(243,27,9,'DMON'),(244,27,8,'DMOT'),(245,29,8,'DMOT'),(246,32,8,'DMOT'),(247,198,8,'DMOT'),(248,199,8,'DMOT'),(249,34,3,'DMO'),(250,13,3,'DMO'),(251,6,29,'DMB'),(254,47,3,'DMO'),(255,200,12,'DMOS'),(256,201,12,'DMOS'),(257,202,12,'DMOS'),(259,204,12,'DMOS'),(260,203,12,'DMOS'),(262,206,12,'DMOS'),(264,56,12,'DMOS'),(265,60,2,'DME'),(266,60,3,'DMO'),(267,68,8,'DMOT'),(268,70,8,'DMOT'),(269,75,4,'DMEP'),(270,76,4,'DMEP'),(272,74,2,'DME'),(273,71,2,'DME'),(275,77,13,'DMEW'),(276,78,13,'DMEW'),(277,79,13,'DMEW'),(280,82,15,'DMEN/DMEW'),(281,81,15,'DMEN/DMEW'),(282,207,14,'DMEN'),(283,208,14,'DMEN'),(284,209,14,'DMEN'),(285,210,14,'DMEN'),(288,212,14,'DMEN'),(289,211,14,'DMEN'),(290,213,47,'DMEE'),(291,214,47,'DMEE'),(292,215,47,'DMEE'),(293,216,47,'DMEE'),(294,217,47,'DMEE'),(295,218,46,'DMED'),(296,219,46,'DMED'),(297,220,46,'DMED'),(298,221,46,'DMED'),(299,222,46,'DMED'),(300,223,46,'DMED'),(301,224,4,'DMEP'),(303,226,4,'DMEP'),(304,227,4,'DMEP'),(308,229,48,'DMOS/DMOT'),(310,228,48,'DMOS/DMOT'),(311,230,48,'DMOS/DMOT'),(312,231,48,'DMOS/DMOT'),(313,232,5,'DMBS'),(314,233,5,'DMBS'),(315,234,5,'DMBS'),(316,235,5,'DMBS'),(317,236,5,'DMBS'),(318,237,18,'DPMR'),(319,238,19,'DPMR.1'),(320,239,20,'DPMR.2'),(321,240,21,'DPMR.3'),(322,241,22,'DPMR.4'),(323,242,49,'DPMT'),(324,243,50,'DPMT.1'),(325,244,51,'DPMT.2'),(326,245,52,'DPMT.3'),(327,246,53,'DPMT.4'),(328,247,54,'DPMP'),(329,248,55,'DPMP.1'),(330,249,57,'DPMP.2'),(331,250,58,'DPMP.3'),(332,251,59,'DPMA'),(333,252,60,'DPMA.1'),(334,253,61,'DPMA.2'),(335,254,62,'DPMA.3'),(336,255,63,'DPMG'),(337,256,64,'DPMG.1'),(338,257,65,'DPMG.2'),(339,258,66,'DPME'),(341,260,69,'DMBP'),(342,259,69,'DMBP'),(344,262,5,'DMBS'),(345,263,5,'DMBS'),(346,264,5,'DMBS'),(347,265,5,'DMBS'),(348,266,11,'DMOH'),(349,267,11,'DMOH'),(350,268,11,'DMOH'),(351,269,11,'DMOH'),(352,270,11,'DMOH'),(353,271,11,'DMOH'),(354,272,11,'DMOH'),(355,273,11,'DMOH'),(356,274,11,'DMOH'),(357,275,9,'DMON'),(358,276,9,'DMON'),(359,277,11,'DMOH'),(360,278,11,'DMOH'),(361,279,11,'DMOH'),(362,280,11,'DMOH'),(363,281,33,'DMIR'),(364,282,34,'DMIB'),(365,283,34,'DMIB'),(366,284,33,'DMIR'),(367,285,33,'DMIR'),(368,286,34,'DMIB'),(369,287,34,'DMIB'),(370,288,34,'DMIB'),(371,289,33,'DMIR'),(372,290,33,'DMIR'),(373,291,34,'DMIB'),(374,292,34,'DMIB'),(375,293,34,'DMIB'),(376,294,34,'DMIB'),(377,295,34,'DMIB'),(378,296,34,'DMIB'),(379,297,34,'DMIB'),(380,298,34,'DMIB'),(381,299,34,'DMIB'),(382,300,34,'DMIB'),(383,301,34,'DMIB'),(384,302,34,'DMIB'),(385,303,34,'DMIB'),(386,304,34,'DMIB'),(387,305,75,'DMON/DMOG'),(388,306,75,'DMON/DMOG'),(389,307,75,'DMON/DMOG'),(390,308,75,'DMON/DMOG'),(391,309,75,'DMON/DMOG'),(392,310,75,'DMON/DMOG'),(393,311,75,'DMON/DMOG'),(394,312,75,'DMON/DMOG'),(395,313,75,'DMON/DMOG'),(396,314,75,'DMON/DMOG'),(397,315,75,'DMON/DMOG'),(398,316,75,'DMON/DMOG'),(399,317,77,'DMOA/DMOM'),(400,318,77,'DMOA/DMOM'),(401,319,78,'DMOA/DMOG'),(402,320,78,'DMOA/DMOG'),(403,321,78,'DMOA/DMOG'),(404,322,78,'DMOA/DMOG'),(405,323,78,'DMOA/DMOG'),(406,324,78,'DMOA/DMOG'),(407,325,78,'DMOA/DMOG'),(408,326,78,'DMOA/DMOG'),(411,327,84,'DMOO/DMOM'),(412,328,84,'DMOO/DMOM'),(413,329,81,'DMOO/DMOG'),(414,330,81,'DMOO/DMOG'),(415,331,81,'DMOO/DMOG'),(416,332,81,'DMOO/DMOG'),(417,333,79,'DMOO/DMOT'),(418,334,79,'DMOO/DMOT'),(420,336,69,'DMBP'),(421,335,5,'DMBS'),(423,338,87,'DMBI'),(424,337,85,'DMBD'),(425,339,86,'DMBK'),(426,340,13,'DMEW'),(427,341,4,'DMEP'),(428,342,47,'DMEE'),(429,343,14,'DMEN'),(430,344,46,'DMED'),(431,345,80,'DMOS/DMOM'),(432,346,80,'DMOS/DMOM'),(433,347,83,'DMOS/DMOG'),(434,348,83,'DMOS/DMOG'),(435,349,83,'DMOS/DMOG'),(436,350,83,'DMOS/DMOG'),(438,352,83,'DMOS/DMOG'),(439,351,83,'DMOS/DMOG'),(440,353,85,'DMBD'),(441,354,85,'DMBD'),(443,355,85,'DMBD'),(444,356,85,'DMBD'),(447,359,87,'DMBI'),(448,360,87,'DMBI'),(449,357,85,'DMBD'),(450,358,85,'DMBD'),(451,361,87,'DMBI'),(452,362,5,'DMBS'),(453,363,5,'DMBS'),(454,364,87,'DMBI'),(455,365,87,'DMBI'),(456,366,87,'DMBI'),(457,367,86,'DMBK'),(458,368,86,'DMBK'),(459,369,86,'DMBK'),(460,370,86,'DMBK'),(463,372,69,'DMBP'),(464,371,69,'DMBP'),(465,373,69,'DMBP'),(466,374,69,'DMBP'),(467,375,69,'DMBP'),(468,376,69,'DMBP'),(469,377,69,'DMBP'),(470,378,85,'DMBD'),(471,379,87,'DMBI'),(472,380,24,'SDML'),(473,381,27,'SDMH'),(474,382,85,'DMBD'),(475,383,25,'SDMU'),(476,384,25,'SDMU'),(477,93,23,'SDM'),(478,94,25,'SDMU'),(479,95,25,'SDMU'),(480,385,33,'DMIR'),(481,386,34,'DMIB'),(482,387,35,'DMIA'),(483,388,33,'DMIR'),(484,389,34,'DMIB'),(485,390,35,'DMIA'),(486,391,24,'SDML'),(487,392,26,'SDMK'),(488,393,27,'SDMH'),(489,394,25,'SDMU'),(490,395,24,'SDML'),(491,396,26,'SDMK'),(492,397,25,'SDMU'),(494,398,5,'DMBS'),(495,399,69,'DMBP'),(496,400,87,'DMBI'),(497,401,85,'DMBD'),(498,402,86,'DMBK'),(499,403,5,'DMBS'),(500,404,69,'DMBP'),(501,405,87,'DMBI'),(502,406,85,'DMBD'),(503,407,86,'DMBK'),(504,408,13,'DMEW'),(505,409,4,'DMEP'),(506,410,47,'DMEE'),(507,411,14,'DMEN'),(508,412,46,'DMED'),(509,413,13,'DMEW'),(510,414,4,'DMEP'),(511,415,47,'DMEE'),(513,416,14,'DMEN'),(514,417,46,'DMED'),(515,418,8,'DMOT'),(516,419,12,'DMOS'),(517,420,10,'DMOG'),(518,421,7,'DMOM'),(519,422,11,'DMOH'),(520,423,8,'DMOT'),(521,424,12,'DMOS'),(522,425,10,'DMOG'),(523,426,7,'DMOM'),(524,427,11,'DMOH'),(525,428,41,'DMTE'),(526,429,42,'DMTO'),(527,430,43,'DMTS'),(528,431,44,'DMTL'),(529,432,45,'DMTP'),(533,435,43,'DMTS'),(537,434,42,'DMTO'),(538,433,41,'DMTE'),(539,437,45,'DMTP'),(540,436,44,'DMTL'),(541,438,32,'DPMU'),(542,439,40,'DPMS'),(543,440,18,'DPMR'),(544,441,49,'DPMT'),(545,442,54,'DPMP'),(546,443,59,'DPMA'),(548,444,59,'DPMA'),(549,445,88,'DPMK'),(550,446,66,'DPME'),(551,447,32,'DPMU'),(552,448,40,'DPMS'),(553,449,18,'DPMR'),(554,450,49,'DPMT'),(555,451,54,'DPMP'),(556,452,59,'DPMA'),(557,453,63,'DPMG'),(558,454,88,'DPMK'),(559,455,66,'DPME'),(560,456,13,'DMEW'),(561,457,14,'DMEN'),(562,458,47,'DMEE'),(563,459,46,'DMED'),(564,460,4,'DMEP'),(565,461,6,'DMOO'),(566,462,89,'DMOA'),(567,463,11,'DMOH'),(568,464,12,'DMOS'),(569,465,9,'DMON'),(570,466,11,'DMOH'),(571,467,10,'DMOG'),(572,468,10,'DMOG'),(573,469,10,'DMOG'),(574,470,10,'DMOG'),(575,471,7,'DMOM'),(576,472,7,'DMOM'),(577,473,7,'DMOM'),(578,474,7,'DMOM'),(579,475,8,'DMOT'),(580,476,8,'DMOT'),(581,477,8,'DMOT'),(582,478,8,'DMOT'),(583,479,13,'DMEW'),(584,480,14,'DMEN'),(585,481,47,'DMEE'),(586,482,46,'DMED'),(587,483,46,'DMED'),(588,484,46,'DMED'),(589,485,4,'DMEP'),(591,487,92,'DPMUR'),(592,488,92,'DPMUR'),(593,489,40,'DPMS'),(596,492,19,'DPMR.1'),(597,493,20,'DPMR.2'),(598,494,21,'DPMR.3'),(599,495,22,'DPMR.4'),(600,486,32,'DPMU'),(601,491,18,'DPMR'),(604,496,49,'DPMT'),(605,497,50,'DPMT.1'),(606,498,51,'DPMT.2'),(607,499,52,'DPMT.3'),(608,490,94,'DPMSS'),(609,500,53,'DPMT.4'),(610,501,54,'DPMP'),(611,502,55,'DPMP.1'),(612,503,57,'DPMP.2'),(613,504,58,'DPMP.3'),(614,505,59,'DPMA'),(615,506,60,'DPMA.1'),(616,507,61,'DPMA.2'),(617,508,62,'DPMA.3'),(618,509,63,'DPMG'),(619,510,64,'DPMG.1'),(620,511,65,'DPMG.2'),(621,512,66,'DPME'),(623,513,95,'DPME.1'),(624,514,96,'DPME.2'),(625,515,97,'DPME.3'),(626,516,6,'DMOO'),(628,518,89,'DMOA'),(629,517,6,'DMOO'),(630,519,89,'DMOA'),(631,520,11,'DMOH'),(632,521,9,'DMON'),(633,522,9,'DMON'),(634,523,12,'DMOS'),(635,524,12,'DMOS'),(636,525,10,'DMOG'),(637,526,10,'DMOG'),(638,527,10,'DMOG'),(639,528,7,'DMOM'),(640,529,7,'DMOM'),(642,530,43,'DMTS'),(643,531,44,'DMTL'),(644,532,41,'DMTE'),(645,533,45,'DMTP'),(646,534,42,'DMTO'),(647,535,40,'DPMS'),(649,536,100,'DPMSP'),(650,537,18,'DPMR'),(651,538,19,'DPMR.1'),(652,539,20,'DPMR.2'),(653,540,21,'DPMR.3'),(654,541,22,'DPMR.4'),(655,542,49,'DPMT'),(656,543,50,'DPMT.1'),(657,544,50,'DPMT.1'),(658,545,50,'DPMT.1'),(659,546,51,'DPMT.2'),(660,547,52,'DPMT.3'),(661,548,53,'DPMT.4'),(662,549,54,'DPMP'),(663,550,55,'DPMP.1'),(664,551,57,'DPMP.2'),(665,552,58,'DPMP.3'),(666,553,59,'DPMA'),(667,554,60,'DPMA.1'),(668,555,61,'DPMA.2'),(669,556,62,'DPMA.3'),(670,557,63,'DPMG'),(671,558,64,'DPMG.1'),(672,559,65,'DPMG.2'),(673,560,40,'DPMS'),(674,561,100,'DPMSP'),(675,562,18,'DPMR'),(676,563,19,'DPMR.1'),(677,564,20,'DPMR.2'),(678,565,21,'DPMR.3'),(679,566,22,'DPMR.4'),(680,567,49,'DPMT'),(681,568,50,'DPMT.1'),(682,569,51,'DPMT.2'),(683,570,52,'DPMT.3'),(684,571,53,'DPMT.4'),(685,572,54,'DPMP'),(686,573,55,'DPMP.1'),(687,574,57,'DPMP.2'),(688,575,58,'DPMP.3'),(689,576,59,'DPMA'),(690,577,60,'DPMA.1'),(691,578,61,'DPMA.2'),(692,579,62,'DPMA.3'),(694,581,64,'DPMG.1'),(696,580,63,'DPMG'),(697,582,65,'DPMG.2'),(698,583,98,'DMIS'),(699,584,44,'DMTL'),(700,585,41,'DMTE'),(701,586,45,'DMTP'),(702,587,42,'DMTO'),(703,588,24,'SDML'),(704,589,24,'SDML'),(705,590,24,'SDML'),(706,591,24,'SDML'),(707,592,25,'SDMU'),(708,593,25,'SDMU'),(709,594,26,'SDMK'),(710,595,26,'SDMK'),(711,596,24,'SDML'),(712,597,24,'SDML'),(713,598,24,'SDML'),(715,600,24,'SDML'),(716,601,24,'SDML'),(717,602,43,'DMTS'),(718,603,43,'DMTS'),(719,604,43,'DMTS'),(720,605,43,'DMTS'),(721,606,43,'DMTS'),(722,607,43,'DMTS'),(723,608,44,'DMTL'),(724,609,44,'DMTL'),(725,610,44,'DMTL'),(726,611,44,'DMTL'),(727,612,41,'DMTE'),(728,613,41,'DMTE'),(729,614,41,'DMTE'),(730,615,41,'DMTE'),(731,616,41,'DMTE'),(732,617,42,'DMTO'),(733,618,42,'DMTO'),(734,619,42,'DMTO'),(735,620,42,'DMTO'),(737,621,42,'DMTO'),(739,623,45,'DMTP'),(740,622,45,'DMTP'),(741,624,45,'DMTP'),(742,625,45,'DMTP'),(743,626,45,'DMTP'),(744,627,45,'DMTP'),(745,628,25,'SDMU'),(746,629,24,'SDML'),(747,630,25,'SDMU'),(748,631,25,'SDMU'),(749,632,25,'SDMU'),(750,633,25,'SDMU'),(751,634,25,'SDMU'),(752,635,24,'SDML'),(753,636,27,'SDMH'),(754,637,27,'SDMH'),(755,638,27,'SDMH'),(756,639,27,'SDMH'),(757,640,25,'SDMU'),(758,641,25,'SDMU'),(759,642,25,'SDMU'),(760,643,25,'SDMU'),(761,644,26,'SDMK'),(762,645,26,'SDMK'),(763,646,26,'SDMK'),(764,647,26,'SDMK'),(765,648,26,'SDMK'),(766,649,24,'SDML'),(767,650,24,'SDML'),(771,651,24,'SDML'),(772,652,24,'SDML'),(773,653,24,'SDML'),(774,654,24,'SDML'),(775,655,27,'SDMH'),(776,656,27,'SDMH'),(777,657,27,'SDMH'),(778,658,27,'SDMH'),(782,662,27,'SDMH'),(783,660,27,'SDMH'),(784,661,27,'SDMH'),(785,659,27,'SDMH'),(786,663,32,'DPMU'),(787,664,92,'DPMUR'),(788,665,31,'DPMUK'),(790,666,101,'DPMUP'),(791,667,102,'DPMUO'),(792,668,103,'DPMUA'),(793,669,104,'DPMUI'),(794,225,4,'DMEP'),(795,670,35,'SDMK');
/*!40000 ALTER TABLE `indikator_pic` ENABLE KEYS */;
UNLOCK TABLES;

--
-- Table structure for table `input_realisasi`
--

DROP TABLE IF EXISTS `input_realisasi`;
/*!40101 SET @saved_cs_client     = @@character_set_client */;
/*!50503 SET character_set_client = utf8mb4 */;
CREATE TABLE `input_realisasi` (
  `id` int NOT NULL AUTO_INCREMENT,
  `realisasi` double(11,2) DEFAULT NULL,
  `realisasi_format` int DEFAULT NULL,
  `triwulan_id` int DEFAULT NULL,
  `laporan_capaian_id` int DEFAULT NULL,
  PRIMARY KEY (`id`) USING BTREE,
  KEY `IXFK_input_realisasi_laporan_capaian` (`laporan_capaian_id`) USING BTREE,
  KEY `IXFK_input_realisasi_triwulan` (`triwulan_id`) USING BTREE,
  CONSTRAINT `FK_input_realisasi_laporan_capaian` FOREIGN KEY (`laporan_capaian_id`) REFERENCES `laporan_capaian` (`id`),
  CONSTRAINT `FK_input_realisasi_triwulan` FOREIGN KEY (`triwulan_id`) REFERENCES `triwulan` (`id`)
) ENGINE=InnoDB AUTO_INCREMENT=10604 DEFAULT CHARSET=utf8mb3 ROW_FORMAT=DYNAMIC;
/*!40101 SET character_set_client = @saved_cs_client */;

--
-- Dumping data for table `input_realisasi`
--

LOCK TABLES `input_realisasi` WRITE;
/*!40000 ALTER TABLE `input_realisasi` DISABLE KEYS */;
INSERT INTO `input_realisasi` VALUES (7944,0.00,1,1,2064),(7945,0.00,NULL,2,2064),(7946,0.00,NULL,3,2064),(7947,0.00,NULL,4,2064),(7948,1.47,1,1,2065),(7949,0.00,NULL,2,2065),(7950,0.00,NULL,3,2065),(7951,0.00,NULL,4,2065),(7952,1788.33,1,1,2066),(7953,0.00,NULL,2,2066),(7954,0.00,NULL,3,2066),(7955,0.00,NULL,4,2066),(7956,621.19,1,1,2067),(7957,0.00,NULL,2,2067),(7958,0.00,NULL,3,2067),(7959,0.00,NULL,4,2067),(7960,1167.14,NULL,1,2068),(7961,0.00,NULL,2,2068),(7962,0.00,NULL,3,2068),(7963,0.00,NULL,4,2068),(7964,0.00,NULL,1,2069),(7965,0.00,NULL,2,2069),(7966,0.00,NULL,3,2069),(7967,0.00,NULL,4,2069),(7968,0.00,NULL,1,2070),(7969,0.00,NULL,2,2070),(7970,0.00,NULL,3,2070),(7971,0.00,NULL,4,2070),(7972,0.00,NULL,1,2071),(7973,0.00,NULL,2,2071),(7974,0.00,NULL,3,2071),(7975,0.00,NULL,4,2071),(7976,0.49,2,1,2072),(7977,0.00,NULL,2,2072),(7978,0.00,NULL,3,2072),(7979,0.00,NULL,4,2072),(7980,0.00,NULL,1,2073),(7981,0.00,NULL,2,2073),(7982,0.00,NULL,3,2073),(7983,0.00,NULL,4,2073),(7984,0.00,NULL,1,2074),(7985,0.00,NULL,2,2074),(7986,0.00,NULL,3,2074),(7987,0.00,NULL,4,2074),(7988,0.00,NULL,1,2075),(7989,0.00,NULL,2,2075),(7990,0.00,NULL,3,2075),(7991,0.00,NULL,4,2075),(7992,2.41,1,1,2076),(7993,0.00,NULL,2,2076),(7994,0.00,NULL,3,2076),(7995,0.00,NULL,4,2076),(7996,0.00,NULL,1,2077),(7997,0.00,NULL,2,2077),(7998,0.00,NULL,3,2077),(7999,0.00,NULL,4,2077),(8000,0.00,NULL,1,2078),(8001,0.00,NULL,2,2078),(8002,0.00,NULL,3,2078),(8003,0.00,NULL,4,2078),(8004,0.00,NULL,1,2079),(8005,0.00,NULL,2,2079),(8006,0.00,NULL,3,2079),(8007,0.00,NULL,4,2079),(8008,0.00,NULL,1,2080),(8009,0.00,NULL,2,2080),(8010,0.00,NULL,3,2080),(8011,0.00,NULL,4,2080),(8012,0.00,NULL,1,2081),(8013,0.00,NULL,2,2081),(8014,0.00,NULL,3,2081),(8015,0.00,NULL,4,2081),(8016,0.00,NULL,1,2082),(8017,0.00,NULL,2,2082),(8018,0.00,NULL,3,2082),(8019,0.00,NULL,4,2082),(8020,0.00,NULL,1,2083),(8021,0.00,NULL,2,2083),(8022,0.00,NULL,3,2083),(8023,0.00,NULL,4,2083),(8024,0.00,NULL,1,2084),(8025,0.00,NULL,2,2084),(8026,0.00,NULL,3,2084),(8027,0.00,NULL,4,2084),(8028,0.00,NULL,1,2085),(8029,0.00,NULL,2,2085),(8030,0.00,NULL,3,2085),(8031,0.00,NULL,4,2085),(8032,0.00,NULL,1,2086),(8033,0.00,NULL,2,2086),(8034,0.00,NULL,3,2086),(8035,0.00,NULL,4,2086),(8036,0.00,NULL,1,2087),(8037,0.00,NULL,2,2087),(8038,0.00,NULL,3,2087),(8039,0.00,NULL,4,2087),(8040,0.00,NULL,1,2088),(8041,0.00,NULL,2,2088),(8042,0.00,NULL,3,2088),(8043,0.00,NULL,4,2088),(8044,0.00,NULL,1,2089),(8045,0.00,NULL,2,2089),(8046,0.00,NULL,3,2089),(8047,0.00,NULL,4,2089),(8048,0.00,NULL,1,2090),(8049,0.00,NULL,2,2090),(8050,0.00,NULL,3,2090),(8051,0.00,NULL,4,2090),(8052,0.00,NULL,1,2091),(8053,0.00,NULL,2,2091),(8054,0.00,NULL,3,2091),(8055,0.00,NULL,4,2091),(8056,0.00,NULL,1,2092),(8057,0.00,NULL,2,2092),(8058,0.00,NULL,3,2092),(8059,0.00,NULL,4,2092),(8060,0.00,NULL,1,2093),(8061,0.00,NULL,2,2093),(8062,0.00,NULL,3,2093),(8063,0.00,NULL,4,2093),(8064,0.00,NULL,1,2094),(8065,0.00,NULL,2,2094),(8066,0.00,NULL,3,2094),(8067,0.00,NULL,4,2094),(8068,0.00,NULL,1,2095),(8069,0.00,NULL,2,2095),(8070,0.00,NULL,3,2095),(8071,0.00,NULL,4,2095),(8072,0.00,NULL,1,2096),(8073,0.00,NULL,2,2096),(8074,0.00,NULL,3,2096),(8075,0.00,NULL,4,2096),(8076,3.52,1,1,2097),(8077,0.00,NULL,2,2097),(8078,0.00,NULL,3,2097),(8079,0.00,NULL,4,2097),(8080,0.00,NULL,1,2098),(8081,0.00,NULL,2,2098),(8082,0.00,NULL,3,2098),(8083,0.00,NULL,4,2098),(8084,0.00,NULL,1,2099),(8085,0.00,NULL,2,2099),(8086,0.00,NULL,3,2099),(8087,0.00,NULL,4,2099),(8088,0.00,NULL,1,2100),(8089,0.00,NULL,2,2100),(8090,0.00,NULL,3,2100),(8091,0.00,NULL,4,2100),(8092,0.00,NULL,1,2101),(8093,0.00,NULL,2,2101),(8094,0.00,NULL,3,2101),(8095,0.00,NULL,4,2101),(8096,0.00,NULL,1,2102),(8097,0.00,NULL,2,2102),(8098,0.00,NULL,3,2102),(8099,0.00,NULL,4,2102),(8100,0.00,NULL,1,2103),(8101,0.00,NULL,2,2103),(8102,0.00,NULL,3,2103),(8103,0.00,NULL,4,2103),(8104,0.00,NULL,1,2104),(8105,0.00,NULL,2,2104),(8106,0.00,NULL,3,2104),(8107,0.00,NULL,4,2104),(8108,0.00,NULL,1,2105),(8109,0.00,NULL,2,2105),(8110,0.00,NULL,3,2105),(8111,0.00,NULL,4,2105),(8112,0.00,NULL,1,2106),(8113,0.00,NULL,2,2106),(8114,0.00,NULL,3,2106),(8115,0.00,NULL,4,2106),(8116,0.00,NULL,1,2107),(8117,0.00,NULL,2,2107),(8118,0.00,NULL,3,2107),(8119,0.00,NULL,4,2107),(8120,0.00,NULL,1,2108),(8121,0.00,NULL,2,2108),(8122,0.00,NULL,3,2108),(8123,0.00,NULL,4,2108),(8124,0.00,NULL,1,2109),(8125,0.00,NULL,2,2109),(8126,0.00,NULL,3,2109),(8127,0.00,NULL,4,2109),(8128,0.00,NULL,1,2110),(8129,0.00,NULL,2,2110),(8130,0.00,NULL,3,2110),(8131,0.00,NULL,4,2110),(8132,0.00,NULL,1,2111),(8133,0.00,NULL,2,2111),(8134,0.00,NULL,3,2111),(8135,0.00,NULL,4,2111),(8136,0.00,NULL,1,2112),(8137,0.00,NULL,2,2112),(8138,0.00,NULL,3,2112),(8139,0.00,NULL,4,2112),(8140,0.00,NULL,1,2113),(8141,0.00,NULL,2,2113),(8142,0.00,NULL,3,2113),(8143,0.00,NULL,4,2113),(8144,0.00,NULL,1,2114),(8145,0.00,NULL,2,2114),(8146,0.00,NULL,3,2114),(8147,0.00,NULL,4,2114),(8148,0.00,NULL,1,2115),(8149,0.00,NULL,2,2115),(8150,0.00,NULL,3,2115),(8151,0.00,NULL,4,2115),(8152,0.00,NULL,1,2116),(8153,0.00,NULL,2,2116),(8154,0.00,NULL,3,2116),(8155,0.00,NULL,4,2116),(8156,0.00,NULL,1,2117),(8157,0.00,NULL,2,2117),(8158,0.00,NULL,3,2117),(8159,0.00,NULL,4,2117),(8160,0.00,NULL,1,2118),(8161,0.00,NULL,2,2118),(8162,0.00,NULL,3,2118),(8163,0.00,NULL,4,2118),(8164,0.00,NULL,1,2119),(8165,0.00,NULL,2,2119),(8166,0.00,NULL,3,2119),(8167,0.00,NULL,4,2119),(8168,0.00,NULL,1,2120),(8169,0.00,NULL,2,2120),(8170,0.00,NULL,3,2120),(8171,0.00,NULL,4,2120),(8172,0.00,NULL,1,2121),(8173,0.00,NULL,2,2121),(8174,0.00,NULL,3,2121),(8175,0.00,NULL,4,2121),(8176,0.00,NULL,1,2122),(8177,0.00,NULL,2,2122),(8178,0.00,NULL,3,2122),(8179,0.00,NULL,4,2122),(8180,0.00,NULL,1,2123),(8181,0.00,NULL,2,2123),(8182,0.00,NULL,3,2123),(8183,0.00,NULL,4,2123),(8184,0.00,NULL,1,2124),(8185,0.00,NULL,2,2124),(8186,0.00,NULL,3,2124),(8187,0.00,NULL,4,2124),(8188,0.00,NULL,1,2125),(8189,0.00,NULL,2,2125),(8190,0.00,NULL,3,2125),(8191,0.00,NULL,4,2125),(8192,0.00,NULL,1,2126),(8193,0.00,NULL,2,2126),(8194,0.00,NULL,3,2126),(8195,0.00,NULL,4,2126),(8196,0.00,NULL,1,2127),(8197,0.00,NULL,2,2127),(8198,0.00,NULL,3,2127),(8199,0.00,NULL,4,2127),(8200,0.00,NULL,1,2128),(8201,0.00,NULL,2,2128),(8202,0.00,NULL,3,2128),(8203,0.00,NULL,4,2128),(8204,0.00,NULL,1,2129),(8205,0.00,NULL,2,2129),(8206,0.00,NULL,3,2129),(8207,0.00,NULL,4,2129),(8208,0.00,NULL,1,2130),(8209,0.00,NULL,2,2130),(8210,0.00,NULL,3,2130),(8211,0.00,NULL,4,2130),(8212,0.00,NULL,1,2131),(8213,0.00,NULL,2,2131),(8214,0.00,NULL,3,2131),(8215,0.00,NULL,4,2131),(8216,0.00,NULL,1,2132),(8217,0.00,NULL,2,2132),(8218,0.00,NULL,3,2132),(8219,0.00,NULL,4,2132),(8220,0.00,NULL,1,2133),(8221,0.00,NULL,2,2133),(8222,0.00,NULL,3,2133),(8223,0.00,NULL,4,2133),(8224,0.00,NULL,1,2134),(8225,0.00,NULL,2,2134),(8226,0.00,NULL,3,2134),(8227,0.00,NULL,4,2134),(8228,0.00,NULL,1,2135),(8229,0.00,NULL,2,2135),(8230,0.00,NULL,3,2135),(8231,0.00,NULL,4,2135),(8232,0.00,NULL,1,2136),(8233,0.00,NULL,2,2136),(8234,0.00,NULL,3,2136),(8235,0.00,NULL,4,2136),(8236,0.00,NULL,1,2137),(8237,0.00,NULL,2,2137),(8238,0.00,NULL,3,2137),(8239,0.00,NULL,4,2137),(8240,0.00,NULL,1,2138),(8241,0.00,NULL,2,2138),(8242,0.00,NULL,3,2138),(8243,0.00,NULL,4,2138),(8244,0.00,NULL,1,2139),(8245,0.00,NULL,2,2139),(8246,0.00,NULL,3,2139),(8247,0.00,NULL,4,2139),(8248,0.00,NULL,1,2140),(8249,0.00,NULL,2,2140),(8250,0.00,NULL,3,2140),(8251,0.00,NULL,4,2140),(8252,0.00,NULL,1,2141),(8253,0.00,NULL,2,2141),(8254,0.00,NULL,3,2141),(8255,0.00,NULL,4,2141),(8256,0.00,NULL,1,2142),(8257,0.00,NULL,2,2142),(8258,0.00,NULL,3,2142),(8259,0.00,NULL,4,2142),(8260,0.00,NULL,1,2143),(8261,0.00,NULL,2,2143),(8262,0.00,NULL,3,2143),(8263,0.00,NULL,4,2143),(8264,0.00,NULL,1,2144),(8265,0.00,NULL,2,2144),(8266,0.00,NULL,3,2144),(8267,0.00,NULL,4,2144),(8268,0.00,NULL,1,2145),(8269,0.00,NULL,2,2145),(8270,0.00,NULL,3,2145),(8271,0.00,NULL,4,2145),(8272,0.00,NULL,1,2146),(8273,0.00,NULL,2,2146),(8274,0.00,NULL,3,2146),(8275,0.00,NULL,4,2146),(8276,0.00,NULL,1,2147),(8277,0.00,NULL,2,2147),(8278,0.00,NULL,3,2147),(8279,0.00,NULL,4,2147),(8280,0.00,NULL,1,2148),(8281,0.00,NULL,2,2148),(8282,0.00,NULL,3,2148),(8283,0.00,NULL,4,2148),(8284,0.00,NULL,1,2149),(8285,0.00,NULL,2,2149),(8286,0.00,NULL,3,2149),(8287,0.00,NULL,4,2149),(8288,0.00,NULL,1,2150),(8289,0.00,NULL,2,2150),(8290,0.00,NULL,3,2150),(8291,0.00,NULL,4,2150),(8292,0.00,NULL,1,2151),(8293,0.00,NULL,2,2151),(8294,0.00,NULL,3,2151),(8295,0.00,NULL,4,2151),(8296,72.00,NULL,1,2152),(8297,0.00,NULL,2,2152),(8298,0.00,NULL,3,2152),(8299,0.00,NULL,4,2152),(8300,0.00,NULL,1,2153),(8301,0.00,NULL,2,2153),(8302,0.00,NULL,3,2153),(8303,0.00,NULL,4,2153),(8304,0.00,NULL,1,2154),(8305,0.00,NULL,2,2154),(8306,0.00,NULL,3,2154),(8307,0.00,NULL,4,2154),(8308,0.00,NULL,1,2155),(8309,0.00,NULL,2,2155),(8310,0.00,NULL,3,2155),(8311,0.00,NULL,4,2155),(8312,0.00,NULL,1,2156),(8313,0.00,NULL,2,2156),(8314,0.00,NULL,3,2156),(8315,0.00,NULL,4,2156),(8316,0.00,NULL,1,2157),(8317,0.00,NULL,2,2157),(8318,0.00,NULL,3,2157),(8319,0.00,NULL,4,2157),(8320,0.00,NULL,1,2158),(8321,0.00,NULL,2,2158),(8322,0.00,NULL,3,2158),(8323,0.00,NULL,4,2158),(8324,0.00,NULL,1,2159),(8325,0.00,NULL,2,2159),(8326,0.00,NULL,3,2159),(8327,0.00,NULL,4,2159),(8328,0.00,NULL,1,2160),(8329,0.00,NULL,2,2160),(8330,0.00,NULL,3,2160),(8331,0.00,NULL,4,2160),(8332,0.00,NULL,1,2161),(8333,0.00,NULL,2,2161),(8334,0.00,NULL,3,2161),(8335,0.00,NULL,4,2161),(8336,0.00,NULL,1,2162),(8337,0.00,NULL,2,2162),(8338,0.00,NULL,3,2162),(8339,0.00,NULL,4,2162),(8340,0.00,NULL,1,2163),(8341,0.00,NULL,2,2163),(8342,0.00,NULL,3,2163),(8343,0.00,NULL,4,2163),(8344,0.00,NULL,1,2164),(8345,0.00,NULL,2,2164),(8346,0.00,NULL,3,2164),(8347,0.00,NULL,4,2164),(8348,0.00,NULL,1,2165),(8349,0.00,NULL,2,2165),(8350,0.00,NULL,3,2165),(8351,0.00,NULL,4,2165),(8352,0.00,NULL,1,2166),(8353,0.00,NULL,2,2166),(8354,0.00,NULL,3,2166),(8355,0.00,NULL,4,2166),(8356,0.00,NULL,1,2167),(8357,0.00,NULL,2,2167),(8358,0.00,NULL,3,2167),(8359,0.00,NULL,4,2167),(8360,0.00,NULL,1,2168),(8361,0.00,NULL,2,2168),(8362,0.00,NULL,3,2168),(8363,0.00,NULL,4,2168),(8364,0.00,NULL,1,2169),(8365,0.00,NULL,2,2169),(8366,0.00,NULL,3,2169),(8367,0.00,NULL,4,2169),(8368,0.00,NULL,1,2170),(8369,0.00,NULL,2,2170),(8370,0.00,NULL,3,2170),(8371,0.00,NULL,4,2170),(8372,0.00,NULL,1,2171),(8373,0.00,NULL,2,2171),(8374,0.00,NULL,3,2171),(8375,0.00,NULL,4,2171),(8376,0.00,NULL,1,2172),(8377,0.00,NULL,2,2172),(8378,0.00,NULL,3,2172),(8379,0.00,NULL,4,2172),(8380,0.00,NULL,1,2173),(8381,0.00,NULL,2,2173),(8382,0.00,NULL,3,2173),(8383,0.00,NULL,4,2173),(8384,0.00,NULL,1,2174),(8385,0.00,NULL,2,2174),(8386,0.00,NULL,3,2174),(8387,0.00,NULL,4,2174),(8388,0.00,NULL,1,2175),(8389,0.00,NULL,2,2175),(8390,0.00,NULL,3,2175),(8391,0.00,NULL,4,2175),(8392,0.00,NULL,1,2176),(8393,0.00,NULL,2,2176),(8394,0.00,NULL,3,2176),(8395,0.00,NULL,4,2176),(8396,0.00,NULL,1,2177),(8397,0.00,NULL,2,2177),(8398,0.00,NULL,3,2177),(8399,0.00,NULL,4,2177),(8400,0.00,NULL,1,2178),(8401,0.00,NULL,2,2178),(8402,0.00,NULL,3,2178),(8403,0.00,NULL,4,2178),(8404,0.00,NULL,1,2179),(8405,0.00,NULL,2,2179),(8406,0.00,NULL,3,2179),(8407,0.00,NULL,4,2179),(8408,0.00,NULL,1,2180),(8409,0.00,NULL,2,2180),(8410,0.00,NULL,3,2180),(8411,0.00,NULL,4,2180),(8412,0.00,NULL,1,2181),(8413,0.00,NULL,2,2181),(8414,0.00,NULL,3,2181),(8415,0.00,NULL,4,2181),(8416,0.00,NULL,1,2182),(8417,0.00,NULL,2,2182),(8418,0.00,NULL,3,2182),(8419,0.00,NULL,4,2182),(8420,0.00,NULL,1,2183),(8421,0.00,NULL,2,2183),(8422,0.00,NULL,3,2183),(8423,0.00,NULL,4,2183),(8424,0.00,NULL,1,2184),(8425,0.00,NULL,2,2184),(8426,0.00,NULL,3,2184),(8427,0.00,NULL,4,2184),(8428,0.00,NULL,1,2185),(8429,0.00,NULL,2,2185),(8430,0.00,NULL,3,2185),(8431,0.00,NULL,4,2185),(8432,0.00,NULL,1,2186),(8433,0.00,NULL,2,2186),(8434,0.00,NULL,3,2186),(8435,0.00,NULL,4,2186),(8436,0.00,NULL,1,2187),(8437,0.00,NULL,2,2187),(8438,0.00,NULL,3,2187),(8439,0.00,NULL,4,2187),(8440,0.00,NULL,1,2188),(8441,0.00,NULL,2,2188),(8442,0.00,NULL,3,2188),(8443,0.00,NULL,4,2188),(8444,0.00,NULL,1,2189),(8445,0.00,NULL,2,2189),(8446,0.00,NULL,3,2189),(8447,0.00,NULL,4,2189),(8448,0.00,NULL,1,2190),(8449,0.00,NULL,2,2190),(8450,0.00,NULL,3,2190),(8451,0.00,NULL,4,2190),(8452,0.00,NULL,1,2191),(8453,0.00,NULL,2,2191),(8454,0.00,NULL,3,2191),(8455,0.00,NULL,4,2191),(8456,0.00,NULL,1,2192),(8457,0.00,NULL,2,2192),(8458,0.00,NULL,3,2192),(8459,0.00,NULL,4,2192),(8460,0.00,NULL,1,2193),(8461,0.00,NULL,2,2193),(8462,0.00,NULL,3,2193),(8463,0.00,NULL,4,2193),(8464,0.00,NULL,1,2194),(8465,0.00,NULL,2,2194),(8466,0.00,NULL,3,2194),(8467,0.00,NULL,4,2194),(8468,0.00,NULL,1,2195),(8469,0.00,NULL,2,2195),(8470,0.00,NULL,3,2195),(8471,0.00,NULL,4,2195),(8472,0.00,NULL,1,2196),(8473,0.00,NULL,2,2196),(8474,0.00,NULL,3,2196),(8475,0.00,NULL,4,2196),(8476,0.00,NULL,1,2197),(8477,0.00,NULL,2,2197),(8478,0.00,NULL,3,2197),(8479,0.00,NULL,4,2197),(8480,0.00,NULL,1,2198),(8481,0.00,NULL,2,2198),(8482,0.00,NULL,3,2198),(8483,0.00,NULL,4,2198),(8484,0.00,NULL,1,2199),(8485,0.00,NULL,2,2199),(8486,0.00,NULL,3,2199),(8487,0.00,NULL,4,2199),(8488,0.00,NULL,1,2200),(8489,0.00,NULL,2,2200),(8490,0.00,NULL,3,2200),(8491,0.00,NULL,4,2200),(8492,0.00,NULL,1,2201),(8493,0.00,NULL,2,2201),(8494,0.00,NULL,3,2201),(8495,0.00,NULL,4,2201),(8496,0.00,NULL,1,2202),(8497,0.00,NULL,2,2202),(8498,0.00,NULL,3,2202),(8499,0.00,NULL,4,2202),(8500,0.00,NULL,1,2203),(8501,0.00,NULL,2,2203),(8502,0.00,NULL,3,2203),(8503,0.00,NULL,4,2203),(8504,0.00,NULL,1,2204),(8505,0.00,NULL,2,2204),(8506,0.00,NULL,3,2204),(8507,0.00,NULL,4,2204),(8508,0.00,NULL,1,2205),(8509,0.00,NULL,2,2205),(8510,0.00,NULL,3,2205),(8511,0.00,NULL,4,2205),(8512,0.00,NULL,1,2206),(8513,0.00,NULL,2,2206),(8514,0.00,NULL,3,2206),(8515,0.00,NULL,4,2206),(8516,0.00,NULL,1,2207),(8517,0.00,NULL,2,2207),(8518,0.00,NULL,3,2207),(8519,0.00,NULL,4,2207),(8520,0.00,NULL,1,2208),(8521,0.00,NULL,2,2208),(8522,0.00,NULL,3,2208),(8523,0.00,NULL,4,2208),(8524,0.00,NULL,1,2209),(8525,0.00,NULL,2,2209),(8526,0.00,NULL,3,2209),(8527,0.00,NULL,4,2209),(8528,0.00,NULL,1,2210),(8529,0.00,NULL,2,2210),(8530,0.00,NULL,3,2210),(8531,0.00,NULL,4,2210),(8532,0.00,NULL,1,2211),(8533,0.00,NULL,2,2211),(8534,0.00,NULL,3,2211),(8535,0.00,NULL,4,2211),(8536,0.00,NULL,1,2212),(8537,0.00,NULL,2,2212),(8538,0.00,NULL,3,2212),(8539,0.00,NULL,4,2212),(8540,0.00,NULL,1,2213),(8541,0.00,NULL,2,2213),(8542,0.00,NULL,3,2213),(8543,0.00,NULL,4,2213),(8544,0.00,NULL,1,2214),(8545,0.00,NULL,2,2214),(8546,0.00,NULL,3,2214),(8547,0.00,NULL,4,2214),(8548,0.00,NULL,1,2215),(8549,0.00,NULL,2,2215),(8550,0.00,NULL,3,2215),(8551,0.00,NULL,4,2215),(8552,0.00,NULL,1,2216),(8553,0.00,NULL,2,2216),(8554,0.00,NULL,3,2216),(8555,0.00,NULL,4,2216),(8556,0.00,NULL,1,2217),(8557,0.00,NULL,2,2217),(8558,0.00,NULL,3,2217),(8559,0.00,NULL,4,2217),(8560,0.00,NULL,1,2218),(8561,0.00,NULL,2,2218),(8562,0.00,NULL,3,2218),(8563,0.00,NULL,4,2218),(8564,0.00,NULL,1,2219),(8565,0.00,NULL,2,2219),(8566,0.00,NULL,3,2219),(8567,0.00,NULL,4,2219),(8568,0.00,NULL,1,2220),(8569,0.00,NULL,2,2220),(8570,0.00,NULL,3,2220),(8571,0.00,NULL,4,2220),(8572,0.00,NULL,1,2221),(8573,0.00,NULL,2,2221),(8574,0.00,NULL,3,2221),(8575,0.00,NULL,4,2221),(8576,0.00,NULL,1,2222),(8577,0.00,NULL,2,2222),(8578,0.00,NULL,3,2222),(8579,0.00,NULL,4,2222),(8580,0.00,NULL,1,2223),(8581,0.00,NULL,2,2223),(8582,0.00,NULL,3,2223),(8583,0.00,NULL,4,2223),(8584,0.00,NULL,1,2224),(8585,0.00,NULL,2,2224),(8586,0.00,NULL,3,2224),(8587,0.00,NULL,4,2224),(8588,0.00,NULL,1,2225),(8589,0.00,NULL,2,2225),(8590,0.00,NULL,3,2225),(8591,0.00,NULL,4,2225),(8592,0.00,NULL,1,2226),(8593,0.00,NULL,2,2226),(8594,0.00,NULL,3,2226),(8595,0.00,NULL,4,2226),(8596,0.00,NULL,1,2227),(8597,0.00,NULL,2,2227),(8598,0.00,NULL,3,2227),(8599,0.00,NULL,4,2227),(8600,0.00,NULL,1,2228),(8601,0.00,NULL,2,2228),(8602,0.00,NULL,3,2228),(8603,0.00,NULL,4,2228),(8604,0.00,NULL,1,2229),(8605,0.00,NULL,2,2229),(8606,0.00,NULL,3,2229),(8607,0.00,NULL,4,2229),(8608,0.00,NULL,1,2230),(8609,0.00,NULL,2,2230),(8610,0.00,NULL,3,2230),(8611,0.00,NULL,4,2230),(8612,0.00,NULL,1,2231),(8613,0.00,NULL,2,2231),(8614,0.00,NULL,3,2231),(8615,0.00,NULL,4,2231),(8616,0.00,NULL,1,2232),(8617,0.00,NULL,2,2232),(8618,0.00,NULL,3,2232),(8619,0.00,NULL,4,2232),(8620,0.00,NULL,1,2233),(8621,0.00,NULL,2,2233),(8622,0.00,NULL,3,2233),(8623,0.00,NULL,4,2233),(8624,0.00,NULL,1,2234),(8625,0.00,NULL,2,2234),(8626,0.00,NULL,3,2234),(8627,0.00,NULL,4,2234),(8628,0.00,NULL,1,2235),(8629,0.00,NULL,2,2235),(8630,0.00,NULL,3,2235),(8631,0.00,NULL,4,2235),(8632,0.00,NULL,1,2236),(8633,0.00,NULL,2,2236),(8634,0.00,NULL,3,2236),(8635,0.00,NULL,4,2236),(8636,0.00,NULL,1,2237),(8637,0.00,NULL,2,2237),(8638,0.00,NULL,3,2237),(8639,0.00,NULL,4,2237),(8640,0.00,NULL,1,2238),(8641,0.00,NULL,2,2238),(8642,0.00,NULL,3,2238),(8643,0.00,NULL,4,2238),(8644,0.00,NULL,1,2239),(8645,0.00,NULL,2,2239),(8646,0.00,NULL,3,2239),(8647,0.00,NULL,4,2239),(8648,0.00,NULL,1,2240),(8649,0.00,NULL,2,2240),(8650,0.00,NULL,3,2240),(8651,0.00,NULL,4,2240),(8652,0.00,NULL,1,2241),(8653,0.00,NULL,2,2241),(8654,0.00,NULL,3,2241),(8655,0.00,NULL,4,2241),(8656,0.00,NULL,1,2242),(8657,0.00,NULL,2,2242),(8658,0.00,NULL,3,2242),(8659,0.00,NULL,4,2242),(8660,0.00,NULL,1,2243),(8661,0.00,NULL,2,2243),(8662,0.00,NULL,3,2243),(8663,0.00,NULL,4,2243),(8664,0.00,NULL,1,2244),(8665,0.00,NULL,2,2244),(8666,0.00,NULL,3,2244),(8667,0.00,NULL,4,2244),(8668,0.00,NULL,1,2245),(8669,0.00,NULL,2,2245),(8670,0.00,NULL,3,2245),(8671,0.00,NULL,4,2245),(8672,0.00,NULL,1,2246),(8673,0.00,NULL,2,2246),(8674,0.00,NULL,3,2246),(8675,0.00,NULL,4,2246),(8676,0.00,NULL,1,2247),(8677,0.00,NULL,2,2247),(8678,0.00,NULL,3,2247),(8679,0.00,NULL,4,2247),(8680,0.00,NULL,1,2248),(8681,0.00,NULL,2,2248),(8682,0.00,NULL,3,2248),(8683,0.00,NULL,4,2248),(8684,0.00,NULL,1,2249),(8685,0.00,NULL,2,2249),(8686,0.00,NULL,3,2249),(8687,0.00,NULL,4,2249),(8688,0.00,NULL,1,2250),(8689,0.00,NULL,2,2250),(8690,0.00,NULL,3,2250),(8691,0.00,NULL,4,2250),(8692,0.00,NULL,1,2251),(8693,0.00,NULL,2,2251),(8694,0.00,NULL,3,2251),(8695,0.00,NULL,4,2251),(8696,0.00,NULL,1,2252),(8697,0.00,NULL,2,2252),(8698,0.00,NULL,3,2252),(8699,0.00,NULL,4,2252),(8700,0.00,NULL,1,2253),(8701,0.00,NULL,2,2253),(8702,0.00,NULL,3,2253),(8703,0.00,NULL,4,2253),(8704,0.00,NULL,1,2254),(8705,0.00,NULL,2,2254),(8706,0.00,NULL,3,2254),(8707,0.00,NULL,4,2254),(8708,0.00,NULL,1,2255),(8709,0.00,NULL,2,2255),(8710,0.00,NULL,3,2255),(8711,0.00,NULL,4,2255),(8712,0.00,NULL,1,2256),(8713,0.00,NULL,2,2256),(8714,0.00,NULL,3,2256),(8715,0.00,NULL,4,2256),(8716,0.00,NULL,1,2257),(8717,0.00,NULL,2,2257),(8718,0.00,NULL,3,2257),(8719,0.00,NULL,4,2257),(8720,0.00,NULL,1,2258),(8721,0.00,NULL,2,2258),(8722,0.00,NULL,3,2258),(8723,0.00,NULL,4,2258),(8724,0.00,NULL,1,2259),(8725,0.00,NULL,2,2259),(8726,0.00,NULL,3,2259),(8727,0.00,NULL,4,2259),(8728,0.00,NULL,1,2260),(8729,0.00,NULL,2,2260),(8730,0.00,NULL,3,2260),(8731,0.00,NULL,4,2260),(8732,0.00,NULL,1,2261),(8733,0.00,NULL,2,2261),(8734,0.00,NULL,3,2261),(8735,0.00,NULL,4,2261),(8736,0.00,NULL,1,2262),(8737,0.00,NULL,2,2262),(8738,0.00,NULL,3,2262),(8739,0.00,NULL,4,2262),(8740,0.00,NULL,1,2263),(8741,0.00,NULL,2,2263),(8742,0.00,NULL,3,2263),(8743,0.00,NULL,4,2263),(8744,0.00,NULL,1,2264),(8745,0.00,NULL,2,2264),(8746,0.00,NULL,3,2264),(8747,0.00,NULL,4,2264),(8748,0.00,NULL,1,2265),(8749,0.00,NULL,2,2265),(8750,0.00,NULL,3,2265),(8751,0.00,NULL,4,2265),(8752,0.00,NULL,1,2266),(8753,0.00,NULL,2,2266),(8754,0.00,NULL,3,2266),(8755,0.00,NULL,4,2266),(8756,0.00,NULL,1,2267),(8757,0.00,NULL,2,2267),(8758,0.00,NULL,3,2267),(8759,0.00,NULL,4,2267),(8760,0.00,NULL,1,2268),(8761,0.00,NULL,2,2268),(8762,0.00,NULL,3,2268),(8763,0.00,NULL,4,2268),(8764,0.00,NULL,1,2269),(8765,0.00,NULL,2,2269),(8766,0.00,NULL,3,2269),(8767,0.00,NULL,4,2269),(8768,0.00,NULL,1,2270),(8769,0.00,NULL,2,2270),(8770,0.00,NULL,3,2270),(8771,0.00,NULL,4,2270),(8772,0.00,NULL,1,2271),(8773,0.00,NULL,2,2271),(8774,0.00,NULL,3,2271),(8775,0.00,NULL,4,2271),(8776,0.00,NULL,1,2272),(8777,0.00,NULL,2,2272),(8778,0.00,NULL,3,2272),(8779,0.00,NULL,4,2272),(8780,0.00,NULL,1,2273),(8781,0.00,NULL,2,2273),(8782,0.00,NULL,3,2273),(8783,0.00,NULL,4,2273),(8784,0.00,NULL,1,2274),(8785,0.00,NULL,2,2274),(8786,0.00,NULL,3,2274),(8787,0.00,NULL,4,2274),(8788,0.00,NULL,1,2275),(8789,0.00,NULL,2,2275),(8790,0.00,NULL,3,2275),(8791,0.00,NULL,4,2275),(8792,0.00,NULL,1,2276),(8793,0.00,NULL,2,2276),(8794,0.00,NULL,3,2276),(8795,0.00,NULL,4,2276),(8796,0.00,NULL,1,2277),(8797,0.00,NULL,2,2277),(8798,0.00,NULL,3,2277),(8799,0.00,NULL,4,2277),(8800,0.00,NULL,1,2278),(8801,0.00,NULL,2,2278),(8802,0.00,NULL,3,2278),(8803,0.00,NULL,4,2278),(8804,0.00,NULL,1,2279),(8805,0.00,NULL,2,2279),(8806,0.00,NULL,3,2279),(8807,0.00,NULL,4,2279),(8808,0.00,NULL,1,2280),(8809,0.00,NULL,2,2280),(8810,0.00,NULL,3,2280),(8811,0.00,NULL,4,2280),(8812,0.00,NULL,1,2281),(8813,0.00,NULL,2,2281),(8814,0.00,NULL,3,2281),(8815,0.00,NULL,4,2281),(8816,0.00,NULL,1,2282),(8817,0.00,NULL,2,2282),(8818,0.00,NULL,3,2282),(8819,0.00,NULL,4,2282),(8820,0.00,NULL,1,2283),(8821,0.00,NULL,2,2283),(8822,0.00,NULL,3,2283),(8823,0.00,NULL,4,2283),(8824,0.00,NULL,1,2284),(8825,0.00,NULL,2,2284),(8826,0.00,NULL,3,2284),(8827,0.00,NULL,4,2284),(8828,0.00,NULL,1,2285),(8829,0.00,NULL,2,2285),(8830,0.00,NULL,3,2285),(8831,0.00,NULL,4,2285),(8832,0.00,NULL,1,2286),(8833,0.00,NULL,2,2286),(8834,0.00,NULL,3,2286),(8835,0.00,NULL,4,2286),(8836,0.00,NULL,1,2287),(8837,0.00,NULL,2,2287),(8838,0.00,NULL,3,2287),(8839,0.00,NULL,4,2287),(8840,0.00,NULL,1,2288),(8841,0.00,NULL,2,2288),(8842,0.00,NULL,3,2288),(8843,0.00,NULL,4,2288),(8844,0.00,NULL,1,2289),(8845,0.00,NULL,2,2289),(8846,0.00,NULL,3,2289),(8847,0.00,NULL,4,2289),(8848,0.00,NULL,1,2290),(8849,0.00,NULL,2,2290),(8850,0.00,NULL,3,2290),(8851,0.00,NULL,4,2290),(8852,0.00,NULL,1,2291),(8853,0.00,NULL,2,2291),(8854,0.00,NULL,3,2291),(8855,0.00,NULL,4,2291),(8856,0.00,NULL,1,2292),(8857,0.00,NULL,2,2292),(8858,0.00,NULL,3,2292),(8859,0.00,NULL,4,2292),(8860,0.00,NULL,1,2293),(8861,0.00,NULL,2,2293),(8862,0.00,NULL,3,2293),(8863,0.00,NULL,4,2293),(8864,0.00,NULL,1,2294),(8865,0.00,NULL,2,2294),(8866,0.00,NULL,3,2294),(8867,0.00,NULL,4,2294),(8868,0.00,NULL,1,2295),(8869,0.00,NULL,2,2295),(8870,0.00,NULL,3,2295),(8871,0.00,NULL,4,2295),(8872,0.00,NULL,1,2296),(8873,0.00,NULL,2,2296),(8874,0.00,NULL,3,2296),(8875,0.00,NULL,4,2296),(8876,0.00,NULL,1,2297),(8877,0.00,NULL,2,2297),(8878,0.00,NULL,3,2297),(8879,0.00,NULL,4,2297),(8880,0.00,NULL,1,2298),(8881,0.00,NULL,2,2298),(8882,0.00,NULL,3,2298),(8883,0.00,NULL,4,2298),(8884,0.00,NULL,1,2299),(8885,0.00,NULL,2,2299),(8886,0.00,NULL,3,2299),(8887,0.00,NULL,4,2299),(8888,0.00,NULL,1,2300),(8889,0.00,NULL,2,2300),(8890,0.00,NULL,3,2300),(8891,0.00,NULL,4,2300),(8892,0.00,NULL,1,2301),(8893,0.00,NULL,2,2301),(8894,0.00,NULL,3,2301),(8895,0.00,NULL,4,2301),(8896,0.00,NULL,1,2302),(8897,0.00,NULL,2,2302),(8898,0.00,NULL,3,2302),(8899,0.00,NULL,4,2302),(8900,0.00,NULL,1,2303),(8901,0.00,NULL,2,2303),(8902,0.00,NULL,3,2303),(8903,0.00,NULL,4,2303),(8904,0.00,NULL,1,2304),(8905,0.00,NULL,2,2304),(8906,0.00,NULL,3,2304),(8907,0.00,NULL,4,2304),(8908,0.00,NULL,1,2305),(8909,0.00,NULL,2,2305),(8910,0.00,NULL,3,2305),(8911,0.00,NULL,4,2305),(8912,0.00,NULL,1,2306),(8913,0.00,NULL,2,2306),(8914,0.00,NULL,3,2306),(8915,0.00,NULL,4,2306),(8916,0.00,NULL,1,2307),(8917,0.00,NULL,2,2307),(8918,0.00,NULL,3,2307),(8919,0.00,NULL,4,2307),(8920,0.00,NULL,1,2308),(8921,0.00,NULL,2,2308),(8922,0.00,NULL,3,2308),(8923,0.00,NULL,4,2308),(8924,0.00,NULL,1,2309),(8925,0.00,NULL,2,2309),(8926,0.00,NULL,3,2309),(8927,0.00,NULL,4,2309),(8928,0.00,NULL,1,2310),(8929,0.00,NULL,2,2310),(8930,0.00,NULL,3,2310),(8931,0.00,NULL,4,2310),(8932,0.00,NULL,1,2311),(8933,0.00,NULL,2,2311),(8934,0.00,NULL,3,2311),(8935,0.00,NULL,4,2311),(8936,0.00,NULL,1,2312),(8937,0.00,NULL,2,2312),(8938,0.00,NULL,3,2312),(8939,0.00,NULL,4,2312),(8940,0.00,NULL,1,2313),(8941,0.00,NULL,2,2313),(8942,0.00,NULL,3,2313),(8943,0.00,NULL,4,2313),(8944,0.00,NULL,1,2314),(8945,0.00,NULL,2,2314),(8946,0.00,NULL,3,2314),(8947,0.00,NULL,4,2314),(8948,0.00,NULL,1,2315),(8949,0.00,NULL,2,2315),(8950,0.00,NULL,3,2315),(8951,0.00,NULL,4,2315),(8952,0.00,NULL,1,2316),(8953,0.00,NULL,2,2316),(8954,0.00,NULL,3,2316),(8955,0.00,NULL,4,2316),(8956,0.00,NULL,1,2317),(8957,0.00,NULL,2,2317),(8958,0.00,NULL,3,2317),(8959,0.00,NULL,4,2317),(8960,0.00,NULL,1,2318),(8961,0.00,NULL,2,2318),(8962,0.00,NULL,3,2318),(8963,0.00,NULL,4,2318),(8964,0.00,NULL,1,2319),(8965,0.00,NULL,2,2319),(8966,0.00,NULL,3,2319),(8967,0.00,NULL,4,2319),(8968,0.00,NULL,1,2320),(8969,0.00,NULL,2,2320),(8970,0.00,NULL,3,2320),(8971,0.00,NULL,4,2320),(8972,0.00,NULL,1,2321),(8973,0.00,NULL,2,2321),(8974,0.00,NULL,3,2321),(8975,0.00,NULL,4,2321),(8976,0.00,NULL,1,2322),(8977,0.00,NULL,2,2322),(8978,0.00,NULL,3,2322),(8979,0.00,NULL,4,2322),(8980,0.00,NULL,1,2323),(8981,0.00,NULL,2,2323),(8982,0.00,NULL,3,2323),(8983,0.00,NULL,4,2323),(8984,0.00,NULL,1,2324),(8985,0.00,NULL,2,2324),(8986,0.00,NULL,3,2324),(8987,0.00,NULL,4,2324),(8988,0.00,NULL,1,2325),(8989,0.00,NULL,2,2325),(8990,0.00,NULL,3,2325),(8991,0.00,NULL,4,2325),(8992,0.00,NULL,1,2326),(8993,0.00,NULL,2,2326),(8994,0.00,NULL,3,2326),(8995,0.00,NULL,4,2326),(8996,0.00,NULL,1,2327),(8997,0.00,NULL,2,2327),(8998,0.00,NULL,3,2327),(8999,0.00,NULL,4,2327),(9000,0.00,NULL,1,2328),(9001,0.00,NULL,2,2328),(9002,0.00,NULL,3,2328),(9003,0.00,NULL,4,2328),(9004,0.00,NULL,1,2329),(9005,0.00,NULL,2,2329),(9006,0.00,NULL,3,2329),(9007,0.00,NULL,4,2329),(9008,0.00,NULL,1,2330),(9009,0.00,NULL,2,2330),(9010,0.00,NULL,3,2330),(9011,0.00,NULL,4,2330),(9012,0.00,NULL,1,2331),(9013,0.00,NULL,2,2331),(9014,0.00,NULL,3,2331),(9015,0.00,NULL,4,2331),(9016,0.00,NULL,1,2332),(9017,0.00,NULL,2,2332),(9018,0.00,NULL,3,2332),(9019,0.00,NULL,4,2332),(9020,0.00,NULL,1,2333),(9021,0.00,NULL,2,2333),(9022,0.00,NULL,3,2333),(9023,0.00,NULL,4,2333),(9024,0.00,NULL,1,2334),(9025,0.00,NULL,2,2334),(9026,0.00,NULL,3,2334),(9027,0.00,NULL,4,2334),(9028,0.00,NULL,1,2335),(9029,0.00,NULL,2,2335),(9030,0.00,NULL,3,2335),(9031,0.00,NULL,4,2335),(9032,0.00,NULL,1,2336),(9033,0.00,NULL,2,2336),(9034,0.00,NULL,3,2336),(9035,0.00,NULL,4,2336),(9036,0.00,NULL,1,2337),(9037,0.00,NULL,2,2337),(9038,0.00,NULL,3,2337),(9039,0.00,NULL,4,2337),(9040,0.00,NULL,1,2338),(9041,0.00,NULL,2,2338),(9042,0.00,NULL,3,2338),(9043,0.00,NULL,4,2338),(9044,0.00,NULL,1,2339),(9045,0.00,NULL,2,2339),(9046,0.00,NULL,3,2339),(9047,0.00,NULL,4,2339),(9048,0.00,NULL,1,2340),(9049,0.00,NULL,2,2340),(9050,0.00,NULL,3,2340),(9051,0.00,NULL,4,2340),(9052,0.00,NULL,1,2341),(9053,0.00,NULL,2,2341),(9054,0.00,NULL,3,2341),(9055,0.00,NULL,4,2341),(9056,0.00,NULL,1,2342),(9057,0.00,NULL,2,2342),(9058,0.00,NULL,3,2342),(9059,0.00,NULL,4,2342),(9060,0.00,NULL,1,2343),(9061,0.00,NULL,2,2343),(9062,0.00,NULL,3,2343),(9063,0.00,NULL,4,2343),(9064,0.00,NULL,1,2344),(9065,0.00,NULL,2,2344),(9066,0.00,NULL,3,2344),(9067,0.00,NULL,4,2344),(9068,0.00,NULL,1,2345),(9069,0.00,NULL,2,2345),(9070,0.00,NULL,3,2345),(9071,0.00,NULL,4,2345),(9072,0.00,NULL,1,2346),(9073,0.00,NULL,2,2346),(9074,0.00,NULL,3,2346),(9075,0.00,NULL,4,2346),(9076,0.00,NULL,1,2347),(9077,0.00,NULL,2,2347),(9078,0.00,NULL,3,2347),(9079,0.00,NULL,4,2347),(9080,0.00,NULL,1,2348),(9081,0.00,NULL,2,2348),(9082,0.00,NULL,3,2348),(9083,0.00,NULL,4,2348),(9084,0.00,NULL,1,2349),(9085,0.00,NULL,2,2349),(9086,0.00,NULL,3,2349),(9087,0.00,NULL,4,2349),(9088,0.00,NULL,1,2350),(9089,0.00,NULL,2,2350),(9090,0.00,NULL,3,2350),(9091,0.00,NULL,4,2350),(9092,0.00,NULL,1,2351),(9093,0.00,NULL,2,2351),(9094,0.00,NULL,3,2351),(9095,0.00,NULL,4,2351),(9096,0.00,NULL,1,2352),(9097,0.00,NULL,2,2352),(9098,0.00,NULL,3,2352),(9099,0.00,NULL,4,2352),(9100,0.00,NULL,1,2353),(9101,0.00,NULL,2,2353),(9102,0.00,NULL,3,2353),(9103,0.00,NULL,4,2353),(9104,0.00,NULL,1,2354),(9105,0.00,NULL,2,2354),(9106,0.00,NULL,3,2354),(9107,0.00,NULL,4,2354),(9108,0.00,NULL,1,2355),(9109,0.00,NULL,2,2355),(9110,0.00,NULL,3,2355),(9111,0.00,NULL,4,2355),(9112,0.00,NULL,1,2356),(9113,0.00,NULL,2,2356),(9114,0.00,NULL,3,2356),(9115,0.00,NULL,4,2356),(9116,0.00,NULL,1,2357),(9117,0.00,NULL,2,2357),(9118,0.00,NULL,3,2357),(9119,0.00,NULL,4,2357),(9120,0.00,NULL,1,2358),(9121,0.00,NULL,2,2358),(9122,0.00,NULL,3,2358),(9123,0.00,NULL,4,2358),(9124,0.00,NULL,1,2359),(9125,0.00,NULL,2,2359),(9126,0.00,NULL,3,2359),(9127,0.00,NULL,4,2359),(9128,0.00,NULL,1,2360),(9129,0.00,NULL,2,2360),(9130,0.00,NULL,3,2360),(9131,0.00,NULL,4,2360),(9132,0.00,NULL,1,2361),(9133,0.00,NULL,2,2361),(9134,0.00,NULL,3,2361),(9135,0.00,NULL,4,2361),(9136,0.00,NULL,1,2362),(9137,0.00,NULL,2,2362),(9138,0.00,NULL,3,2362),(9139,0.00,NULL,4,2362),(9140,0.00,NULL,1,2363),(9141,0.00,NULL,2,2363),(9142,0.00,NULL,3,2363),(9143,0.00,NULL,4,2363),(9144,0.00,NULL,1,2364),(9145,0.00,NULL,2,2364),(9146,0.00,NULL,3,2364),(9147,0.00,NULL,4,2364),(9148,0.00,NULL,1,2365),(9149,0.00,NULL,2,2365),(9150,0.00,NULL,3,2365),(9151,0.00,NULL,4,2365),(9152,0.00,NULL,1,2366),(9153,0.00,NULL,2,2366),(9154,0.00,NULL,3,2366),(9155,0.00,NULL,4,2366),(9156,0.00,NULL,1,2367),(9157,0.00,NULL,2,2367),(9158,0.00,NULL,3,2367),(9159,0.00,NULL,4,2367),(9160,0.00,NULL,1,2368),(9161,0.00,NULL,2,2368),(9162,0.00,NULL,3,2368),(9163,0.00,NULL,4,2368),(9164,0.00,NULL,1,2369),(9165,0.00,NULL,2,2369),(9166,0.00,NULL,3,2369),(9167,0.00,NULL,4,2369),(9168,0.00,NULL,1,2370),(9169,0.00,NULL,2,2370),(9170,0.00,NULL,3,2370),(9171,0.00,NULL,4,2370),(9172,0.00,NULL,1,2371),(9173,0.00,NULL,2,2371),(9174,0.00,NULL,3,2371),(9175,0.00,NULL,4,2371),(9176,0.00,NULL,1,2372),(9177,0.00,NULL,2,2372),(9178,0.00,NULL,3,2372),(9179,0.00,NULL,4,2372),(9180,0.00,NULL,1,2373),(9181,0.00,NULL,2,2373),(9182,0.00,NULL,3,2373),(9183,0.00,NULL,4,2373),(9184,0.00,NULL,1,2374),(9185,0.00,NULL,2,2374),(9186,0.00,NULL,3,2374),(9187,0.00,NULL,4,2374),(9188,0.00,NULL,1,2375),(9189,0.00,NULL,2,2375),(9190,0.00,NULL,3,2375),(9191,0.00,NULL,4,2375),(9192,0.00,NULL,1,2376),(9193,0.00,NULL,2,2376),(9194,0.00,NULL,3,2376),(9195,0.00,NULL,4,2376),(9196,0.00,NULL,1,2377),(9197,0.00,NULL,2,2377),(9198,0.00,NULL,3,2377),(9199,0.00,NULL,4,2377),(9200,0.00,NULL,1,2378),(9201,0.00,NULL,2,2378),(9202,0.00,NULL,3,2378),(9203,0.00,NULL,4,2378),(9204,0.00,NULL,1,2379),(9205,0.00,NULL,2,2379),(9206,0.00,NULL,3,2379),(9207,0.00,NULL,4,2379),(9208,0.00,NULL,1,2380),(9209,0.00,NULL,2,2380),(9210,0.00,NULL,3,2380),(9211,0.00,NULL,4,2380),(9212,0.00,NULL,1,2381),(9213,0.00,NULL,2,2381),(9214,0.00,NULL,3,2381),(9215,0.00,NULL,4,2381),(9216,0.00,NULL,1,2382),(9217,0.00,NULL,2,2382),(9218,0.00,NULL,3,2382),(9219,0.00,NULL,4,2382),(9220,0.00,NULL,1,2383),(9221,0.00,NULL,2,2383),(9222,0.00,NULL,3,2383),(9223,0.00,NULL,4,2383),(9224,0.00,NULL,1,2384),(9225,0.00,NULL,2,2384),(9226,0.00,NULL,3,2384),(9227,0.00,NULL,4,2384),(9228,0.00,NULL,1,2385),(9229,0.00,NULL,2,2385),(9230,0.00,NULL,3,2385),(9231,0.00,NULL,4,2385),(9232,0.00,NULL,1,2386),(9233,0.00,NULL,2,2386),(9234,0.00,NULL,3,2386),(9235,0.00,NULL,4,2386),(9236,0.00,NULL,1,2387),(9237,0.00,NULL,2,2387),(9238,0.00,NULL,3,2387),(9239,0.00,NULL,4,2387),(9240,0.00,NULL,1,2388),(9241,0.00,NULL,2,2388),(9242,0.00,NULL,3,2388),(9243,0.00,NULL,4,2388),(9244,0.00,NULL,1,2389),(9245,0.00,NULL,2,2389),(9246,0.00,NULL,3,2389),(9247,0.00,NULL,4,2389),(9248,0.00,NULL,1,2390),(9249,0.00,NULL,2,2390),(9250,0.00,NULL,3,2390),(9251,0.00,NULL,4,2390),(9252,0.00,NULL,1,2391),(9253,0.00,NULL,2,2391),(9254,0.00,NULL,3,2391),(9255,0.00,NULL,4,2391),(9256,0.00,NULL,1,2392),(9257,0.00,NULL,2,2392),(9258,0.00,NULL,3,2392),(9259,0.00,NULL,4,2392),(9260,0.00,NULL,1,2393),(9261,0.00,NULL,2,2393),(9262,0.00,NULL,3,2393),(9263,0.00,NULL,4,2393),(9264,0.00,NULL,1,2394),(9265,0.00,NULL,2,2394),(9266,0.00,NULL,3,2394),(9267,0.00,NULL,4,2394),(9268,0.00,NULL,1,2395),(9269,0.00,NULL,2,2395),(9270,0.00,NULL,3,2395),(9271,0.00,NULL,4,2395),(9272,0.00,NULL,1,2396),(9273,0.00,NULL,2,2396),(9274,0.00,NULL,3,2396),(9275,0.00,NULL,4,2396),(9276,0.00,NULL,1,2397),(9277,0.00,NULL,2,2397),(9278,0.00,NULL,3,2397),(9279,0.00,NULL,4,2397),(9280,0.00,NULL,1,2398),(9281,0.00,NULL,2,2398),(9282,0.00,NULL,3,2398),(9283,0.00,NULL,4,2398),(9284,0.00,NULL,1,2399),(9285,0.00,NULL,2,2399),(9286,0.00,NULL,3,2399),(9287,0.00,NULL,4,2399),(9288,0.00,NULL,1,2400),(9289,0.00,NULL,2,2400),(9290,0.00,NULL,3,2400),(9291,0.00,NULL,4,2400),(9292,0.00,NULL,1,2401),(9293,0.00,NULL,2,2401),(9294,0.00,NULL,3,2401),(9295,0.00,NULL,4,2401),(9296,0.00,NULL,1,2402),(9297,0.00,NULL,2,2402),(9298,0.00,NULL,3,2402),(9299,0.00,NULL,4,2402),(9300,0.00,NULL,1,2403),(9301,0.00,NULL,2,2403),(9302,0.00,NULL,3,2403),(9303,0.00,NULL,4,2403),(9304,0.00,NULL,1,2404),(9305,0.00,NULL,2,2404),(9306,0.00,NULL,3,2404),(9307,0.00,NULL,4,2404),(9308,0.00,NULL,1,2405),(9309,0.00,NULL,2,2405),(9310,0.00,NULL,3,2405),(9311,0.00,NULL,4,2405),(9312,0.00,NULL,1,2406),(9313,0.00,NULL,2,2406),(9314,0.00,NULL,3,2406),(9315,0.00,NULL,4,2406),(9316,0.00,NULL,1,2407),(9317,0.00,NULL,2,2407),(9318,0.00,NULL,3,2407),(9319,0.00,NULL,4,2407),(9320,0.00,NULL,1,2408),(9321,0.00,NULL,2,2408),(9322,0.00,NULL,3,2408),(9323,0.00,NULL,4,2408),(9324,0.00,NULL,1,2409),(9325,0.00,NULL,2,2409),(9326,0.00,NULL,3,2409),(9327,0.00,NULL,4,2409),(9328,0.00,NULL,1,2410),(9329,0.00,NULL,2,2410),(9330,0.00,NULL,3,2410),(9331,0.00,NULL,4,2410),(9332,0.00,NULL,1,2411),(9333,0.00,NULL,2,2411),(9334,0.00,NULL,3,2411),(9335,0.00,NULL,4,2411),(9336,0.00,NULL,1,2412),(9337,0.00,NULL,2,2412),(9338,0.00,NULL,3,2412),(9339,0.00,NULL,4,2412),(9340,0.00,NULL,1,2413),(9341,0.00,NULL,2,2413),(9342,0.00,NULL,3,2413),(9343,0.00,NULL,4,2413),(9344,0.00,NULL,1,2414),(9345,0.00,NULL,2,2414),(9346,0.00,NULL,3,2414),(9347,0.00,NULL,4,2414),(9348,0.00,NULL,1,2415),(9349,0.00,NULL,2,2415),(9350,0.00,NULL,3,2415),(9351,0.00,NULL,4,2415),(9352,0.00,NULL,1,2416),(9353,0.00,NULL,2,2416),(9354,0.00,NULL,3,2416),(9355,0.00,NULL,4,2416),(9356,0.00,NULL,1,2417),(9357,0.00,NULL,2,2417),(9358,0.00,NULL,3,2417),(9359,0.00,NULL,4,2417),(9360,0.00,NULL,1,2418),(9361,0.00,NULL,2,2418),(9362,0.00,NULL,3,2418),(9363,0.00,NULL,4,2418),(9364,0.00,NULL,1,2419),(9365,0.00,NULL,2,2419),(9366,0.00,NULL,3,2419),(9367,0.00,NULL,4,2419),(9368,0.00,NULL,1,2420),(9369,0.00,NULL,2,2420),(9370,0.00,NULL,3,2420),(9371,0.00,NULL,4,2420),(9372,0.00,NULL,1,2421),(9373,0.00,NULL,2,2421),(9374,0.00,NULL,3,2421),(9375,0.00,NULL,4,2421),(9376,0.00,NULL,1,2422),(9377,0.00,NULL,2,2422),(9378,0.00,NULL,3,2422),(9379,0.00,NULL,4,2422),(9380,0.00,NULL,1,2423),(9381,0.00,NULL,2,2423),(9382,0.00,NULL,3,2423),(9383,0.00,NULL,4,2423),(9384,0.00,NULL,1,2424),(9385,0.00,NULL,2,2424),(9386,0.00,NULL,3,2424),(9387,0.00,NULL,4,2424),(9388,0.00,NULL,1,2425),(9389,0.00,NULL,2,2425),(9390,0.00,NULL,3,2425),(9391,0.00,NULL,4,2425),(9392,0.00,NULL,1,2426),(9393,0.00,NULL,2,2426),(9394,0.00,NULL,3,2426),(9395,0.00,NULL,4,2426),(9396,0.00,NULL,1,2427),(9397,0.00,NULL,2,2427),(9398,0.00,NULL,3,2427),(9399,0.00,NULL,4,2427),(9400,0.00,NULL,1,2428),(9401,0.00,NULL,2,2428),(9402,0.00,NULL,3,2428),(9403,0.00,NULL,4,2428),(9404,0.00,NULL,1,2429),(9405,0.00,NULL,2,2429),(9406,0.00,NULL,3,2429),(9407,0.00,NULL,4,2429),(9408,0.00,NULL,1,2430),(9409,0.00,NULL,2,2430),(9410,0.00,NULL,3,2430),(9411,0.00,NULL,4,2430),(9412,0.00,NULL,1,2431),(9413,0.00,NULL,2,2431),(9414,0.00,NULL,3,2431),(9415,0.00,NULL,4,2431),(9416,0.00,NULL,1,2432),(9417,0.00,NULL,2,2432),(9418,0.00,NULL,3,2432),(9419,0.00,NULL,4,2432),(9420,0.00,NULL,1,2433),(9421,0.00,NULL,2,2433),(9422,0.00,NULL,3,2433),(9423,0.00,NULL,4,2433),(9424,0.00,NULL,1,2434),(9425,0.00,NULL,2,2434),(9426,0.00,NULL,3,2434),(9427,0.00,NULL,4,2434),(9428,0.00,NULL,1,2435),(9429,0.00,NULL,2,2435),(9430,0.00,NULL,3,2435),(9431,0.00,NULL,4,2435),(9432,0.00,NULL,1,2436),(9433,0.00,NULL,2,2436),(9434,0.00,NULL,3,2436),(9435,0.00,NULL,4,2436),(9436,0.00,NULL,1,2437),(9437,0.00,NULL,2,2437),(9438,0.00,NULL,3,2437),(9439,0.00,NULL,4,2437),(9440,0.00,NULL,1,2438),(9441,0.00,NULL,2,2438),(9442,0.00,NULL,3,2438),(9443,0.00,NULL,4,2438),(9444,0.00,NULL,1,2439),(9445,0.00,NULL,2,2439),(9446,0.00,NULL,3,2439),(9447,0.00,NULL,4,2439),(9448,0.00,NULL,1,2440),(9449,0.00,NULL,2,2440),(9450,0.00,NULL,3,2440),(9451,0.00,NULL,4,2440),(9452,0.00,NULL,1,2441),(9453,0.00,NULL,2,2441),(9454,0.00,NULL,3,2441),(9455,0.00,NULL,4,2441),(9456,0.00,NULL,1,2442),(9457,0.00,NULL,2,2442),(9458,0.00,NULL,3,2442),(9459,0.00,NULL,4,2442),(9460,0.00,NULL,1,2443),(9461,0.00,NULL,2,2443),(9462,0.00,NULL,3,2443),(9463,0.00,NULL,4,2443),(9464,0.00,NULL,1,2444),(9465,0.00,NULL,2,2444),(9466,0.00,NULL,3,2444),(9467,0.00,NULL,4,2444),(9468,0.00,NULL,1,2445),(9469,0.00,NULL,2,2445),(9470,0.00,NULL,3,2445),(9471,0.00,NULL,4,2445),(9472,0.00,NULL,1,2446),(9473,0.00,NULL,2,2446),(9474,0.00,NULL,3,2446),(9475,0.00,NULL,4,2446),(9476,0.00,NULL,1,2447),(9477,0.00,NULL,2,2447),(9478,0.00,NULL,3,2447),(9479,0.00,NULL,4,2447),(9480,0.00,NULL,1,2448),(9481,0.00,NULL,2,2448),(9482,0.00,NULL,3,2448),(9483,0.00,NULL,4,2448),(9484,0.00,NULL,1,2449),(9485,0.00,NULL,2,2449),(9486,0.00,NULL,3,2449),(9487,0.00,NULL,4,2449),(9488,0.00,NULL,1,2450),(9489,0.00,NULL,2,2450),(9490,0.00,NULL,3,2450),(9491,0.00,NULL,4,2450),(9492,0.00,NULL,1,2451),(9493,0.00,NULL,2,2451),(9494,0.00,NULL,3,2451),(9495,0.00,NULL,4,2451),(9496,0.00,NULL,1,2452),(9497,0.00,NULL,2,2452),(9498,0.00,NULL,3,2452),(9499,0.00,NULL,4,2452),(9500,0.00,NULL,1,2453),(9501,0.00,NULL,2,2453),(9502,0.00,NULL,3,2453),(9503,0.00,NULL,4,2453),(9504,0.00,NULL,1,2454),(9505,0.00,NULL,2,2454),(9506,0.00,NULL,3,2454),(9507,0.00,NULL,4,2454),(9508,0.00,NULL,1,2455),(9509,0.00,NULL,2,2455),(9510,0.00,NULL,3,2455),(9511,0.00,NULL,4,2455),(9512,0.00,NULL,1,2456),(9513,0.00,NULL,2,2456),(9514,0.00,NULL,3,2456),(9515,0.00,NULL,4,2456),(9516,0.00,NULL,1,2457),(9517,0.00,NULL,2,2457),(9518,0.00,NULL,3,2457),(9519,0.00,NULL,4,2457),(9520,0.00,NULL,1,2458),(9521,0.00,NULL,2,2458),(9522,0.00,NULL,3,2458),(9523,0.00,NULL,4,2458),(9524,0.00,NULL,1,2459),(9525,0.00,NULL,2,2459),(9526,0.00,NULL,3,2459),(9527,0.00,NULL,4,2459),(9528,0.00,NULL,1,2460),(9529,0.00,NULL,2,2460),(9530,0.00,NULL,3,2460),(9531,0.00,NULL,4,2460),(9532,0.00,NULL,1,2461),(9533,0.00,NULL,2,2461),(9534,0.00,NULL,3,2461),(9535,0.00,NULL,4,2461),(9536,0.00,NULL,1,2462),(9537,0.00,NULL,2,2462),(9538,0.00,NULL,3,2462),(9539,0.00,NULL,4,2462),(9540,0.00,NULL,1,2463),(9541,0.00,NULL,2,2463),(9542,0.00,NULL,3,2463),(9543,0.00,NULL,4,2463),(9544,0.00,NULL,1,2464),(9545,0.00,NULL,2,2464),(9546,0.00,NULL,3,2464),(9547,0.00,NULL,4,2464),(9548,0.00,NULL,1,2465),(9549,0.00,NULL,2,2465),(9550,0.00,NULL,3,2465),(9551,0.00,NULL,4,2465),(9552,0.00,NULL,1,2466),(9553,0.00,NULL,2,2466),(9554,0.00,NULL,3,2466),(9555,0.00,NULL,4,2466),(9556,0.00,NULL,1,2467),(9557,0.00,NULL,2,2467),(9558,0.00,NULL,3,2467),(9559,0.00,NULL,4,2467),(9560,0.00,NULL,1,2468),(9561,0.00,NULL,2,2468),(9562,0.00,NULL,3,2468),(9563,0.00,NULL,4,2468),(9564,0.00,NULL,1,2469),(9565,0.00,NULL,2,2469),(9566,0.00,NULL,3,2469),(9567,0.00,NULL,4,2469),(9568,0.00,NULL,1,2470),(9569,0.00,NULL,2,2470),(9570,0.00,NULL,3,2470),(9571,0.00,NULL,4,2470),(9572,0.00,NULL,1,2471),(9573,0.00,NULL,2,2471),(9574,0.00,NULL,3,2471),(9575,0.00,NULL,4,2471),(9576,0.00,NULL,1,2472),(9577,0.00,NULL,2,2472),(9578,0.00,NULL,3,2472),(9579,0.00,NULL,4,2472),(9580,0.00,NULL,1,2473),(9581,0.00,NULL,2,2473),(9582,0.00,NULL,3,2473),(9583,0.00,NULL,4,2473),(9584,0.00,NULL,1,2474),(9585,0.00,NULL,2,2474),(9586,0.00,NULL,3,2474),(9587,0.00,NULL,4,2474),(9588,0.00,NULL,1,2475),(9589,0.00,NULL,2,2475),(9590,0.00,NULL,3,2475),(9591,0.00,NULL,4,2475),(9592,0.00,NULL,1,2476),(9593,0.00,NULL,2,2476),(9594,0.00,NULL,3,2476),(9595,0.00,NULL,4,2476),(9596,0.00,NULL,1,2477),(9597,0.00,NULL,2,2477),(9598,0.00,NULL,3,2477),(9599,0.00,NULL,4,2477),(9600,0.00,NULL,1,2478),(9601,0.00,NULL,2,2478),(9602,0.00,NULL,3,2478),(9603,0.00,NULL,4,2478),(9604,0.00,NULL,1,2479),(9605,0.00,NULL,2,2479),(9606,0.00,NULL,3,2479),(9607,0.00,NULL,4,2479),(9608,0.00,NULL,1,2480),(9609,0.00,NULL,2,2480),(9610,0.00,NULL,3,2480),(9611,0.00,NULL,4,2480),(9612,0.00,NULL,1,2481),(9613,0.00,NULL,2,2481),(9614,0.00,NULL,3,2481),(9615,0.00,NULL,4,2481),(9616,0.00,NULL,1,2482),(9617,0.00,NULL,2,2482),(9618,0.00,NULL,3,2482),(9619,0.00,NULL,4,2482),(9620,0.00,NULL,1,2483),(9621,0.00,NULL,2,2483),(9622,0.00,NULL,3,2483),(9623,0.00,NULL,4,2483),(9624,0.00,NULL,1,2484),(9625,0.00,NULL,2,2484),(9626,0.00,NULL,3,2484),(9627,0.00,NULL,4,2484),(9628,0.00,NULL,1,2485),(9629,0.00,NULL,2,2485),(9630,0.00,NULL,3,2485),(9631,0.00,NULL,4,2485),(9632,0.00,NULL,1,2486),(9633,0.00,NULL,2,2486),(9634,0.00,NULL,3,2486),(9635,0.00,NULL,4,2486),(9636,0.00,NULL,1,2487),(9637,0.00,NULL,2,2487),(9638,0.00,NULL,3,2487),(9639,0.00,NULL,4,2487),(9640,0.00,NULL,1,2488),(9641,0.00,NULL,2,2488),(9642,0.00,NULL,3,2488),(9643,0.00,NULL,4,2488),(9644,0.00,NULL,1,2489),(9645,0.00,NULL,2,2489),(9646,0.00,NULL,3,2489),(9647,0.00,NULL,4,2489),(9648,0.00,NULL,1,2490),(9649,0.00,NULL,2,2490),(9650,0.00,NULL,3,2490),(9651,0.00,NULL,4,2490),(9652,0.00,NULL,1,2491),(9653,0.00,NULL,2,2491),(9654,0.00,NULL,3,2491),(9655,0.00,NULL,4,2491),(9656,0.00,NULL,1,2492),(9657,0.00,NULL,2,2492),(9658,0.00,NULL,3,2492),(9659,0.00,NULL,4,2492),(9660,0.00,NULL,1,2493),(9661,0.00,NULL,2,2493),(9662,0.00,NULL,3,2493),(9663,0.00,NULL,4,2493),(9664,0.00,NULL,1,2494),(9665,0.00,NULL,2,2494),(9666,0.00,NULL,3,2494),(9667,0.00,NULL,4,2494),(9668,0.00,NULL,1,2495),(9669,0.00,NULL,2,2495),(9670,0.00,NULL,3,2495),(9671,0.00,NULL,4,2495),(9672,0.00,NULL,1,2496),(9673,0.00,NULL,2,2496),(9674,0.00,NULL,3,2496),(9675,0.00,NULL,4,2496),(9676,0.00,NULL,1,2497),(9677,0.00,NULL,2,2497),(9678,0.00,NULL,3,2497),(9679,0.00,NULL,4,2497),(9680,0.00,NULL,1,2498),(9681,0.00,NULL,2,2498),(9682,0.00,NULL,3,2498),(9683,0.00,NULL,4,2498),(9684,0.00,NULL,1,2499),(9685,0.00,NULL,2,2499),(9686,0.00,NULL,3,2499),(9687,0.00,NULL,4,2499),(9688,0.00,NULL,1,2500),(9689,0.00,NULL,2,2500),(9690,0.00,NULL,3,2500),(9691,0.00,NULL,4,2500),(9692,0.00,NULL,1,2501),(9693,0.00,NULL,2,2501),(9694,0.00,NULL,3,2501),(9695,0.00,NULL,4,2501),(9696,0.00,NULL,1,2502),(9697,0.00,NULL,2,2502),(9698,0.00,NULL,3,2502),(9699,0.00,NULL,4,2502),(9700,0.00,NULL,1,2503),(9701,0.00,NULL,2,2503),(9702,0.00,NULL,3,2503),(9703,0.00,NULL,4,2503),(9704,0.00,NULL,1,2504),(9705,0.00,NULL,2,2504),(9706,0.00,NULL,3,2504),(9707,0.00,NULL,4,2504),(9708,0.00,NULL,1,2505),(9709,0.00,NULL,2,2505),(9710,0.00,NULL,3,2505),(9711,0.00,NULL,4,2505),(9712,0.00,NULL,1,2506),(9713,0.00,NULL,2,2506),(9714,0.00,NULL,3,2506),(9715,0.00,NULL,4,2506),(9716,0.00,NULL,1,2507),(9717,0.00,NULL,2,2507),(9718,0.00,NULL,3,2507),(9719,0.00,NULL,4,2507),(9720,0.00,NULL,1,2508),(9721,0.00,NULL,2,2508),(9722,0.00,NULL,3,2508),(9723,0.00,NULL,4,2508),(9724,0.00,NULL,1,2509),(9725,0.00,NULL,2,2509),(9726,0.00,NULL,3,2509),(9727,0.00,NULL,4,2509),(9728,0.00,NULL,1,2510),(9729,0.00,NULL,2,2510),(9730,0.00,NULL,3,2510),(9731,0.00,NULL,4,2510),(9732,0.00,NULL,1,2511),(9733,0.00,NULL,2,2511),(9734,0.00,NULL,3,2511),(9735,0.00,NULL,4,2511),(9736,0.00,NULL,1,2512),(9737,0.00,NULL,2,2512),(9738,0.00,NULL,3,2512),(9739,0.00,NULL,4,2512),(9740,0.00,NULL,1,2513),(9741,0.00,NULL,2,2513),(9742,0.00,NULL,3,2513),(9743,0.00,NULL,4,2513),(9744,0.00,NULL,1,2514),(9745,0.00,NULL,2,2514),(9746,0.00,NULL,3,2514),(9747,0.00,NULL,4,2514),(9748,0.00,NULL,1,2515),(9749,0.00,NULL,2,2515),(9750,0.00,NULL,3,2515),(9751,0.00,NULL,4,2515),(9752,0.00,NULL,1,2516),(9753,0.00,NULL,2,2516),(9754,0.00,NULL,3,2516),(9755,0.00,NULL,4,2516),(9756,0.00,NULL,1,2517),(9757,0.00,NULL,2,2517),(9758,0.00,NULL,3,2517),(9759,0.00,NULL,4,2517),(9760,0.00,NULL,1,2518),(9761,0.00,NULL,2,2518),(9762,0.00,NULL,3,2518),(9763,0.00,NULL,4,2518),(9764,0.00,NULL,1,2519),(9765,0.00,NULL,2,2519),(9766,0.00,NULL,3,2519),(9767,0.00,NULL,4,2519),(9768,0.00,NULL,1,2520),(9769,0.00,NULL,2,2520),(9770,0.00,NULL,3,2520),(9771,0.00,NULL,4,2520),(9772,0.00,NULL,1,2521),(9773,0.00,NULL,2,2521),(9774,0.00,NULL,3,2521),(9775,0.00,NULL,4,2521),(9776,0.00,NULL,1,2522),(9777,0.00,NULL,2,2522),(9778,0.00,NULL,3,2522),(9779,0.00,NULL,4,2522),(9780,0.00,NULL,1,2523),(9781,0.00,NULL,2,2523),(9782,0.00,NULL,3,2523),(9783,0.00,NULL,4,2523),(9784,0.00,NULL,1,2524),(9785,0.00,NULL,2,2524),(9786,0.00,NULL,3,2524),(9787,0.00,NULL,4,2524),(9788,0.00,NULL,1,2525),(9789,0.00,NULL,2,2525),(9790,0.00,NULL,3,2525),(9791,0.00,NULL,4,2525),(9792,0.00,NULL,1,2526),(9793,0.00,NULL,2,2526),(9794,0.00,NULL,3,2526),(9795,0.00,NULL,4,2526),(9796,0.00,NULL,1,2527),(9797,0.00,NULL,2,2527),(9798,0.00,NULL,3,2527),(9799,0.00,NULL,4,2527),(9800,0.00,NULL,1,2528),(9801,0.00,NULL,2,2528),(9802,0.00,NULL,3,2528),(9803,0.00,NULL,4,2528),(9804,0.00,NULL,1,2529),(9805,0.00,NULL,2,2529),(9806,0.00,NULL,3,2529),(9807,0.00,NULL,4,2529),(9808,0.00,NULL,1,2530),(9809,0.00,NULL,2,2530),(9810,0.00,NULL,3,2530),(9811,0.00,NULL,4,2530),(9812,0.00,NULL,1,2531),(9813,0.00,NULL,2,2531),(9814,0.00,NULL,3,2531),(9815,0.00,NULL,4,2531),(9816,0.00,NULL,1,2532),(9817,0.00,NULL,2,2532),(9818,0.00,NULL,3,2532),(9819,0.00,NULL,4,2532),(9820,0.00,NULL,1,2533),(9821,0.00,NULL,2,2533),(9822,0.00,NULL,3,2533),(9823,0.00,NULL,4,2533),(9824,0.00,NULL,1,2534),(9825,0.00,NULL,2,2534),(9826,0.00,NULL,3,2534),(9827,0.00,NULL,4,2534),(9828,0.00,NULL,1,2535),(9829,0.00,NULL,2,2535),(9830,0.00,NULL,3,2535),(9831,0.00,NULL,4,2535),(9832,0.00,NULL,1,2536),(9833,0.00,NULL,2,2536),(9834,0.00,NULL,3,2536),(9835,0.00,NULL,4,2536),(9836,0.00,NULL,1,2537),(9837,0.00,NULL,2,2537),(9838,0.00,NULL,3,2537),(9839,0.00,NULL,4,2537),(9840,0.00,NULL,1,2538),(9841,0.00,NULL,2,2538),(9842,0.00,NULL,3,2538),(9843,0.00,NULL,4,2538),(9844,0.00,NULL,1,2539),(9845,0.00,NULL,2,2539),(9846,0.00,NULL,3,2539),(9847,0.00,NULL,4,2539),(9848,0.00,NULL,1,2540),(9849,0.00,NULL,2,2540),(9850,0.00,NULL,3,2540),(9851,0.00,NULL,4,2540),(9852,0.00,NULL,1,2541),(9853,0.00,NULL,2,2541),(9854,0.00,NULL,3,2541),(9855,0.00,NULL,4,2541),(9856,0.00,NULL,1,2542),(9857,0.00,NULL,2,2542),(9858,0.00,NULL,3,2542),(9859,0.00,NULL,4,2542),(9860,0.00,NULL,1,2543),(9861,0.00,NULL,2,2543),(9862,0.00,NULL,3,2543),(9863,0.00,NULL,4,2543),(9864,0.00,NULL,1,2544),(9865,0.00,NULL,2,2544),(9866,0.00,NULL,3,2544),(9867,0.00,NULL,4,2544),(9868,0.00,NULL,1,2545),(9869,0.00,NULL,2,2545),(9870,0.00,NULL,3,2545),(9871,0.00,NULL,4,2545),(9872,0.00,NULL,1,2546),(9873,0.00,NULL,2,2546),(9874,0.00,NULL,3,2546),(9875,0.00,NULL,4,2546),(9876,0.00,NULL,1,2547),(9877,0.00,NULL,2,2547),(9878,0.00,NULL,3,2547),(9879,0.00,NULL,4,2547),(9880,0.00,NULL,1,2548),(9881,0.00,NULL,2,2548),(9882,0.00,NULL,3,2548),(9883,0.00,NULL,4,2548),(9884,0.00,NULL,1,2549),(9885,0.00,NULL,2,2549),(9886,0.00,NULL,3,2549),(9887,0.00,NULL,4,2549),(9888,0.00,NULL,1,2550),(9889,0.00,NULL,2,2550),(9890,0.00,NULL,3,2550),(9891,0.00,NULL,4,2550),(9892,0.00,NULL,1,2551),(9893,0.00,NULL,2,2551),(9894,0.00,NULL,3,2551),(9895,0.00,NULL,4,2551),(9896,0.00,NULL,1,2552),(9897,0.00,NULL,2,2552),(9898,0.00,NULL,3,2552),(9899,0.00,NULL,4,2552),(9900,0.00,NULL,1,2553),(9901,0.00,NULL,2,2553),(9902,0.00,NULL,3,2553),(9903,0.00,NULL,4,2553),(9904,0.00,NULL,1,2554),(9905,0.00,NULL,2,2554),(9906,0.00,NULL,3,2554),(9907,0.00,NULL,4,2554),(9908,0.00,NULL,1,2555),(9909,0.00,NULL,2,2555),(9910,0.00,NULL,3,2555),(9911,0.00,NULL,4,2555),(9912,0.00,NULL,1,2556),(9913,0.00,NULL,2,2556),(9914,0.00,NULL,3,2556),(9915,0.00,NULL,4,2556),(9916,0.00,NULL,1,2557),(9917,0.00,NULL,2,2557),(9918,0.00,NULL,3,2557),(9919,0.00,NULL,4,2557),(9920,0.00,NULL,1,2558),(9921,0.00,NULL,2,2558),(9922,0.00,NULL,3,2558),(9923,0.00,NULL,4,2558),(9924,0.00,NULL,1,2559),(9925,0.00,NULL,2,2559),(9926,0.00,NULL,3,2559),(9927,0.00,NULL,4,2559),(9928,0.00,NULL,1,2560),(9929,0.00,NULL,2,2560),(9930,0.00,NULL,3,2560),(9931,0.00,NULL,4,2560),(9932,0.00,NULL,1,2561),(9933,0.00,NULL,2,2561),(9934,0.00,NULL,3,2561),(9935,0.00,NULL,4,2561),(9936,0.00,NULL,1,2562),(9937,0.00,NULL,2,2562),(9938,0.00,NULL,3,2562),(9939,0.00,NULL,4,2562),(9940,0.00,NULL,1,2563),(9941,0.00,NULL,2,2563),(9942,0.00,NULL,3,2563),(9943,0.00,NULL,4,2563),(9944,0.00,NULL,1,2564),(9945,0.00,NULL,2,2564),(9946,0.00,NULL,3,2564),(9947,0.00,NULL,4,2564),(9948,0.00,NULL,1,2565),(9949,0.00,NULL,2,2565),(9950,0.00,NULL,3,2565),(9951,0.00,NULL,4,2565),(9952,0.00,NULL,1,2566),(9953,0.00,NULL,2,2566),(9954,0.00,NULL,3,2566),(9955,0.00,NULL,4,2566),(9956,0.00,NULL,1,2567),(9957,0.00,NULL,2,2567),(9958,0.00,NULL,3,2567),(9959,0.00,NULL,4,2567),(9960,0.00,NULL,1,2568),(9961,0.00,NULL,2,2568),(9962,0.00,NULL,3,2568),(9963,0.00,NULL,4,2568),(9964,0.00,NULL,1,2569),(9965,0.00,NULL,2,2569),(9966,0.00,NULL,3,2569),(9967,0.00,NULL,4,2569),(9968,0.00,NULL,1,2570),(9969,0.00,NULL,2,2570),(9970,0.00,NULL,3,2570),(9971,0.00,NULL,4,2570),(9972,0.00,NULL,1,2571),(9973,0.00,NULL,2,2571),(9974,0.00,NULL,3,2571),(9975,0.00,NULL,4,2571),(9976,0.00,NULL,1,2572),(9977,0.00,NULL,2,2572),(9978,0.00,NULL,3,2572),(9979,0.00,NULL,4,2572),(9980,0.00,NULL,1,2573),(9981,0.00,NULL,2,2573),(9982,0.00,NULL,3,2573),(9983,0.00,NULL,4,2573),(9984,0.00,NULL,1,2574),(9985,0.00,NULL,2,2574),(9986,0.00,NULL,3,2574),(9987,0.00,NULL,4,2574),(9988,0.00,NULL,1,2575),(9989,0.00,NULL,2,2575),(9990,0.00,NULL,3,2575),(9991,0.00,NULL,4,2575),(9992,0.00,NULL,1,2576),(9993,0.00,NULL,2,2576),(9994,0.00,NULL,3,2576),(9995,0.00,NULL,4,2576),(9996,0.00,NULL,1,2577),(9997,0.00,NULL,2,2577),(9998,0.00,NULL,3,2577),(9999,0.00,NULL,4,2577),(10000,0.00,NULL,1,2578),(10001,0.00,NULL,2,2578),(10002,0.00,NULL,3,2578),(10003,0.00,NULL,4,2578),(10004,0.00,NULL,1,2579),(10005,0.00,NULL,2,2579),(10006,0.00,NULL,3,2579),(10007,0.00,NULL,4,2579),(10008,0.00,NULL,1,2580),(10009,0.00,NULL,2,2580),(10010,0.00,NULL,3,2580),(10011,0.00,NULL,4,2580),(10012,0.00,NULL,1,2581),(10013,0.00,NULL,2,2581),(10014,0.00,NULL,3,2581),(10015,0.00,NULL,4,2581),(10016,0.00,NULL,1,2582),(10017,0.00,NULL,2,2582),(10018,0.00,NULL,3,2582),(10019,0.00,NULL,4,2582),(10020,0.00,NULL,1,2583),(10021,0.00,NULL,2,2583),(10022,0.00,NULL,3,2583),(10023,0.00,NULL,4,2583),(10024,0.00,NULL,1,2584),(10025,0.00,NULL,2,2584),(10026,0.00,NULL,3,2584),(10027,0.00,NULL,4,2584),(10028,0.00,NULL,1,2585),(10029,0.00,NULL,2,2585),(10030,0.00,NULL,3,2585),(10031,0.00,NULL,4,2585),(10032,0.00,NULL,1,2586),(10033,0.00,NULL,2,2586),(10034,0.00,NULL,3,2586),(10035,0.00,NULL,4,2586),(10036,0.00,NULL,1,2587),(10037,0.00,NULL,2,2587),(10038,0.00,NULL,3,2587),(10039,0.00,NULL,4,2587),(10040,0.00,NULL,1,2588),(10041,0.00,NULL,2,2588),(10042,0.00,NULL,3,2588),(10043,0.00,NULL,4,2588),(10044,0.00,NULL,1,2589),(10045,0.00,NULL,2,2589),(10046,0.00,NULL,3,2589),(10047,0.00,NULL,4,2589),(10048,0.00,NULL,1,2590),(10049,0.00,NULL,2,2590),(10050,0.00,NULL,3,2590),(10051,0.00,NULL,4,2590),(10052,0.00,NULL,1,2591),(10053,0.00,NULL,2,2591),(10054,0.00,NULL,3,2591),(10055,0.00,NULL,4,2591),(10056,0.00,NULL,1,2592),(10057,0.00,NULL,2,2592),(10058,0.00,NULL,3,2592),(10059,0.00,NULL,4,2592),(10060,0.00,NULL,1,2593),(10061,0.00,NULL,2,2593),(10062,0.00,NULL,3,2593),(10063,0.00,NULL,4,2593),(10064,0.00,NULL,1,2594),(10065,0.00,NULL,2,2594),(10066,0.00,NULL,3,2594),(10067,0.00,NULL,4,2594),(10068,0.00,NULL,1,2595),(10069,0.00,NULL,2,2595),(10070,0.00,NULL,3,2595),(10071,0.00,NULL,4,2595),(10072,0.00,NULL,1,2596),(10073,0.00,NULL,2,2596),(10074,0.00,NULL,3,2596),(10075,0.00,NULL,4,2596),(10076,0.00,NULL,1,2597),(10077,0.00,NULL,2,2597),(10078,0.00,NULL,3,2597),(10079,0.00,NULL,4,2597),(10080,0.00,NULL,1,2598),(10081,0.00,NULL,2,2598),(10082,0.00,NULL,3,2598),(10083,0.00,NULL,4,2598),(10084,0.00,NULL,1,2599),(10085,0.00,NULL,2,2599),(10086,0.00,NULL,3,2599),(10087,0.00,NULL,4,2599),(10088,0.00,NULL,1,2600),(10089,0.00,NULL,2,2600),(10090,0.00,NULL,3,2600),(10091,0.00,NULL,4,2600),(10092,0.00,NULL,1,2601),(10093,0.00,NULL,2,2601),(10094,0.00,NULL,3,2601),(10095,0.00,NULL,4,2601),(10096,0.00,NULL,1,2602),(10097,0.00,NULL,2,2602),(10098,0.00,NULL,3,2602),(10099,0.00,NULL,4,2602),(10100,0.00,NULL,1,2603),(10101,0.00,NULL,2,2603),(10102,0.00,NULL,3,2603),(10103,0.00,NULL,4,2603),(10104,0.00,NULL,1,2604),(10105,0.00,NULL,2,2604),(10106,0.00,NULL,3,2604),(10107,0.00,NULL,4,2604),(10108,0.00,NULL,1,2605),(10109,0.00,NULL,2,2605),(10110,0.00,NULL,3,2605),(10111,0.00,NULL,4,2605),(10112,0.00,NULL,1,2606),(10113,0.00,NULL,2,2606),(10114,0.00,NULL,3,2606),(10115,0.00,NULL,4,2606),(10116,0.00,NULL,1,2607),(10117,0.00,NULL,2,2607),(10118,0.00,NULL,3,2607),(10119,0.00,NULL,4,2607),(10120,0.00,NULL,1,2608),(10121,0.00,NULL,2,2608),(10122,0.00,NULL,3,2608),(10123,0.00,NULL,4,2608),(10124,0.00,NULL,1,2609),(10125,0.00,NULL,2,2609),(10126,0.00,NULL,3,2609),(10127,0.00,NULL,4,2609),(10128,0.00,NULL,1,2610),(10129,0.00,NULL,2,2610),(10130,0.00,NULL,3,2610),(10131,0.00,NULL,4,2610),(10132,0.00,NULL,1,2611),(10133,0.00,NULL,2,2611),(10134,0.00,NULL,3,2611),(10135,0.00,NULL,4,2611),(10136,0.00,NULL,1,2612),(10137,0.00,NULL,2,2612),(10138,0.00,NULL,3,2612),(10139,0.00,NULL,4,2612),(10140,0.00,NULL,1,2613),(10141,0.00,NULL,2,2613),(10142,0.00,NULL,3,2613),(10143,0.00,NULL,4,2613),(10144,0.00,NULL,1,2614),(10145,0.00,NULL,2,2614),(10146,0.00,NULL,3,2614),(10147,0.00,NULL,4,2614),(10148,0.00,NULL,1,2615),(10149,0.00,NULL,2,2615),(10150,0.00,NULL,3,2615),(10151,0.00,NULL,4,2615),(10152,0.00,NULL,1,2616),(10153,0.00,NULL,2,2616),(10154,0.00,NULL,3,2616),(10155,0.00,NULL,4,2616),(10156,0.00,NULL,1,2617),(10157,0.00,NULL,2,2617),(10158,0.00,NULL,3,2617),(10159,0.00,NULL,4,2617),(10160,0.00,NULL,1,2618),(10161,0.00,NULL,2,2618),(10162,0.00,NULL,3,2618),(10163,0.00,NULL,4,2618),(10164,0.00,NULL,1,2619),(10165,0.00,NULL,2,2619),(10166,0.00,NULL,3,2619),(10167,0.00,NULL,4,2619),(10168,0.00,NULL,1,2620),(10169,0.00,NULL,2,2620),(10170,0.00,NULL,3,2620),(10171,0.00,NULL,4,2620),(10172,0.00,NULL,1,2621),(10173,0.00,NULL,2,2621),(10174,0.00,NULL,3,2621),(10175,0.00,NULL,4,2621),(10176,0.00,NULL,1,2622),(10177,0.00,NULL,2,2622),(10178,0.00,NULL,3,2622),(10179,0.00,NULL,4,2622),(10180,0.00,NULL,1,2623),(10181,0.00,NULL,2,2623),(10182,0.00,NULL,3,2623),(10183,0.00,NULL,4,2623),(10184,0.00,NULL,1,2624),(10185,0.00,NULL,2,2624),(10186,0.00,NULL,3,2624),(10187,0.00,NULL,4,2624),(10188,0.00,NULL,1,2625),(10189,0.00,NULL,2,2625),(10190,0.00,NULL,3,2625),(10191,0.00,NULL,4,2625),(10192,0.00,NULL,1,2626),(10193,0.00,NULL,2,2626),(10194,0.00,NULL,3,2626),(10195,0.00,NULL,4,2626),(10196,0.00,NULL,1,2627),(10197,0.00,NULL,2,2627),(10198,0.00,NULL,3,2627),(10199,0.00,NULL,4,2627),(10200,0.00,NULL,1,2628),(10201,0.00,NULL,2,2628),(10202,0.00,NULL,3,2628),(10203,0.00,NULL,4,2628),(10204,0.00,NULL,1,2629),(10205,0.00,NULL,2,2629),(10206,0.00,NULL,3,2629),(10207,0.00,NULL,4,2629),(10208,0.00,NULL,1,2630),(10209,0.00,NULL,2,2630),(10210,0.00,NULL,3,2630),(10211,0.00,NULL,4,2630),(10212,0.00,NULL,1,2631),(10213,0.00,NULL,2,2631),(10214,0.00,NULL,3,2631),(10215,0.00,NULL,4,2631),(10216,0.00,NULL,1,2632),(10217,0.00,NULL,2,2632),(10218,0.00,NULL,3,2632),(10219,0.00,NULL,4,2632),(10220,0.00,NULL,1,2633),(10221,0.00,NULL,2,2633),(10222,0.00,NULL,3,2633),(10223,0.00,NULL,4,2633),(10224,0.00,NULL,1,2634),(10225,0.00,NULL,2,2634),(10226,0.00,NULL,3,2634),(10227,0.00,NULL,4,2634),(10228,0.00,NULL,1,2635),(10229,0.00,NULL,2,2635),(10230,0.00,NULL,3,2635),(10231,0.00,NULL,4,2635),(10232,0.00,NULL,1,2636),(10233,0.00,NULL,2,2636),(10234,0.00,NULL,3,2636),(10235,0.00,NULL,4,2636),(10236,0.00,NULL,1,2637),(10237,0.00,NULL,2,2637),(10238,0.00,NULL,3,2637),(10239,0.00,NULL,4,2637),(10240,0.00,NULL,1,2638),(10241,0.00,NULL,2,2638),(10242,0.00,NULL,3,2638),(10243,0.00,NULL,4,2638),(10244,0.00,NULL,1,2639),(10245,0.00,NULL,2,2639),(10246,0.00,NULL,3,2639),(10247,0.00,NULL,4,2639),(10248,0.00,NULL,1,2640),(10249,0.00,NULL,2,2640),(10250,0.00,NULL,3,2640),(10251,0.00,NULL,4,2640),(10252,0.00,NULL,1,2641),(10253,0.00,NULL,2,2641),(10254,0.00,NULL,3,2641),(10255,0.00,NULL,4,2641),(10256,0.00,NULL,1,2642),(10257,0.00,NULL,2,2642),(10258,0.00,NULL,3,2642),(10259,0.00,NULL,4,2642),(10260,0.00,NULL,1,2643),(10261,0.00,NULL,2,2643),(10262,0.00,NULL,3,2643),(10263,0.00,NULL,4,2643),(10264,0.00,NULL,1,2644),(10265,0.00,NULL,2,2644),(10266,0.00,NULL,3,2644),(10267,0.00,NULL,4,2644),(10268,0.00,NULL,1,2645),(10269,0.00,NULL,2,2645),(10270,0.00,NULL,3,2645),(10271,0.00,NULL,4,2645),(10272,0.00,NULL,1,2646),(10273,0.00,NULL,2,2646),(10274,0.00,NULL,3,2646),(10275,0.00,NULL,4,2646),(10276,0.00,NULL,1,2647),(10277,0.00,NULL,2,2647),(10278,0.00,NULL,3,2647),(10279,0.00,NULL,4,2647),(10280,0.00,NULL,1,2648),(10281,0.00,NULL,2,2648),(10282,0.00,NULL,3,2648),(10283,0.00,NULL,4,2648),(10284,0.00,NULL,1,2649),(10285,0.00,NULL,2,2649),(10286,0.00,NULL,3,2649),(10287,0.00,NULL,4,2649),(10288,0.00,NULL,1,2650),(10289,0.00,NULL,2,2650),(10290,0.00,NULL,3,2650),(10291,0.00,NULL,4,2650),(10292,0.00,NULL,1,2651),(10293,0.00,NULL,2,2651),(10294,0.00,NULL,3,2651),(10295,0.00,NULL,4,2651),(10296,0.00,NULL,1,2652),(10297,0.00,NULL,2,2652),(10298,0.00,NULL,3,2652),(10299,0.00,NULL,4,2652),(10300,0.00,NULL,1,2653),(10301,0.00,NULL,2,2653),(10302,0.00,NULL,3,2653),(10303,0.00,NULL,4,2653),(10304,0.00,NULL,1,2654),(10305,0.00,NULL,2,2654),(10306,0.00,NULL,3,2654),(10307,0.00,NULL,4,2654),(10308,0.00,NULL,1,2655),(10309,0.00,NULL,2,2655),(10310,0.00,NULL,3,2655),(10311,0.00,NULL,4,2655),(10312,0.00,NULL,1,2656),(10313,0.00,NULL,2,2656),(10314,0.00,NULL,3,2656),(10315,0.00,NULL,4,2656),(10316,0.00,NULL,1,2657),(10317,0.00,NULL,2,2657),(10318,0.00,NULL,3,2657),(10319,0.00,NULL,4,2657),(10320,0.00,NULL,1,2658),(10321,0.00,NULL,2,2658),(10322,0.00,NULL,3,2658),(10323,0.00,NULL,4,2658),(10324,0.00,NULL,1,2659),(10325,0.00,NULL,2,2659),(10326,0.00,NULL,3,2659),(10327,0.00,NULL,4,2659),(10328,0.00,NULL,1,2660),(10329,0.00,NULL,2,2660),(10330,0.00,NULL,3,2660),(10331,0.00,NULL,4,2660),(10332,0.00,NULL,1,2661),(10333,0.00,NULL,2,2661),(10334,0.00,NULL,3,2661),(10335,0.00,NULL,4,2661),(10336,0.00,NULL,1,2662),(10337,0.00,NULL,2,2662),(10338,0.00,NULL,3,2662),(10339,0.00,NULL,4,2662),(10340,0.00,NULL,1,2663),(10341,0.00,NULL,2,2663),(10342,0.00,NULL,3,2663),(10343,0.00,NULL,4,2663),(10344,0.00,NULL,1,2664),(10345,0.00,NULL,2,2664),(10346,0.00,NULL,3,2664),(10347,0.00,NULL,4,2664),(10348,0.00,NULL,1,2665),(10349,0.00,NULL,2,2665),(10350,0.00,NULL,3,2665),(10351,0.00,NULL,4,2665),(10352,0.00,NULL,1,2666),(10353,0.00,NULL,2,2666),(10354,0.00,NULL,3,2666),(10355,0.00,NULL,4,2666),(10356,0.00,NULL,1,2667),(10357,0.00,NULL,2,2667),(10358,0.00,NULL,3,2667),(10359,0.00,NULL,4,2667),(10360,0.00,NULL,1,2668),(10361,0.00,NULL,2,2668),(10362,0.00,NULL,3,2668),(10363,0.00,NULL,4,2668),(10364,0.00,NULL,1,2669),(10365,0.00,NULL,2,2669),(10366,0.00,NULL,3,2669),(10367,0.00,NULL,4,2669),(10368,0.00,NULL,1,2670),(10369,0.00,NULL,2,2670),(10370,0.00,NULL,3,2670),(10371,0.00,NULL,4,2670),(10372,0.00,NULL,1,2671),(10373,0.00,NULL,2,2671),(10374,0.00,NULL,3,2671),(10375,0.00,NULL,4,2671),(10376,0.00,NULL,1,2672),(10377,0.00,NULL,2,2672),(10378,0.00,NULL,3,2672),(10379,0.00,NULL,4,2672),(10380,0.00,NULL,1,2673),(10381,0.00,NULL,2,2673),(10382,0.00,NULL,3,2673),(10383,0.00,NULL,4,2673),(10384,0.00,NULL,1,2674),(10385,0.00,NULL,2,2674),(10386,0.00,NULL,3,2674),(10387,0.00,NULL,4,2674),(10388,0.00,NULL,1,2675),(10389,0.00,NULL,2,2675),(10390,0.00,NULL,3,2675),(10391,0.00,NULL,4,2675),(10392,0.00,NULL,1,2676),(10393,0.00,NULL,2,2676),(10394,0.00,NULL,3,2676),(10395,0.00,NULL,4,2676),(10396,0.00,NULL,1,2677),(10397,0.00,NULL,2,2677),(10398,0.00,NULL,3,2677),(10399,0.00,NULL,4,2677),(10400,0.00,NULL,1,2678),(10401,0.00,NULL,2,2678),(10402,0.00,NULL,3,2678),(10403,0.00,NULL,4,2678),(10404,0.00,NULL,1,2679),(10405,0.00,NULL,2,2679),(10406,0.00,NULL,3,2679),(10407,0.00,NULL,4,2679),(10408,0.00,NULL,1,2680),(10409,0.00,NULL,2,2680),(10410,0.00,NULL,3,2680),(10411,0.00,NULL,4,2680),(10412,0.00,NULL,1,2681),(10413,0.00,NULL,2,2681),(10414,0.00,NULL,3,2681),(10415,0.00,NULL,4,2681),(10416,0.00,NULL,1,2682),(10417,0.00,NULL,2,2682),(10418,0.00,NULL,3,2682),(10419,0.00,NULL,4,2682),(10420,0.00,NULL,1,2683),(10421,0.00,NULL,2,2683),(10422,0.00,NULL,3,2683),(10423,0.00,NULL,4,2683),(10424,0.00,NULL,1,2684),(10425,0.00,NULL,2,2684),(10426,0.00,NULL,3,2684),(10427,0.00,NULL,4,2684),(10428,0.00,NULL,1,2685),(10429,0.00,NULL,2,2685),(10430,0.00,NULL,3,2685),(10431,0.00,NULL,4,2685),(10432,0.00,NULL,1,2686),(10433,0.00,NULL,2,2686),(10434,0.00,NULL,3,2686),(10435,0.00,NULL,4,2686),(10436,0.00,NULL,1,2687),(10437,0.00,NULL,2,2687),(10438,0.00,NULL,3,2687),(10439,0.00,NULL,4,2687),(10440,0.00,NULL,1,2688),(10441,0.00,NULL,2,2688),(10442,0.00,NULL,3,2688),(10443,0.00,NULL,4,2688),(10444,0.00,NULL,1,2689),(10445,0.00,NULL,2,2689),(10446,0.00,NULL,3,2689),(10447,0.00,NULL,4,2689),(10448,0.00,NULL,1,2690),(10449,0.00,NULL,2,2690),(10450,0.00,NULL,3,2690),(10451,0.00,NULL,4,2690),(10452,0.00,NULL,1,2691),(10453,0.00,NULL,2,2691),(10454,0.00,NULL,3,2691),(10455,0.00,NULL,4,2691),(10456,0.00,NULL,1,2692),(10457,0.00,NULL,2,2692),(10458,0.00,NULL,3,2692),(10459,0.00,NULL,4,2692),(10460,0.00,NULL,1,2693),(10461,0.00,NULL,2,2693),(10462,0.00,NULL,3,2693),(10463,0.00,NULL,4,2693),(10464,0.00,NULL,1,2694),(10465,0.00,NULL,2,2694),(10466,0.00,NULL,3,2694),(10467,0.00,NULL,4,2694),(10468,0.00,NULL,1,2695),(10469,0.00,NULL,2,2695),(10470,0.00,NULL,3,2695),(10471,0.00,NULL,4,2695),(10472,0.00,NULL,1,2696),(10473,0.00,NULL,2,2696),(10474,0.00,NULL,3,2696),(10475,0.00,NULL,4,2696),(10476,0.00,NULL,1,2697),(10477,0.00,NULL,2,2697),(10478,0.00,NULL,3,2697),(10479,0.00,NULL,4,2697),(10480,0.00,NULL,1,2698),(10481,0.00,NULL,2,2698),(10482,0.00,NULL,3,2698),(10483,0.00,NULL,4,2698),(10484,0.00,NULL,1,2699),(10485,0.00,NULL,2,2699),(10486,0.00,NULL,3,2699),(10487,0.00,NULL,4,2699),(10488,0.00,NULL,1,2700),(10489,0.00,NULL,2,2700),(10490,0.00,NULL,3,2700),(10491,0.00,NULL,4,2700),(10492,0.00,NULL,1,2701),(10493,0.00,NULL,2,2701),(10494,0.00,NULL,3,2701),(10495,0.00,NULL,4,2701),(10496,0.00,NULL,1,2702),(10497,0.00,NULL,2,2702),(10498,0.00,NULL,3,2702),(10499,0.00,NULL,4,2702),(10500,0.00,NULL,1,2703),(10501,0.00,NULL,2,2703),(10502,0.00,NULL,3,2703),(10503,0.00,NULL,4,2703),(10504,0.00,NULL,1,2704),(10505,0.00,NULL,2,2704),(10506,0.00,NULL,3,2704),(10507,0.00,NULL,4,2704),(10508,0.00,NULL,1,2705),(10509,0.00,NULL,2,2705),(10510,0.00,NULL,3,2705),(10511,0.00,NULL,4,2705),(10512,0.00,NULL,1,2706),(10513,0.00,NULL,2,2706),(10514,0.00,NULL,3,2706),(10515,0.00,NULL,4,2706),(10516,0.00,NULL,1,2707),(10517,0.00,NULL,2,2707),(10518,0.00,NULL,3,2707),(10519,0.00,NULL,4,2707),(10520,0.00,NULL,1,2708),(10521,0.00,NULL,2,2708),(10522,0.00,NULL,3,2708),(10523,0.00,NULL,4,2708),(10524,0.00,NULL,1,2709),(10525,0.00,NULL,2,2709),(10526,0.00,NULL,3,2709),(10527,0.00,NULL,4,2709),(10528,0.00,NULL,1,2710),(10529,0.00,NULL,2,2710),(10530,0.00,NULL,3,2710),(10531,0.00,NULL,4,2710),(10532,0.00,NULL,1,2711),(10533,0.00,NULL,2,2711),(10534,0.00,NULL,3,2711),(10535,0.00,NULL,4,2711),(10536,0.00,NULL,1,2712),(10537,0.00,NULL,2,2712),(10538,0.00,NULL,3,2712),(10539,0.00,NULL,4,2712),(10540,0.00,NULL,1,2713),(10541,0.00,NULL,2,2713),(10542,0.00,NULL,3,2713),(10543,0.00,NULL,4,2713),(10544,0.00,NULL,1,2714),(10545,0.00,NULL,2,2714),(10546,0.00,NULL,3,2714),(10547,0.00,NULL,4,2714),(10548,0.00,NULL,1,2715),(10549,0.00,NULL,2,2715),(10550,0.00,NULL,3,2715),(10551,0.00,NULL,4,2715),(10552,0.00,NULL,1,2716),(10553,0.00,NULL,2,2716),(10554,0.00,NULL,3,2716),(10555,0.00,NULL,4,2716),(10556,0.00,NULL,1,2717),(10557,0.00,NULL,2,2717),(10558,0.00,NULL,3,2717),(10559,0.00,NULL,4,2717),(10560,0.00,NULL,1,2718),(10561,0.00,NULL,2,2718),(10562,0.00,NULL,3,2718),(10563,0.00,NULL,4,2718),(10564,0.00,NULL,1,2719),(10565,0.00,NULL,2,2719),(10566,0.00,NULL,3,2719),(10567,0.00,NULL,4,2719),(10568,0.00,NULL,1,2720),(10569,0.00,NULL,2,2720),(10570,0.00,NULL,3,2720),(10571,0.00,NULL,4,2720),(10572,0.00,NULL,1,2721),(10573,0.00,NULL,2,2721),(10574,0.00,NULL,3,2721),(10575,0.00,NULL,4,2721),(10576,0.00,NULL,1,2722),(10577,0.00,NULL,2,2722),(10578,0.00,NULL,3,2722),(10579,0.00,NULL,4,2722),(10580,0.00,NULL,1,2723),(10581,0.00,NULL,2,2723),(10582,0.00,NULL,3,2723),(10583,0.00,NULL,4,2723),(10584,0.00,NULL,1,2724),(10585,0.00,NULL,2,2724),(10586,0.00,NULL,3,2724),(10587,0.00,NULL,4,2724),(10588,0.00,NULL,1,2725),(10589,0.00,NULL,2,2725),(10590,0.00,NULL,3,2725),(10591,0.00,NULL,4,2725),(10592,0.00,NULL,1,2726),(10593,0.00,NULL,2,2726),(10594,0.00,NULL,3,2726),(10595,0.00,NULL,4,2726),(10596,0.00,NULL,1,2727),(10597,0.00,NULL,2,2727),(10598,0.00,NULL,3,2727),(10599,0.00,NULL,4,2727),(10600,0.00,NULL,1,2728),(10601,0.00,NULL,2,2728),(10602,0.00,NULL,3,2728),(10603,0.00,NULL,4,2728);
/*!40000 ALTER TABLE `input_realisasi` ENABLE KEYS */;
UNLOCK TABLES;

--
-- Table structure for table `input_realisasi_pic`
--

DROP TABLE IF EXISTS `input_realisasi_pic`;
/*!40101 SET @saved_cs_client     = @@character_set_client */;
/*!50503 SET character_set_client = utf8mb4 */;
CREATE TABLE `input_realisasi_pic` (
  `id` int NOT NULL AUTO_INCREMENT,
  `input_realisasi_id` int DEFAULT NULL,
  `pic_id` int DEFAULT NULL,
  `nama_pic` varchar(50) CHARACTER SET utf8mb3 COLLATE utf8mb3_general_ci DEFAULT NULL,
  PRIMARY KEY (`id`) USING BTREE,
  KEY `IXFK_input_realisasi_pic_input_realisasi` (`input_realisasi_id`) USING BTREE,
  KEY `IXFK_input_realisasi_pic_pic` (`pic_id`) USING BTREE,
  CONSTRAINT `input_realisasi_pic_ibfk_1` FOREIGN KEY (`input_realisasi_id`) REFERENCES `input_realisasi` (`id`) ON DELETE RESTRICT ON UPDATE RESTRICT
) ENGINE=InnoDB AUTO_INCREMENT=11190 DEFAULT CHARSET=utf8mb3 ROW_FORMAT=DYNAMIC;
/*!40101 SET character_set_client = @saved_cs_client */;

--
-- Dumping data for table `input_realisasi_pic`
--

LOCK TABLES `input_realisasi_pic` WRITE;
/*!40000 ALTER TABLE `input_realisasi_pic` DISABLE KEYS */;
INSERT INTO `input_realisasi_pic` VALUES (8399,7945,2,'DME'),(8400,7945,3,'DMO'),(8401,7946,2,'DME'),(8402,7946,3,'DMO'),(8403,7947,2,'DME'),(8404,7947,3,'DMO'),(8406,7949,2,'DME'),(8407,7950,2,'DME'),(8408,7951,2,'DME'),(8410,7953,4,'DMEP'),(8411,7954,4,'DMEP'),(8412,7955,4,'DMEP'),(8414,7957,4,'DMEP'),(8415,7958,4,'DMEP'),(8416,7959,4,'DMEP'),(8418,7961,4,'DMEP'),(8419,7962,4,'DMEP'),(8420,7963,4,'DMEP'),(8421,7964,29,'DMB'),(8422,7965,29,'DMB'),(8423,7966,29,'DMB'),(8424,7967,29,'DMB'),(8425,7968,5,'DMBS'),(8426,7969,5,'DMBS'),(8427,7970,5,'DMBS'),(8428,7971,5,'DMBS'),(8429,7972,5,'DMBS'),(8430,7973,5,'DMBS'),(8431,7974,5,'DMBS'),(8432,7975,5,'DMBS'),(8434,7977,4,'DMEP'),(8435,7978,4,'DMEP'),(8436,7979,4,'DMEP'),(8437,7980,4,'DMEP'),(8438,7981,4,'DMEP'),(8439,7982,4,'DMEP'),(8440,7983,4,'DMEP'),(8441,7984,4,'DMEP'),(8442,7985,4,'DMEP'),(8443,7986,4,'DMEP'),(8444,7987,4,'DMEP'),(8445,7988,4,'DMEP'),(8446,7989,4,'DMEP'),(8447,7990,4,'DMEP'),(8448,7991,4,'DMEP'),(8450,7993,3,'DMO'),(8451,7994,3,'DMO'),(8452,7995,3,'DMO'),(8453,7996,6,'DMOO'),(8454,7996,7,'DMOM'),(8455,7997,6,'DMOO'),(8456,7997,7,'DMOM'),(8457,7998,6,'DMOO'),(8458,7998,7,'DMOM'),(8459,7999,6,'DMOO'),(8460,7999,7,'DMOM'),(8461,8000,6,'DMOO'),(8462,8000,7,'DMOM'),(8463,8001,6,'DMOO'),(8464,8001,7,'DMOM'),(8465,8002,6,'DMOO'),(8466,8002,7,'DMOM'),(8467,8003,6,'DMOO'),(8468,8003,7,'DMOM'),(8469,8004,6,'DMOO'),(8470,8005,6,'DMOO'),(8471,8006,6,'DMOO'),(8472,8007,6,'DMOO'),(8473,8008,8,'DMOT'),(8474,8009,8,'DMOT'),(8475,8010,8,'DMOT'),(8476,8011,8,'DMOT'),(8477,8012,8,'DMOT'),(8478,8013,8,'DMOT'),(8479,8014,8,'DMOT'),(8480,8015,8,'DMOT'),(8481,8016,9,'DMON'),(8482,8017,9,'DMON'),(8483,8018,9,'DMON'),(8484,8019,9,'DMON'),(8485,8020,9,'DMON'),(8486,8021,9,'DMON'),(8487,8022,9,'DMON'),(8488,8023,9,'DMON'),(8489,8024,8,'DMOT'),(8490,8025,8,'DMOT'),(8491,8026,8,'DMOT'),(8492,8027,8,'DMOT'),(8493,8028,8,'DMOT'),(8494,8029,8,'DMOT'),(8495,8030,8,'DMOT'),(8496,8031,8,'DMOT'),(8497,8032,9,'DMON'),(8498,8033,9,'DMON'),(8499,8034,9,'DMON'),(8500,8035,9,'DMON'),(8501,8036,9,'DMON'),(8502,8037,9,'DMON'),(8503,8038,9,'DMON'),(8504,8039,9,'DMON'),(8505,8040,8,'DMOT'),(8506,8041,8,'DMOT'),(8507,8042,8,'DMOT'),(8508,8043,8,'DMOT'),(8509,8044,8,'DMOT'),(8510,8045,8,'DMOT'),(8511,8046,8,'DMOT'),(8512,8047,8,'DMOT'),(8513,8048,9,'DMON'),(8514,8048,8,'DMOT'),(8515,8049,9,'DMON'),(8516,8049,8,'DMOT'),(8517,8050,9,'DMON'),(8518,8050,8,'DMOT'),(8519,8051,9,'DMON'),(8520,8051,8,'DMOT'),(8521,8052,9,'DMON'),(8522,8052,8,'DMOT'),(8523,8053,9,'DMON'),(8524,8053,8,'DMOT'),(8525,8054,9,'DMON'),(8526,8054,8,'DMOT'),(8527,8055,9,'DMON'),(8528,8055,8,'DMOT'),(8529,8056,8,'DMOT'),(8530,8057,8,'DMOT'),(8531,8058,8,'DMOT'),(8532,8059,8,'DMOT'),(8533,8060,8,'DMOT'),(8534,8061,8,'DMOT'),(8535,8062,8,'DMOT'),(8536,8063,8,'DMOT'),(8537,8064,8,'DMOT'),(8538,8065,8,'DMOT'),(8539,8066,8,'DMOT'),(8540,8067,8,'DMOT'),(8541,8068,8,'DMOT'),(8542,8069,8,'DMOT'),(8543,8070,8,'DMOT'),(8544,8071,8,'DMOT'),(8545,8072,8,'DMOT'),(8546,8073,8,'DMOT'),(8547,8074,8,'DMOT'),(8548,8075,8,'DMOT'),(8550,8077,3,'DMO'),(8551,8078,3,'DMO'),(8552,8079,3,'DMO'),(8553,8080,6,'DMOO'),(8554,8080,10,'DMOG'),(8555,8081,6,'DMOO'),(8556,8081,10,'DMOG'),(8557,8082,6,'DMOO'),(8558,8082,10,'DMOG'),(8559,8083,6,'DMOO'),(8560,8083,10,'DMOG'),(8561,8084,6,'DMOO'),(8562,8084,10,'DMOG'),(8563,8085,6,'DMOO'),(8564,8085,10,'DMOG'),(8565,8086,6,'DMOO'),(8566,8086,10,'DMOG'),(8567,8087,6,'DMOO'),(8568,8087,10,'DMOG'),(8569,8088,9,'DMON'),(8570,8089,9,'DMON'),(8571,8090,9,'DMON'),(8572,8091,9,'DMON'),(8573,8092,9,'DMON'),(8574,8093,9,'DMON'),(8575,8094,9,'DMON'),(8576,8095,9,'DMON'),(8577,8096,8,'DMOT'),(8578,8097,8,'DMOT'),(8579,8098,8,'DMOT'),(8580,8099,8,'DMOT'),(8581,8100,8,'DMOT'),(8582,8101,8,'DMOT'),(8583,8102,8,'DMOT'),(8584,8103,8,'DMOT'),(8585,8104,9,'DMON'),(8586,8105,9,'DMON'),(8587,8106,9,'DMON'),(8588,8107,9,'DMON'),(8589,8108,8,'DMOT'),(8590,8109,8,'DMOT'),(8591,8110,8,'DMOT'),(8592,8111,8,'DMOT'),(8593,8112,8,'DMOT'),(8594,8113,8,'DMOT'),(8595,8114,8,'DMOT'),(8596,8115,8,'DMOT'),(8597,8116,8,'DMOT'),(8598,8117,8,'DMOT'),(8599,8118,8,'DMOT'),(8600,8119,8,'DMOT'),(8601,8120,8,'DMOT'),(8602,8121,8,'DMOT'),(8603,8122,8,'DMOT'),(8604,8123,8,'DMOT'),(8605,8124,8,'DMOT'),(8606,8125,8,'DMOT'),(8607,8126,8,'DMOT'),(8608,8127,8,'DMOT'),(8609,8128,3,'DMO'),(8610,8129,3,'DMO'),(8611,8130,3,'DMO'),(8612,8131,3,'DMO'),(8613,8132,11,'DMOH'),(8614,8132,12,'DMOS'),(8615,8133,11,'DMOH'),(8616,8133,12,'DMOS'),(8617,8134,11,'DMOH'),(8618,8134,12,'DMOS'),(8619,8135,11,'DMOH'),(8620,8135,12,'DMOS'),(8621,8136,11,'DMOH'),(8622,8136,12,'DMOS'),(8623,8137,11,'DMOH'),(8624,8137,12,'DMOS'),(8625,8138,11,'DMOH'),(8626,8138,12,'DMOS'),(8627,8139,11,'DMOH'),(8628,8139,12,'DMOS'),(8629,8140,12,'DMOS'),(8630,8141,12,'DMOS'),(8631,8142,12,'DMOS'),(8632,8143,12,'DMOS'),(8633,8144,12,'DMOS'),(8634,8145,12,'DMOS'),(8635,8146,12,'DMOS'),(8636,8147,12,'DMOS'),(8637,8148,12,'DMOS'),(8638,8149,12,'DMOS'),(8639,8150,12,'DMOS'),(8640,8151,12,'DMOS'),(8641,8152,12,'DMOS'),(8642,8153,12,'DMOS'),(8643,8154,12,'DMOS'),(8644,8155,12,'DMOS'),(8645,8156,12,'DMOS'),(8646,8157,12,'DMOS'),(8647,8158,12,'DMOS'),(8648,8159,12,'DMOS'),(8649,8160,12,'DMOS'),(8650,8161,12,'DMOS'),(8651,8162,12,'DMOS'),(8652,8163,12,'DMOS'),(8653,8164,12,'DMOS'),(8654,8165,12,'DMOS'),(8655,8166,12,'DMOS'),(8656,8167,12,'DMOS'),(8657,8168,12,'DMOS'),(8658,8169,12,'DMOS'),(8659,8170,12,'DMOS'),(8660,8171,12,'DMOS'),(8661,8172,12,'DMOS'),(8662,8173,12,'DMOS'),(8663,8174,12,'DMOS'),(8664,8175,12,'DMOS'),(8665,8176,12,'DMOS'),(8666,8177,12,'DMOS'),(8667,8178,12,'DMOS'),(8668,8179,12,'DMOS'),(8669,8180,2,'DME'),(8670,8180,3,'DMO'),(8671,8181,2,'DME'),(8672,8181,3,'DMO'),(8673,8182,2,'DME'),(8674,8182,3,'DMO'),(8675,8183,2,'DME'),(8676,8183,3,'DMO'),(8677,8184,6,'DMOO'),(8678,8184,10,'DMOG'),(8679,8185,6,'DMOO'),(8680,8185,10,'DMOG'),(8681,8186,6,'DMOO'),(8682,8186,10,'DMOG'),(8683,8187,6,'DMOO'),(8684,8187,10,'DMOG'),(8685,8188,6,'DMOO'),(8686,8188,10,'DMOG'),(8687,8189,6,'DMOO'),(8688,8189,10,'DMOG'),(8689,8190,6,'DMOO'),(8690,8190,10,'DMOG'),(8691,8191,6,'DMOO'),(8692,8191,10,'DMOG'),(8693,8192,6,'DMOO'),(8694,8193,6,'DMOO'),(8695,8194,6,'DMOO'),(8696,8195,6,'DMOO'),(8697,8196,6,'DMOO'),(8698,8197,6,'DMOO'),(8699,8198,6,'DMOO'),(8700,8199,6,'DMOO'),(8701,8200,9,'DMON'),(8702,8201,9,'DMON'),(8703,8202,9,'DMON'),(8704,8203,9,'DMON'),(8705,8204,9,'DMON'),(8706,8205,9,'DMON'),(8707,8206,9,'DMON'),(8708,8207,9,'DMON'),(8709,8208,8,'DMOT'),(8710,8209,8,'DMOT'),(8711,8210,8,'DMOT'),(8712,8211,8,'DMOT'),(8713,8212,8,'DMOT'),(8714,8213,8,'DMOT'),(8715,8214,8,'DMOT'),(8716,8215,8,'DMOT'),(8717,8216,8,'DMOT'),(8718,8217,8,'DMOT'),(8719,8218,8,'DMOT'),(8720,8219,8,'DMOT'),(8721,8220,8,'DMOT'),(8722,8221,8,'DMOT'),(8723,8222,8,'DMOT'),(8724,8223,8,'DMOT'),(8725,8224,2,'DME'),(8726,8225,2,'DME'),(8727,8226,2,'DME'),(8728,8227,2,'DME'),(8729,8228,6,'DMOO'),(8730,8229,6,'DMOO'),(8731,8230,6,'DMOO'),(8732,8231,6,'DMOO'),(8733,8232,2,'DME'),(8734,8233,2,'DME'),(8735,8234,2,'DME'),(8736,8235,2,'DME'),(8737,8236,4,'DMEP'),(8738,8237,4,'DMEP'),(8739,8238,4,'DMEP'),(8740,8239,4,'DMEP'),(8741,8240,4,'DMEP'),(8742,8241,4,'DMEP'),(8743,8242,4,'DMEP'),(8744,8243,4,'DMEP'),(8745,8244,13,'DMEW'),(8746,8245,13,'DMEW'),(8747,8246,13,'DMEW'),(8748,8247,13,'DMEW'),(8749,8248,13,'DMEW'),(8750,8249,13,'DMEW'),(8751,8250,13,'DMEW'),(8752,8251,13,'DMEW'),(8753,8252,13,'DMEW'),(8754,8253,13,'DMEW'),(8755,8254,13,'DMEW'),(8756,8255,13,'DMEW'),(8757,8256,13,'DMEW'),(8758,8257,13,'DMEW'),(8759,8258,13,'DMEW'),(8760,8259,13,'DMEW'),(8761,8260,15,'DMEN/DMEW'),(8762,8261,15,'DMEN/DMEW'),(8763,8262,15,'DMEN/DMEW'),(8764,8263,15,'DMEN/DMEW'),(8765,8264,15,'DMEN/DMEW'),(8766,8265,15,'DMEN/DMEW'),(8767,8266,15,'DMEN/DMEW'),(8768,8267,15,'DMEN/DMEW'),(8769,8268,23,'SDM'),(8770,8269,23,'SDM'),(8771,8270,23,'SDM'),(8772,8271,23,'SDM'),(8773,8272,23,'SDM'),(8774,8273,23,'SDM'),(8775,8274,23,'SDM'),(8776,8275,23,'SDM'),(8777,8276,24,'SDML'),(8778,8277,24,'SDML'),(8779,8278,24,'SDML'),(8780,8279,24,'SDML'),(8781,8280,24,'SDML'),(8782,8281,24,'SDML'),(8783,8282,24,'SDML'),(8784,8283,24,'SDML'),(8785,8284,24,'SDML'),(8786,8285,24,'SDML'),(8787,8286,24,'SDML'),(8788,8287,24,'SDML'),(8789,8288,24,'SDML'),(8790,8289,24,'SDML'),(8791,8290,24,'SDML'),(8792,8291,24,'SDML'),(8793,8292,24,'SDML'),(8794,8293,24,'SDML'),(8795,8294,24,'SDML'),(8796,8295,24,'SDML'),(8798,8297,23,'SDM'),(8799,8298,23,'SDM'),(8800,8299,23,'SDM'),(8801,8300,23,'SDM'),(8802,8301,23,'SDM'),(8803,8302,23,'SDM'),(8804,8303,23,'SDM'),(8805,8304,25,'SDMU'),(8806,8305,25,'SDMU'),(8807,8306,25,'SDMU'),(8808,8307,25,'SDMU'),(8809,8308,25,'SDMU'),(8810,8309,25,'SDMU'),(8811,8310,25,'SDMU'),(8812,8311,25,'SDMU'),(8813,8312,29,'DMB'),(8814,8312,2,'DME'),(8815,8312,3,'DMO'),(8816,8312,30,'DMT'),(8817,8312,23,'SDM'),(8818,8313,29,'DMB'),(8819,8313,2,'DME'),(8820,8313,3,'DMO'),(8821,8313,30,'DMT'),(8822,8313,23,'SDM'),(8823,8314,29,'DMB'),(8824,8314,2,'DME'),(8825,8314,3,'DMO'),(8826,8314,30,'DMT'),(8827,8314,23,'SDM'),(8828,8315,29,'DMB'),(8829,8315,2,'DME'),(8830,8315,3,'DMO'),(8831,8315,30,'DMT'),(8832,8315,23,'SDM'),(8833,8316,2,'DME'),(8834,8317,2,'DME'),(8835,8318,2,'DME'),(8836,8319,2,'DME'),(8837,8320,3,'DMO'),(8838,8320,28,'DMI'),(8839,8321,3,'DMO'),(8840,8321,28,'DMI'),(8841,8322,3,'DMO'),(8842,8322,28,'DMI'),(8843,8323,3,'DMO'),(8844,8323,28,'DMI'),(8845,8324,28,'DMI'),(8846,8325,28,'DMI'),(8847,8326,28,'DMI'),(8848,8327,28,'DMI'),(8849,8328,28,'DMI'),(8850,8329,28,'DMI'),(8851,8330,28,'DMI'),(8852,8331,28,'DMI'),(8853,8332,28,'DMI'),(8854,8333,28,'DMI'),(8855,8334,28,'DMI'),(8856,8335,28,'DMI'),(8857,8336,28,'DMI'),(8858,8337,28,'DMI'),(8859,8338,28,'DMI'),(8860,8339,28,'DMI'),(8861,8340,28,'DMI'),(8862,8341,28,'DMI'),(8863,8342,28,'DMI'),(8864,8343,28,'DMI'),(8865,8344,28,'DMI'),(8866,8345,28,'DMI'),(8867,8346,28,'DMI'),(8868,8347,28,'DMI'),(8869,8348,3,'DMO'),(8870,8349,3,'DMO'),(8871,8350,3,'DMO'),(8872,8351,3,'DMO'),(8873,8352,3,'DMO'),(8874,8353,3,'DMO'),(8875,8354,3,'DMO'),(8876,8355,3,'DMO'),(8877,8356,3,'DMO'),(8878,8357,3,'DMO'),(8879,8358,3,'DMO'),(8880,8359,3,'DMO'),(8881,8360,3,'DMO'),(8882,8361,3,'DMO'),(8883,8362,3,'DMO'),(8884,8363,3,'DMO'),(8885,8364,3,'DMO'),(8886,8365,3,'DMO'),(8887,8366,3,'DMO'),(8888,8367,3,'DMO'),(8889,8368,29,'DMB'),(8890,8369,29,'DMB'),(8891,8370,29,'DMB'),(8892,8371,29,'DMB'),(8893,8372,29,'DMB'),(8894,8373,29,'DMB'),(8895,8374,29,'DMB'),(8896,8375,29,'DMB'),(8897,8376,29,'DMB'),(8898,8377,29,'DMB'),(8899,8378,29,'DMB'),(8900,8379,29,'DMB'),(8901,8380,29,'DMB'),(8902,8381,29,'DMB'),(8903,8382,29,'DMB'),(8904,8383,29,'DMB'),(8905,8384,29,'DMB'),(8906,8384,17,'DPM'),(8907,8385,29,'DMB'),(8908,8385,17,'DPM'),(8909,8386,29,'DMB'),(8910,8386,17,'DPM'),(8911,8387,29,'DMB'),(8912,8387,17,'DPM'),(8913,8388,29,'DMB'),(8914,8389,29,'DMB'),(8915,8390,29,'DMB'),(8916,8391,29,'DMB'),(8917,8392,17,'DPM'),(8918,8393,17,'DPM'),(8919,8394,17,'DPM'),(8920,8395,17,'DPM'),(8921,8396,3,'DMO'),(8922,8397,3,'DMO'),(8923,8398,3,'DMO'),(8924,8399,3,'DMO'),(8925,8400,30,'DMT'),(8926,8401,30,'DMT'),(8927,8402,30,'DMT'),(8928,8403,30,'DMT'),(8929,8404,29,'DMB'),(8930,8405,29,'DMB'),(8931,8406,29,'DMB'),(8932,8407,29,'DMB'),(8933,8408,23,'SDM'),(8934,8409,23,'SDM'),(8935,8410,23,'SDM'),(8936,8411,23,'SDM'),(8937,8412,17,'DPM'),(8938,8413,17,'DPM'),(8939,8414,17,'DPM'),(8940,8415,17,'DPM'),(8941,8416,17,'DPM'),(8942,8417,17,'DPM'),(8943,8418,17,'DPM'),(8944,8419,17,'DPM'),(8945,8420,2,'DME'),(8946,8420,3,'DMO'),(8947,8420,30,'DMT'),(8948,8420,23,'SDM'),(8949,8420,29,'DMB'),(8950,8421,2,'DME'),(8951,8421,3,'DMO'),(8952,8421,30,'DMT'),(8953,8421,23,'SDM'),(8954,8421,29,'DMB'),(8955,8422,2,'DME'),(8956,8422,3,'DMO'),(8957,8422,30,'DMT'),(8958,8422,23,'SDM'),(8959,8422,29,'DMB'),(8960,8423,2,'DME'),(8961,8423,3,'DMO'),(8962,8423,30,'DMT'),(8963,8423,23,'SDM'),(8964,8423,29,'DMB'),(8965,8424,2,'DME'),(8966,8425,2,'DME'),(8967,8426,2,'DME'),(8968,8427,2,'DME'),(8969,8428,3,'DMO'),(8970,8429,3,'DMO'),(8971,8430,3,'DMO'),(8972,8431,3,'DMO'),(8973,8432,30,'DMT'),(8974,8433,30,'DMT'),(8975,8434,30,'DMT'),(8976,8435,30,'DMT'),(8977,8436,29,'DMB'),(8978,8437,29,'DMB'),(8979,8438,29,'DMB'),(8980,8439,29,'DMB'),(8981,8440,3,'DMO'),(8982,8441,3,'DMO'),(8983,8442,3,'DMO'),(8984,8443,3,'DMO'),(8985,8444,3,'DMO'),(8986,8445,3,'DMO'),(8987,8446,3,'DMO'),(8988,8447,3,'DMO'),(8989,8448,29,'DMB'),(8990,8449,29,'DMB'),(8991,8450,29,'DMB'),(8992,8451,29,'DMB'),(8993,8452,29,'DMB'),(8994,8452,2,'DME'),(8995,8452,3,'DMO'),(8996,8453,29,'DMB'),(8997,8453,2,'DME'),(8998,8453,3,'DMO'),(8999,8454,29,'DMB'),(9000,8454,2,'DME'),(9001,8454,3,'DMO'),(9002,8455,29,'DMB'),(9003,8455,2,'DME'),(9004,8455,3,'DMO'),(9005,8456,29,'DMB'),(9006,8457,29,'DMB'),(9007,8458,29,'DMB'),(9008,8459,29,'DMB'),(9009,8460,29,'DMB'),(9010,8461,29,'DMB'),(9011,8462,29,'DMB'),(9012,8463,29,'DMB'),(9013,8464,3,'DMO'),(9014,8465,3,'DMO'),(9015,8466,3,'DMO'),(9016,8467,3,'DMO'),(9017,8468,3,'DMO'),(9018,8469,3,'DMO'),(9019,8470,3,'DMO'),(9020,8471,3,'DMO'),(9021,8472,23,'SDM'),(9022,8473,23,'SDM'),(9023,8474,23,'SDM'),(9024,8475,23,'SDM'),(9025,8476,23,'SDM'),(9026,8477,23,'SDM'),(9027,8478,23,'SDM'),(9028,8479,23,'SDM'),(9029,8480,30,'DMT'),(9030,8481,30,'DMT'),(9031,8482,30,'DMT'),(9032,8483,30,'DMT'),(9033,8484,30,'DMT'),(9034,8485,30,'DMT'),(9035,8486,30,'DMT'),(9036,8487,30,'DMT'),(9037,8488,23,'SDM'),(9038,8489,23,'SDM'),(9039,8490,23,'SDM'),(9040,8491,23,'SDM'),(9041,8492,23,'SDM'),(9042,8493,23,'SDM'),(9043,8494,23,'SDM'),(9044,8495,23,'SDM'),(9045,8496,23,'SDM'),(9046,8497,23,'SDM'),(9047,8498,23,'SDM'),(9048,8499,23,'SDM'),(9049,8500,17,'DPM'),(9050,8501,17,'DPM'),(9051,8502,17,'DPM'),(9052,8503,17,'DPM'),(9053,8504,23,'SDM'),(9054,8505,23,'SDM'),(9055,8506,23,'SDM'),(9056,8507,23,'SDM'),(9057,8508,23,'SDM'),(9058,8509,23,'SDM'),(9059,8510,23,'SDM'),(9060,8511,23,'SDM'),(9061,8512,29,'DMB'),(9062,8513,29,'DMB'),(9063,8514,29,'DMB'),(9064,8515,29,'DMB'),(9065,8516,29,'DMB'),(9066,8517,29,'DMB'),(9067,8518,29,'DMB'),(9068,8519,29,'DMB'),(9069,8520,2,'DME'),(9070,8521,2,'DME'),(9071,8522,2,'DME'),(9072,8523,2,'DME'),(9073,8524,2,'DME'),(9074,8525,2,'DME'),(9075,8526,2,'DME'),(9076,8527,2,'DME'),(9077,8528,3,'DMO'),(9078,8529,3,'DMO'),(9079,8530,3,'DMO'),(9080,8531,3,'DMO'),(9081,8532,3,'DMO'),(9082,8533,3,'DMO'),(9083,8534,3,'DMO'),(9084,8535,3,'DMO'),(9085,8536,30,'DMT'),(9086,8537,30,'DMT'),(9087,8538,30,'DMT'),(9088,8539,30,'DMT'),(9089,8540,30,'DMT'),(9090,8541,30,'DMT'),(9091,8542,30,'DMT'),(9092,8543,30,'DMT'),(9093,8544,28,'DMI'),(9094,8545,28,'DMI'),(9095,8546,28,'DMI'),(9096,8547,28,'DMI'),(9097,8548,28,'DMI'),(9098,8549,28,'DMI'),(9099,8550,28,'DMI'),(9100,8551,28,'DMI'),(9101,8552,23,'SDM'),(9102,8553,23,'SDM'),(9103,8554,23,'SDM'),(9104,8555,23,'SDM'),(9105,8556,23,'SDM'),(9106,8557,23,'SDM'),(9107,8558,23,'SDM'),(9108,8559,23,'SDM'),(9109,8560,17,'DPM'),(9110,8561,17,'DPM'),(9111,8562,17,'DPM'),(9112,8563,17,'DPM'),(9113,8564,17,'DPM'),(9114,8565,17,'DPM'),(9115,8566,17,'DPM'),(9116,8567,17,'DPM'),(9117,8568,23,'SDM'),(9118,8569,23,'SDM'),(9119,8570,23,'SDM'),(9120,8571,23,'SDM'),(9121,8572,29,'DMB'),(9122,8573,29,'DMB'),(9123,8574,29,'DMB'),(9124,8575,29,'DMB'),(9125,8576,2,'DME'),(9126,8577,2,'DME'),(9127,8578,2,'DME'),(9128,8579,2,'DME'),(9129,8580,3,'DMO'),(9130,8581,3,'DMO'),(9131,8582,3,'DMO'),(9132,8583,3,'DMO'),(9133,8584,30,'DMT'),(9134,8585,30,'DMT'),(9135,8586,30,'DMT'),(9136,8587,30,'DMT'),(9137,8588,28,'DMI'),(9138,8589,28,'DMI'),(9139,8590,28,'DMI'),(9140,8591,28,'DMI'),(9141,8592,23,'SDM'),(9142,8593,23,'SDM'),(9143,8594,23,'SDM'),(9144,8595,23,'SDM'),(9145,8596,17,'DPM'),(9146,8597,17,'DPM'),(9147,8598,17,'DPM'),(9148,8599,17,'DPM'),(9149,8600,17,'DPM'),(9150,8601,17,'DPM'),(9151,8602,17,'DPM'),(9152,8603,17,'DPM'),(9153,8604,17,'DPM'),(9154,8605,17,'DPM'),(9155,8606,17,'DPM'),(9156,8607,17,'DPM'),(9157,8608,23,'SDM'),(9158,8609,23,'SDM'),(9159,8610,23,'SDM'),(9160,8611,23,'SDM'),(9161,8612,26,'SDMK'),(9162,8613,26,'SDMK'),(9163,8614,26,'SDMK'),(9164,8615,26,'SDMK'),(9165,8616,26,'SDMK'),(9166,8617,26,'SDMK'),(9167,8618,26,'SDMK'),(9168,8619,26,'SDMK'),(9169,8620,26,'SDMK'),(9170,8621,26,'SDMK'),(9171,8622,26,'SDMK'),(9172,8623,26,'SDMK'),(9173,8624,26,'SDMK'),(9174,8625,26,'SDMK'),(9175,8626,26,'SDMK'),(9176,8627,26,'SDMK'),(9177,8628,26,'SDMK'),(9178,8629,26,'SDMK'),(9179,8630,26,'SDMK'),(9180,8631,26,'SDMK'),(9181,8632,26,'SDMK'),(9182,8633,26,'SDMK'),(9183,8634,26,'SDMK'),(9184,8635,26,'SDMK'),(9185,8636,32,'DPMU'),(9186,8637,32,'DPMU'),(9187,8638,32,'DPMU'),(9188,8639,32,'DPMU'),(9189,8640,31,'DPMUK'),(9190,8641,31,'DPMUK'),(9191,8642,31,'DPMUK'),(9192,8643,31,'DPMUK'),(9193,8644,33,'DMIR'),(9194,8645,33,'DMIR'),(9195,8646,33,'DMIR'),(9196,8647,33,'DMIR'),(9197,8648,34,'DMIB'),(9198,8649,34,'DMIB'),(9199,8650,34,'DMIB'),(9200,8651,34,'DMIB'),(9201,8652,35,'DMIA'),(9202,8653,35,'DMIA'),(9203,8654,35,'DMIA'),(9204,8655,35,'DMIA'),(9205,8656,24,'SDML'),(9206,8657,24,'SDML'),(9207,8658,24,'SDML'),(9208,8659,24,'SDML'),(9209,8660,37,'SDMK'),(9210,8661,37,'SDMK'),(9211,8662,37,'SDMK'),(9212,8663,37,'SDMK'),(9213,8664,27,'SDMH'),(9214,8665,27,'SDMH'),(9215,8666,27,'SDMH'),(9216,8667,27,'SDMH'),(9217,8668,25,'SDMU'),(9218,8669,25,'SDMU'),(9219,8670,25,'SDMU'),(9220,8671,25,'SDMU'),(9221,8672,32,'DPMU'),(9222,8673,32,'DPMU'),(9223,8674,32,'DPMU'),(9224,8675,32,'DPMU'),(9225,8676,40,'DPMS'),(9226,8677,40,'DPMS'),(9227,8678,40,'DPMS'),(9228,8679,40,'DPMS'),(9229,8680,41,'DMTE'),(9230,8681,41,'DMTE'),(9231,8682,41,'DMTE'),(9232,8683,41,'DMTE'),(9233,8684,42,'DMTO'),(9234,8685,42,'DMTO'),(9235,8686,42,'DMTO'),(9236,8687,42,'DMTO'),(9237,8688,43,'DMTS'),(9238,8689,43,'DMTS'),(9239,8690,43,'DMTS'),(9240,8691,43,'DMTS'),(9241,8692,44,'DMTL'),(9242,8693,44,'DMTL'),(9243,8694,44,'DMTL'),(9244,8695,44,'DMTL'),(9245,8696,45,'DMTP'),(9246,8697,45,'DMTP'),(9247,8698,45,'DMTP'),(9248,8699,45,'DMTP'),(9249,8700,8,'DMOT'),(9250,8701,8,'DMOT'),(9251,8702,8,'DMOT'),(9252,8703,8,'DMOT'),(9253,8704,12,'DMOS'),(9254,8705,12,'DMOS'),(9255,8706,12,'DMOS'),(9256,8707,12,'DMOS'),(9257,8708,7,'DMOM'),(9258,8709,7,'DMOM'),(9259,8710,7,'DMOM'),(9260,8711,7,'DMOM'),(9261,8712,10,'DMOG'),(9262,8713,10,'DMOG'),(9263,8714,10,'DMOG'),(9264,8715,10,'DMOG'),(9265,8716,11,'DMOH'),(9266,8717,11,'DMOH'),(9267,8718,11,'DMOH'),(9268,8719,11,'DMOH'),(9269,8720,8,'DMOT'),(9270,8721,8,'DMOT'),(9271,8722,8,'DMOT'),(9272,8723,8,'DMOT'),(9273,8724,8,'DMOT'),(9274,8725,8,'DMOT'),(9275,8726,8,'DMOT'),(9276,8727,8,'DMOT'),(9277,8728,12,'DMOS'),(9278,8729,12,'DMOS'),(9279,8730,12,'DMOS'),(9280,8731,12,'DMOS'),(9281,8732,12,'DMOS'),(9282,8733,12,'DMOS'),(9283,8734,12,'DMOS'),(9284,8735,12,'DMOS'),(9285,8736,12,'DMOS'),(9286,8737,12,'DMOS'),(9287,8738,12,'DMOS'),(9288,8739,12,'DMOS'),(9289,8740,12,'DMOS'),(9290,8741,12,'DMOS'),(9291,8742,12,'DMOS'),(9292,8743,12,'DMOS'),(9293,8744,12,'DMOS'),(9294,8745,12,'DMOS'),(9295,8746,12,'DMOS'),(9296,8747,12,'DMOS'),(9297,8748,12,'DMOS'),(9298,8749,12,'DMOS'),(9299,8750,12,'DMOS'),(9300,8751,12,'DMOS'),(9301,8752,14,'DMEN'),(9302,8753,14,'DMEN'),(9303,8754,14,'DMEN'),(9304,8755,14,'DMEN'),(9305,8756,14,'DMEN'),(9306,8757,14,'DMEN'),(9307,8758,14,'DMEN'),(9308,8759,14,'DMEN'),(9309,8760,14,'DMEN'),(9310,8761,14,'DMEN'),(9311,8762,14,'DMEN'),(9312,8763,14,'DMEN'),(9313,8764,14,'DMEN'),(9314,8765,14,'DMEN'),(9315,8766,14,'DMEN'),(9316,8767,14,'DMEN'),(9317,8768,14,'DMEN'),(9318,8769,14,'DMEN'),(9319,8770,14,'DMEN'),(9320,8771,14,'DMEN'),(9321,8772,14,'DMEN'),(9322,8773,14,'DMEN'),(9323,8774,14,'DMEN'),(9324,8775,14,'DMEN'),(9325,8776,47,'DMEE'),(9326,8777,47,'DMEE'),(9327,8778,47,'DMEE'),(9328,8779,47,'DMEE'),(9329,8780,47,'DMEE'),(9330,8781,47,'DMEE'),(9331,8782,47,'DMEE'),(9332,8783,47,'DMEE'),(9333,8784,47,'DMEE'),(9334,8785,47,'DMEE'),(9335,8786,47,'DMEE'),(9336,8787,47,'DMEE'),(9337,8788,47,'DMEE'),(9338,8789,47,'DMEE'),(9339,8790,47,'DMEE'),(9340,8791,47,'DMEE'),(9341,8792,47,'DMEE'),(9342,8793,47,'DMEE'),(9343,8794,47,'DMEE'),(9344,8795,47,'DMEE'),(9345,8796,46,'DMED'),(9346,8797,46,'DMED'),(9347,8798,46,'DMED'),(9348,8799,46,'DMED'),(9349,8800,46,'DMED'),(9350,8801,46,'DMED'),(9351,8802,46,'DMED'),(9352,8803,46,'DMED'),(9353,8804,46,'DMED'),(9354,8805,46,'DMED'),(9355,8806,46,'DMED'),(9356,8807,46,'DMED'),(9357,8808,46,'DMED'),(9358,8809,46,'DMED'),(9359,8810,46,'DMED'),(9360,8811,46,'DMED'),(9361,8812,46,'DMED'),(9362,8813,46,'DMED'),(9363,8814,46,'DMED'),(9364,8815,46,'DMED'),(9365,8816,46,'DMED'),(9366,8817,46,'DMED'),(9367,8818,46,'DMED'),(9368,8819,46,'DMED'),(9369,8820,4,'DMEP'),(9370,8821,4,'DMEP'),(9371,8822,4,'DMEP'),(9372,8823,4,'DMEP'),(9373,8824,4,'DMEP'),(9374,8825,4,'DMEP'),(9375,8826,4,'DMEP'),(9376,8827,4,'DMEP'),(9377,8828,4,'DMEP'),(9378,8829,4,'DMEP'),(9379,8830,4,'DMEP'),(9380,8831,4,'DMEP'),(9381,8832,4,'DMEP'),(9382,8833,4,'DMEP'),(9383,8834,4,'DMEP'),(9384,8835,4,'DMEP'),(9385,8836,48,'DMOS/DMOT'),(9386,8837,48,'DMOS/DMOT'),(9387,8838,48,'DMOS/DMOT'),(9388,8839,48,'DMOS/DMOT'),(9389,8840,48,'DMOS/DMOT'),(9390,8841,48,'DMOS/DMOT'),(9391,8842,48,'DMOS/DMOT'),(9392,8843,48,'DMOS/DMOT'),(9393,8844,48,'DMOS/DMOT'),(9394,8845,48,'DMOS/DMOT'),(9395,8846,48,'DMOS/DMOT'),(9396,8847,48,'DMOS/DMOT'),(9397,8848,48,'DMOS/DMOT'),(9398,8849,48,'DMOS/DMOT'),(9399,8850,48,'DMOS/DMOT'),(9400,8851,48,'DMOS/DMOT'),(9401,8852,5,'DMBS'),(9402,8853,5,'DMBS'),(9403,8854,5,'DMBS'),(9404,8855,5,'DMBS'),(9405,8856,5,'DMBS'),(9406,8857,5,'DMBS'),(9407,8858,5,'DMBS'),(9408,8859,5,'DMBS'),(9409,8860,5,'DMBS'),(9410,8861,5,'DMBS'),(9411,8862,5,'DMBS'),(9412,8863,5,'DMBS'),(9413,8864,5,'DMBS'),(9414,8865,5,'DMBS'),(9415,8866,5,'DMBS'),(9416,8867,5,'DMBS'),(9417,8868,5,'DMBS'),(9418,8869,5,'DMBS'),(9419,8870,5,'DMBS'),(9420,8871,5,'DMBS'),(9421,8872,18,'DPMR'),(9422,8873,18,'DPMR'),(9423,8874,18,'DPMR'),(9424,8875,18,'DPMR'),(9425,8876,19,'DPMR.1'),(9426,8877,19,'DPMR.1'),(9427,8878,19,'DPMR.1'),(9428,8879,19,'DPMR.1'),(9429,8880,20,'DPMR.2'),(9430,8881,20,'DPMR.2'),(9431,8882,20,'DPMR.2'),(9432,8883,20,'DPMR.2'),(9433,8884,21,'DPMR.3'),(9434,8885,21,'DPMR.3'),(9435,8886,21,'DPMR.3'),(9436,8887,21,'DPMR.3'),(9437,8888,22,'DPMR.4'),(9438,8889,22,'DPMR.4'),(9439,8890,22,'DPMR.4'),(9440,8891,22,'DPMR.4'),(9441,8892,49,'DPMT'),(9442,8893,49,'DPMT'),(9443,8894,49,'DPMT'),(9444,8895,49,'DPMT'),(9445,8896,50,'DPMT.1'),(9446,8897,50,'DPMT.1'),(9447,8898,50,'DPMT.1'),(9448,8899,50,'DPMT.1'),(9449,8900,51,'DPMT.2'),(9450,8901,51,'DPMT.2'),(9451,8902,51,'DPMT.2'),(9452,8903,51,'DPMT.2'),(9453,8904,52,'DPMT.3'),(9454,8905,52,'DPMT.3'),(9455,8906,52,'DPMT.3'),(9456,8907,52,'DPMT.3'),(9457,8908,53,'DPMT.4'),(9458,8909,53,'DPMT.4'),(9459,8910,53,'DPMT.4'),(9460,8911,53,'DPMT.4'),(9461,8912,54,'DPMP'),(9462,8913,54,'DPMP'),(9463,8914,54,'DPMP'),(9464,8915,54,'DPMP'),(9465,8916,55,'DPMP.1'),(9466,8917,55,'DPMP.1'),(9467,8918,55,'DPMP.1'),(9468,8919,55,'DPMP.1'),(9469,8920,57,'DPMP.2'),(9470,8921,57,'DPMP.2'),(9471,8922,57,'DPMP.2'),(9472,8923,57,'DPMP.2'),(9473,8924,58,'DPMP.3'),(9474,8925,58,'DPMP.3'),(9475,8926,58,'DPMP.3'),(9476,8927,58,'DPMP.3'),(9477,8928,59,'DPMA'),(9478,8929,59,'DPMA'),(9479,8930,59,'DPMA'),(9480,8931,59,'DPMA'),(9481,8932,60,'DPMA.1'),(9482,8933,60,'DPMA.1'),(9483,8934,60,'DPMA.1'),(9484,8935,60,'DPMA.1'),(9485,8936,61,'DPMA.2'),(9486,8937,61,'DPMA.2'),(9487,8938,61,'DPMA.2'),(9488,8939,61,'DPMA.2'),(9489,8940,62,'DPMA.3'),(9490,8941,62,'DPMA.3'),(9491,8942,62,'DPMA.3'),(9492,8943,62,'DPMA.3'),(9493,8944,63,'DPMG'),(9494,8945,63,'DPMG'),(9495,8946,63,'DPMG'),(9496,8947,63,'DPMG'),(9497,8948,64,'DPMG.1'),(9498,8949,64,'DPMG.1'),(9499,8950,64,'DPMG.1'),(9500,8951,64,'DPMG.1'),(9501,8952,65,'DPMG.2'),(9502,8953,65,'DPMG.2'),(9503,8954,65,'DPMG.2'),(9504,8955,65,'DPMG.2'),(9505,8956,66,'DPME'),(9506,8957,66,'DPME'),(9507,8958,66,'DPME'),(9508,8959,66,'DPME'),(9509,8960,69,'DMBP'),(9510,8961,69,'DMBP'),(9511,8962,69,'DMBP'),(9512,8963,69,'DMBP'),(9513,8964,69,'DMBP'),(9514,8965,69,'DMBP'),(9515,8966,69,'DMBP'),(9516,8967,69,'DMBP'),(9517,8972,5,'DMBS'),(9518,8973,5,'DMBS'),(9519,8974,5,'DMBS'),(9520,8975,5,'DMBS'),(9521,8976,5,'DMBS'),(9522,8977,5,'DMBS'),(9523,8978,5,'DMBS'),(9524,8979,5,'DMBS'),(9525,8980,5,'DMBS'),(9526,8981,5,'DMBS'),(9527,8982,5,'DMBS'),(9528,8983,5,'DMBS'),(9529,8984,5,'DMBS'),(9530,8985,5,'DMBS'),(9531,8986,5,'DMBS'),(9532,8987,5,'DMBS'),(9533,8988,11,'DMOH'),(9534,8989,11,'DMOH'),(9535,8990,11,'DMOH'),(9536,8991,11,'DMOH'),(9537,8992,11,'DMOH'),(9538,8993,11,'DMOH'),(9539,8994,11,'DMOH'),(9540,8995,11,'DMOH'),(9541,8996,11,'DMOH'),(9542,8997,11,'DMOH'),(9543,8998,11,'DMOH'),(9544,8999,11,'DMOH'),(9545,9000,11,'DMOH'),(9546,9001,11,'DMOH'),(9547,9002,11,'DMOH'),(9548,9003,11,'DMOH'),(9549,9004,11,'DMOH'),(9550,9005,11,'DMOH'),(9551,9006,11,'DMOH'),(9552,9007,11,'DMOH'),(9553,9008,11,'DMOH'),(9554,9009,11,'DMOH'),(9555,9010,11,'DMOH'),(9556,9011,11,'DMOH'),(9557,9012,11,'DMOH'),(9558,9013,11,'DMOH'),(9559,9014,11,'DMOH'),(9560,9015,11,'DMOH'),(9561,9016,11,'DMOH'),(9562,9017,11,'DMOH'),(9563,9018,11,'DMOH'),(9564,9019,11,'DMOH'),(9565,9020,11,'DMOH'),(9566,9021,11,'DMOH'),(9567,9022,11,'DMOH'),(9568,9023,11,'DMOH'),(9569,9024,9,'DMON'),(9570,9025,9,'DMON'),(9571,9026,9,'DMON'),(9572,9027,9,'DMON'),(9573,9028,9,'DMON'),(9574,9029,9,'DMON'),(9575,9030,9,'DMON'),(9576,9031,9,'DMON'),(9577,9032,11,'DMOH'),(9578,9033,11,'DMOH'),(9579,9034,11,'DMOH'),(9580,9035,11,'DMOH'),(9581,9036,11,'DMOH'),(9582,9037,11,'DMOH'),(9583,9038,11,'DMOH'),(9584,9039,11,'DMOH'),(9585,9040,11,'DMOH'),(9586,9041,11,'DMOH'),(9587,9042,11,'DMOH'),(9588,9043,11,'DMOH'),(9589,9044,11,'DMOH'),(9590,9045,11,'DMOH'),(9591,9046,11,'DMOH'),(9592,9047,11,'DMOH'),(9593,9048,33,'DMIR'),(9594,9049,33,'DMIR'),(9595,9050,33,'DMIR'),(9596,9051,33,'DMIR'),(9597,9052,34,'DMIB'),(9598,9053,34,'DMIB'),(9599,9054,34,'DMIB'),(9600,9055,34,'DMIB'),(9601,9056,34,'DMIB'),(9602,9057,34,'DMIB'),(9603,9058,34,'DMIB'),(9604,9059,34,'DMIB'),(9605,9060,33,'DMIR'),(9606,9061,33,'DMIR'),(9607,9062,33,'DMIR'),(9608,9063,33,'DMIR'),(9609,9064,33,'DMIR'),(9610,9065,33,'DMIR'),(9611,9066,33,'DMIR'),(9612,9067,33,'DMIR'),(9613,9068,34,'DMIB'),(9614,9069,34,'DMIB'),(9615,9070,34,'DMIB'),(9616,9071,34,'DMIB'),(9617,9072,34,'DMIB'),(9618,9073,34,'DMIB'),(9619,9074,34,'DMIB'),(9620,9075,34,'DMIB'),(9621,9076,34,'DMIB'),(9622,9077,34,'DMIB'),(9623,9078,34,'DMIB'),(9624,9079,34,'DMIB'),(9625,9080,33,'DMIR'),(9626,9081,33,'DMIR'),(9627,9082,33,'DMIR'),(9628,9083,33,'DMIR'),(9629,9084,33,'DMIR'),(9630,9085,33,'DMIR'),(9631,9086,33,'DMIR'),(9632,9087,33,'DMIR'),(9633,9088,34,'DMIB'),(9634,9089,34,'DMIB'),(9635,9090,34,'DMIB'),(9636,9091,34,'DMIB'),(9637,9092,34,'DMIB'),(9638,9093,34,'DMIB'),(9639,9094,34,'DMIB'),(9640,9095,34,'DMIB'),(9641,9096,34,'DMIB'),(9642,9097,34,'DMIB'),(9643,9098,34,'DMIB'),(9644,9099,34,'DMIB'),(9645,9100,34,'DMIB'),(9646,9101,34,'DMIB'),(9647,9102,34,'DMIB'),(9648,9103,34,'DMIB'),(9649,9104,34,'DMIB'),(9650,9105,34,'DMIB'),(9651,9106,34,'DMIB'),(9652,9107,34,'DMIB'),(9653,9108,34,'DMIB'),(9654,9109,34,'DMIB'),(9655,9110,34,'DMIB'),(9656,9111,34,'DMIB'),(9657,9112,34,'DMIB'),(9658,9113,34,'DMIB'),(9659,9114,34,'DMIB'),(9660,9115,34,'DMIB'),(9661,9116,34,'DMIB'),(9662,9117,34,'DMIB'),(9663,9118,34,'DMIB'),(9664,9119,34,'DMIB'),(9665,9120,34,'DMIB'),(9666,9121,34,'DMIB'),(9667,9122,34,'DMIB'),(9668,9123,34,'DMIB'),(9669,9124,34,'DMIB'),(9670,9125,34,'DMIB'),(9671,9126,34,'DMIB'),(9672,9127,34,'DMIB'),(9673,9128,34,'DMIB'),(9674,9129,34,'DMIB'),(9675,9130,34,'DMIB'),(9676,9131,34,'DMIB'),(9677,9132,34,'DMIB'),(9678,9133,34,'DMIB'),(9679,9134,34,'DMIB'),(9680,9135,34,'DMIB'),(9681,9136,34,'DMIB'),(9682,9137,34,'DMIB'),(9683,9138,34,'DMIB'),(9684,9139,34,'DMIB'),(9685,9140,34,'DMIB'),(9686,9141,34,'DMIB'),(9687,9142,34,'DMIB'),(9688,9143,34,'DMIB'),(9689,9144,75,'DMON/DMOG'),(9690,9145,75,'DMON/DMOG'),(9691,9146,75,'DMON/DMOG'),(9692,9147,75,'DMON/DMOG'),(9693,9148,75,'DMON/DMOG'),(9694,9149,75,'DMON/DMOG'),(9695,9150,75,'DMON/DMOG'),(9696,9151,75,'DMON/DMOG'),(9697,9152,75,'DMON/DMOG'),(9698,9153,75,'DMON/DMOG'),(9699,9154,75,'DMON/DMOG'),(9700,9155,75,'DMON/DMOG'),(9701,9156,75,'DMON/DMOG'),(9702,9157,75,'DMON/DMOG'),(9703,9158,75,'DMON/DMOG'),(9704,9159,75,'DMON/DMOG'),(9705,9160,75,'DMON/DMOG'),(9706,9161,75,'DMON/DMOG'),(9707,9162,75,'DMON/DMOG'),(9708,9163,75,'DMON/DMOG'),(9709,9164,75,'DMON/DMOG'),(9710,9165,75,'DMON/DMOG'),(9711,9166,75,'DMON/DMOG'),(9712,9167,75,'DMON/DMOG'),(9713,9168,75,'DMON/DMOG'),(9714,9169,75,'DMON/DMOG'),(9715,9170,75,'DMON/DMOG'),(9716,9171,75,'DMON/DMOG'),(9717,9172,75,'DMON/DMOG'),(9718,9173,75,'DMON/DMOG'),(9719,9174,75,'DMON/DMOG'),(9720,9175,75,'DMON/DMOG'),(9721,9176,75,'DMON/DMOG'),(9722,9177,75,'DMON/DMOG'),(9723,9178,75,'DMON/DMOG'),(9724,9179,75,'DMON/DMOG'),(9725,9180,75,'DMON/DMOG'),(9726,9181,75,'DMON/DMOG'),(9727,9182,75,'DMON/DMOG'),(9728,9183,75,'DMON/DMOG'),(9729,9184,75,'DMON/DMOG'),(9730,9185,75,'DMON/DMOG'),(9731,9186,75,'DMON/DMOG'),(9732,9187,75,'DMON/DMOG'),(9733,9188,75,'DMON/DMOG'),(9734,9189,75,'DMON/DMOG'),(9735,9190,75,'DMON/DMOG'),(9736,9191,75,'DMON/DMOG'),(9737,9192,77,'DMOA/DMOM'),(9738,9193,77,'DMOA/DMOM'),(9739,9194,77,'DMOA/DMOM'),(9740,9195,77,'DMOA/DMOM'),(9741,9196,77,'DMOA/DMOM'),(9742,9197,77,'DMOA/DMOM'),(9743,9198,77,'DMOA/DMOM'),(9744,9199,77,'DMOA/DMOM'),(9745,9200,78,'DMOA/DMOG'),(9746,9201,78,'DMOA/DMOG'),(9747,9202,78,'DMOA/DMOG'),(9748,9203,78,'DMOA/DMOG'),(9749,9204,78,'DMOA/DMOG'),(9750,9205,78,'DMOA/DMOG'),(9751,9206,78,'DMOA/DMOG'),(9752,9207,78,'DMOA/DMOG'),(9753,9208,78,'DMOA/DMOG'),(9754,9209,78,'DMOA/DMOG'),(9755,9210,78,'DMOA/DMOG'),(9756,9211,78,'DMOA/DMOG'),(9757,9212,78,'DMOA/DMOG'),(9758,9213,78,'DMOA/DMOG'),(9759,9214,78,'DMOA/DMOG'),(9760,9215,78,'DMOA/DMOG'),(9761,9216,78,'DMOA/DMOG'),(9762,9217,78,'DMOA/DMOG'),(9763,9218,78,'DMOA/DMOG'),(9764,9219,78,'DMOA/DMOG'),(9765,9220,78,'DMOA/DMOG'),(9766,9221,78,'DMOA/DMOG'),(9767,9222,78,'DMOA/DMOG'),(9768,9223,78,'DMOA/DMOG'),(9769,9224,78,'DMOA/DMOG'),(9770,9225,78,'DMOA/DMOG'),(9771,9226,78,'DMOA/DMOG'),(9772,9227,78,'DMOA/DMOG'),(9773,9228,78,'DMOA/DMOG'),(9774,9229,78,'DMOA/DMOG'),(9775,9230,78,'DMOA/DMOG'),(9776,9231,78,'DMOA/DMOG'),(9777,9232,84,'DMOO/DMOM'),(9778,9233,84,'DMOO/DMOM'),(9779,9234,84,'DMOO/DMOM'),(9780,9235,84,'DMOO/DMOM'),(9781,9236,84,'DMOO/DMOM'),(9782,9237,84,'DMOO/DMOM'),(9783,9238,84,'DMOO/DMOM'),(9784,9239,84,'DMOO/DMOM'),(9785,9240,81,'DMOO/DMOG'),(9786,9241,81,'DMOO/DMOG'),(9787,9242,81,'DMOO/DMOG'),(9788,9243,81,'DMOO/DMOG'),(9789,9244,81,'DMOO/DMOG'),(9790,9245,81,'DMOO/DMOG'),(9791,9246,81,'DMOO/DMOG'),(9792,9247,81,'DMOO/DMOG'),(9793,9248,81,'DMOO/DMOG'),(9794,9249,81,'DMOO/DMOG'),(9795,9250,81,'DMOO/DMOG'),(9796,9251,81,'DMOO/DMOG'),(9797,9252,81,'DMOO/DMOG'),(9798,9253,81,'DMOO/DMOG'),(9799,9254,81,'DMOO/DMOG'),(9800,9255,81,'DMOO/DMOG'),(9801,9256,79,'DMOO/DMOT'),(9802,9257,79,'DMOO/DMOT'),(9803,9258,79,'DMOO/DMOT'),(9804,9259,79,'DMOO/DMOT'),(9805,9260,79,'DMOO/DMOT'),(9806,9261,79,'DMOO/DMOT'),(9807,9262,79,'DMOO/DMOT'),(9808,9263,79,'DMOO/DMOT'),(9809,9264,5,'DMBS'),(9810,9265,5,'DMBS'),(9811,9266,5,'DMBS'),(9812,9267,5,'DMBS'),(9813,9268,69,'DMBP'),(9814,9269,69,'DMBP'),(9815,9270,69,'DMBP'),(9816,9271,69,'DMBP'),(9817,9272,85,'DMBD'),(9818,9273,85,'DMBD'),(9819,9274,85,'DMBD'),(9820,9275,85,'DMBD'),(9821,9276,87,'DMBI'),(9822,9277,87,'DMBI'),(9823,9278,87,'DMBI'),(9824,9279,87,'DMBI'),(9825,9280,86,'DMBK'),(9826,9281,86,'DMBK'),(9827,9282,86,'DMBK'),(9828,9283,86,'DMBK'),(9829,9284,13,'DMEW'),(9830,9285,13,'DMEW'),(9831,9286,13,'DMEW'),(9832,9287,13,'DMEW'),(9833,9288,4,'DMEP'),(9834,9289,4,'DMEP'),(9835,9290,4,'DMEP'),(9836,9291,4,'DMEP'),(9837,9292,47,'DMEE'),(9838,9293,47,'DMEE'),(9839,9294,47,'DMEE'),(9840,9295,47,'DMEE'),(9841,9296,14,'DMEN'),(9842,9297,14,'DMEN'),(9843,9298,14,'DMEN'),(9844,9299,14,'DMEN'),(9845,9300,46,'DMED'),(9846,9301,46,'DMED'),(9847,9302,46,'DMED'),(9848,9303,46,'DMED'),(9849,9304,80,'DMOS/DMOM'),(9850,9305,80,'DMOS/DMOM'),(9851,9306,80,'DMOS/DMOM'),(9852,9307,80,'DMOS/DMOM'),(9853,9308,80,'DMOS/DMOM'),(9854,9309,80,'DMOS/DMOM'),(9855,9310,80,'DMOS/DMOM'),(9856,9311,80,'DMOS/DMOM'),(9857,9312,83,'DMOS/DMOG'),(9858,9313,83,'DMOS/DMOG'),(9859,9314,83,'DMOS/DMOG'),(9860,9315,83,'DMOS/DMOG'),(9861,9316,83,'DMOS/DMOG'),(9862,9317,83,'DMOS/DMOG'),(9863,9318,83,'DMOS/DMOG'),(9864,9319,83,'DMOS/DMOG'),(9865,9320,83,'DMOS/DMOG'),(9866,9321,83,'DMOS/DMOG'),(9867,9322,83,'DMOS/DMOG'),(9868,9323,83,'DMOS/DMOG'),(9869,9324,83,'DMOS/DMOG'),(9870,9325,83,'DMOS/DMOG'),(9871,9326,83,'DMOS/DMOG'),(9872,9327,83,'DMOS/DMOG'),(9873,9328,83,'DMOS/DMOG'),(9874,9329,83,'DMOS/DMOG'),(9875,9330,83,'DMOS/DMOG'),(9876,9331,83,'DMOS/DMOG'),(9877,9332,83,'DMOS/DMOG'),(9878,9333,83,'DMOS/DMOG'),(9879,9334,83,'DMOS/DMOG'),(9880,9335,83,'DMOS/DMOG'),(9881,9336,85,'DMBD'),(9882,9337,85,'DMBD'),(9883,9338,85,'DMBD'),(9884,9339,85,'DMBD'),(9885,9340,85,'DMBD'),(9886,9341,85,'DMBD'),(9887,9342,85,'DMBD'),(9888,9343,85,'DMBD'),(9889,9344,85,'DMBD'),(9890,9345,85,'DMBD'),(9891,9346,85,'DMBD'),(9892,9347,85,'DMBD'),(9893,9348,85,'DMBD'),(9894,9349,85,'DMBD'),(9895,9350,85,'DMBD'),(9896,9351,85,'DMBD'),(9897,9352,85,'DMBD'),(9898,9353,85,'DMBD'),(9899,9354,85,'DMBD'),(9900,9355,85,'DMBD'),(9901,9356,85,'DMBD'),(9902,9357,85,'DMBD'),(9903,9358,85,'DMBD'),(9904,9359,85,'DMBD'),(9905,9360,87,'DMBI'),(9906,9361,87,'DMBI'),(9907,9362,87,'DMBI'),(9908,9363,87,'DMBI'),(9909,9364,87,'DMBI'),(9910,9365,87,'DMBI'),(9911,9366,87,'DMBI'),(9912,9367,87,'DMBI'),(9913,9368,87,'DMBI'),(9914,9369,87,'DMBI'),(9915,9370,87,'DMBI'),(9916,9371,87,'DMBI'),(9917,9372,5,'DMBS'),(9918,9373,5,'DMBS'),(9919,9374,5,'DMBS'),(9920,9375,5,'DMBS'),(9921,9376,5,'DMBS'),(9922,9377,5,'DMBS'),(9923,9378,5,'DMBS'),(9924,9379,5,'DMBS'),(9925,9380,87,'DMBI'),(9926,9381,87,'DMBI'),(9927,9382,87,'DMBI'),(9928,9383,87,'DMBI'),(9929,9384,87,'DMBI'),(9930,9385,87,'DMBI'),(9931,9386,87,'DMBI'),(9932,9387,87,'DMBI'),(9933,9388,87,'DMBI'),(9934,9389,87,'DMBI'),(9935,9390,87,'DMBI'),(9936,9391,87,'DMBI'),(9937,9392,86,'DMBK'),(9938,9393,86,'DMBK'),(9939,9394,86,'DMBK'),(9940,9395,86,'DMBK'),(9941,9396,86,'DMBK'),(9942,9397,86,'DMBK'),(9943,9398,86,'DMBK'),(9944,9399,86,'DMBK'),(9945,9400,86,'DMBK'),(9946,9401,86,'DMBK'),(9947,9402,86,'DMBK'),(9948,9403,86,'DMBK'),(9949,9404,86,'DMBK'),(9950,9405,86,'DMBK'),(9951,9406,86,'DMBK'),(9952,9407,86,'DMBK'),(9953,9408,69,'DMBP'),(9954,9409,69,'DMBP'),(9955,9410,69,'DMBP'),(9956,9411,69,'DMBP'),(9957,9412,69,'DMBP'),(9958,9413,69,'DMBP'),(9959,9414,69,'DMBP'),(9960,9415,69,'DMBP'),(9961,9416,69,'DMBP'),(9962,9417,69,'DMBP'),(9963,9418,69,'DMBP'),(9964,9419,69,'DMBP'),(9965,9420,69,'DMBP'),(9966,9421,69,'DMBP'),(9967,9422,69,'DMBP'),(9968,9423,69,'DMBP'),(9969,9424,69,'DMBP'),(9970,9425,69,'DMBP'),(9971,9426,69,'DMBP'),(9972,9427,69,'DMBP'),(9973,9428,69,'DMBP'),(9974,9429,69,'DMBP'),(9975,9430,69,'DMBP'),(9976,9431,69,'DMBP'),(9977,9432,69,'DMBP'),(9978,9433,69,'DMBP'),(9979,9434,69,'DMBP'),(9980,9435,69,'DMBP'),(9981,9436,85,'DMBD'),(9982,9437,85,'DMBD'),(9983,9438,85,'DMBD'),(9984,9439,85,'DMBD'),(9985,9440,87,'DMBI'),(9986,9441,87,'DMBI'),(9987,9442,87,'DMBI'),(9988,9443,87,'DMBI'),(9989,9444,24,'SDML'),(9990,9445,24,'SDML'),(9991,9446,24,'SDML'),(9992,9447,24,'SDML'),(9993,9448,27,'SDMH'),(9994,9449,27,'SDMH'),(9995,9450,27,'SDMH'),(9996,9451,27,'SDMH'),(9997,9452,85,'DMBD'),(9998,9453,85,'DMBD'),(9999,9454,85,'DMBD'),(10000,9455,85,'DMBD'),(10001,9456,25,'SDMU'),(10002,9457,25,'SDMU'),(10003,9458,25,'SDMU'),(10004,9459,25,'SDMU'),(10005,9460,25,'SDMU'),(10006,9461,25,'SDMU'),(10007,9462,25,'SDMU'),(10008,9463,25,'SDMU'),(10009,9464,33,'DMIR'),(10010,9465,33,'DMIR'),(10011,9466,33,'DMIR'),(10012,9467,33,'DMIR'),(10013,9468,34,'DMIB'),(10014,9469,34,'DMIB'),(10015,9470,34,'DMIB'),(10016,9471,34,'DMIB'),(10017,9472,35,'DMIA'),(10018,9473,35,'DMIA'),(10019,9474,35,'DMIA'),(10020,9475,35,'DMIA'),(10021,9476,33,'DMIR'),(10022,9477,33,'DMIR'),(10023,9478,33,'DMIR'),(10024,9479,33,'DMIR'),(10025,9480,34,'DMIB'),(10026,9481,34,'DMIB'),(10027,9482,34,'DMIB'),(10028,9483,34,'DMIB'),(10029,9484,35,'DMIA'),(10030,9485,35,'DMIA'),(10031,9486,35,'DMIA'),(10032,9487,35,'DMIA'),(10033,9488,24,'SDML'),(10034,9489,24,'SDML'),(10035,9490,24,'SDML'),(10036,9491,24,'SDML'),(10037,9492,26,'SDMK'),(10038,9493,26,'SDMK'),(10039,9494,26,'SDMK'),(10040,9495,26,'SDMK'),(10041,9496,27,'SDMH'),(10042,9497,27,'SDMH'),(10043,9498,27,'SDMH'),(10044,9499,27,'SDMH'),(10045,9500,25,'SDMU'),(10046,9501,25,'SDMU'),(10047,9502,25,'SDMU'),(10048,9503,25,'SDMU'),(10049,9504,24,'SDML'),(10050,9505,24,'SDML'),(10051,9506,24,'SDML'),(10052,9507,24,'SDML'),(10053,9508,26,'SDMK'),(10054,9509,26,'SDMK'),(10055,9510,26,'SDMK'),(10056,9511,26,'SDMK'),(10057,9512,25,'SDMU'),(10058,9513,25,'SDMU'),(10059,9514,25,'SDMU'),(10060,9515,25,'SDMU'),(10061,9516,5,'DMBS'),(10062,9517,5,'DMBS'),(10063,9518,5,'DMBS'),(10064,9519,5,'DMBS'),(10065,9520,69,'DMBP'),(10066,9521,69,'DMBP'),(10067,9522,69,'DMBP'),(10068,9523,69,'DMBP'),(10069,9524,87,'DMBI'),(10070,9525,87,'DMBI'),(10071,9526,87,'DMBI'),(10072,9527,87,'DMBI'),(10073,9528,85,'DMBD'),(10074,9529,85,'DMBD'),(10075,9530,85,'DMBD'),(10076,9531,85,'DMBD'),(10077,9532,86,'DMBK'),(10078,9533,86,'DMBK'),(10079,9534,86,'DMBK'),(10080,9535,86,'DMBK'),(10081,9536,5,'DMBS'),(10082,9537,5,'DMBS'),(10083,9538,5,'DMBS'),(10084,9539,5,'DMBS'),(10085,9540,69,'DMBP'),(10086,9541,69,'DMBP'),(10087,9542,69,'DMBP'),(10088,9543,69,'DMBP'),(10089,9544,87,'DMBI'),(10090,9545,87,'DMBI'),(10091,9546,87,'DMBI'),(10092,9547,87,'DMBI'),(10093,9548,85,'DMBD'),(10094,9549,85,'DMBD'),(10095,9550,85,'DMBD'),(10096,9551,85,'DMBD'),(10097,9552,86,'DMBK'),(10098,9553,86,'DMBK'),(10099,9554,86,'DMBK'),(10100,9555,86,'DMBK'),(10101,9556,13,'DMEW'),(10102,9557,13,'DMEW'),(10103,9558,13,'DMEW'),(10104,9559,13,'DMEW'),(10105,9560,4,'DMEP'),(10106,9561,4,'DMEP'),(10107,9562,4,'DMEP'),(10108,9563,4,'DMEP'),(10109,9564,47,'DMEE'),(10110,9565,47,'DMEE'),(10111,9566,47,'DMEE'),(10112,9567,47,'DMEE'),(10113,9568,14,'DMEN'),(10114,9569,14,'DMEN'),(10115,9570,14,'DMEN'),(10116,9571,14,'DMEN'),(10117,9572,46,'DMED'),(10118,9573,46,'DMED'),(10119,9574,46,'DMED'),(10120,9575,46,'DMED'),(10121,9576,13,'DMEW'),(10122,9577,13,'DMEW'),(10123,9578,13,'DMEW'),(10124,9579,13,'DMEW'),(10125,9580,4,'DMEP'),(10126,9581,4,'DMEP'),(10127,9582,4,'DMEP'),(10128,9583,4,'DMEP'),(10129,9584,47,'DMEE'),(10130,9585,47,'DMEE'),(10131,9586,47,'DMEE'),(10132,9587,47,'DMEE'),(10133,9588,14,'DMEN'),(10134,9589,14,'DMEN'),(10135,9590,14,'DMEN'),(10136,9591,14,'DMEN'),(10137,9592,46,'DMED'),(10138,9593,46,'DMED'),(10139,9594,46,'DMED'),(10140,9595,46,'DMED'),(10141,9596,8,'DMOT'),(10142,9597,8,'DMOT'),(10143,9598,8,'DMOT'),(10144,9599,8,'DMOT'),(10145,9600,12,'DMOS'),(10146,9601,12,'DMOS'),(10147,9602,12,'DMOS'),(10148,9603,12,'DMOS'),(10149,9604,10,'DMOG'),(10150,9605,10,'DMOG'),(10151,9606,10,'DMOG'),(10152,9607,10,'DMOG'),(10153,9608,7,'DMOM'),(10154,9609,7,'DMOM'),(10155,9610,7,'DMOM'),(10156,9611,7,'DMOM'),(10157,9612,11,'DMOH'),(10158,9613,11,'DMOH'),(10159,9614,11,'DMOH'),(10160,9615,11,'DMOH'),(10161,9616,8,'DMOT'),(10162,9617,8,'DMOT'),(10163,9618,8,'DMOT'),(10164,9619,8,'DMOT'),(10165,9620,12,'DMOS'),(10166,9621,12,'DMOS'),(10167,9622,12,'DMOS'),(10168,9623,12,'DMOS'),(10169,9624,10,'DMOG'),(10170,9625,10,'DMOG'),(10171,9626,10,'DMOG'),(10172,9627,10,'DMOG'),(10173,9628,7,'DMOM'),(10174,9629,7,'DMOM'),(10175,9630,7,'DMOM'),(10176,9631,7,'DMOM'),(10177,9632,11,'DMOH'),(10178,9633,11,'DMOH'),(10179,9634,11,'DMOH'),(10180,9635,11,'DMOH'),(10181,9636,41,'DMTE'),(10182,9637,41,'DMTE'),(10183,9638,41,'DMTE'),(10184,9639,41,'DMTE'),(10185,9640,42,'DMTO'),(10186,9641,42,'DMTO'),(10187,9642,42,'DMTO'),(10188,9643,42,'DMTO'),(10189,9644,43,'DMTS'),(10190,9645,43,'DMTS'),(10191,9646,43,'DMTS'),(10192,9647,43,'DMTS'),(10193,9648,44,'DMTL'),(10194,9649,44,'DMTL'),(10195,9650,44,'DMTL'),(10196,9651,44,'DMTL'),(10197,9652,45,'DMTP'),(10198,9653,45,'DMTP'),(10199,9654,45,'DMTP'),(10200,9655,45,'DMTP'),(10201,9656,41,'DMTE'),(10202,9657,41,'DMTE'),(10203,9658,41,'DMTE'),(10204,9659,41,'DMTE'),(10205,9660,42,'DMTO'),(10206,9661,42,'DMTO'),(10207,9662,42,'DMTO'),(10208,9663,42,'DMTO'),(10209,9664,43,'DMTS'),(10210,9665,43,'DMTS'),(10211,9666,43,'DMTS'),(10212,9667,43,'DMTS'),(10213,9668,44,'DMTL'),(10214,9669,44,'DMTL'),(10215,9670,44,'DMTL'),(10216,9671,44,'DMTL'),(10217,9672,45,'DMTP'),(10218,9673,45,'DMTP'),(10219,9674,45,'DMTP'),(10220,9675,45,'DMTP'),(10221,9676,32,'DPMU'),(10222,9677,32,'DPMU'),(10223,9678,32,'DPMU'),(10224,9679,32,'DPMU'),(10225,9680,40,'DPMS'),(10226,9681,40,'DPMS'),(10227,9682,40,'DPMS'),(10228,9683,40,'DPMS'),(10229,9684,18,'DPMR'),(10230,9685,18,'DPMR'),(10231,9686,18,'DPMR'),(10232,9687,18,'DPMR'),(10233,9688,49,'DPMT'),(10234,9689,49,'DPMT'),(10235,9690,49,'DPMT'),(10236,9691,49,'DPMT'),(10237,9692,54,'DPMP'),(10238,9693,54,'DPMP'),(10239,9694,54,'DPMP'),(10240,9695,54,'DPMP'),(10241,9696,59,'DPMA'),(10242,9697,59,'DPMA'),(10243,9698,59,'DPMA'),(10244,9699,59,'DPMA'),(10245,9700,59,'DPMA'),(10246,9701,59,'DPMA'),(10247,9702,59,'DPMA'),(10248,9703,59,'DPMA'),(10249,9704,88,'DPMK'),(10250,9705,88,'DPMK'),(10251,9706,88,'DPMK'),(10252,9707,88,'DPMK'),(10253,9708,66,'DPME'),(10254,9709,66,'DPME'),(10255,9710,66,'DPME'),(10256,9711,66,'DPME'),(10257,9712,32,'DPMU'),(10258,9713,32,'DPMU'),(10259,9714,32,'DPMU'),(10260,9715,32,'DPMU'),(10261,9716,40,'DPMS'),(10262,9717,40,'DPMS'),(10263,9718,40,'DPMS'),(10264,9719,40,'DPMS'),(10265,9720,18,'DPMR'),(10266,9721,18,'DPMR'),(10267,9722,18,'DPMR'),(10268,9723,18,'DPMR'),(10269,9724,49,'DPMT'),(10270,9725,49,'DPMT'),(10271,9726,49,'DPMT'),(10272,9727,49,'DPMT'),(10273,9728,54,'DPMP'),(10274,9729,54,'DPMP'),(10275,9730,54,'DPMP'),(10276,9731,54,'DPMP'),(10277,9732,59,'DPMA'),(10278,9733,59,'DPMA'),(10279,9734,59,'DPMA'),(10280,9735,59,'DPMA'),(10281,9736,63,'DPMG'),(10282,9737,63,'DPMG'),(10283,9738,63,'DPMG'),(10284,9739,63,'DPMG'),(10285,9740,88,'DPMK'),(10286,9741,88,'DPMK'),(10287,9742,88,'DPMK'),(10288,9743,88,'DPMK'),(10289,9744,66,'DPME'),(10290,9745,66,'DPME'),(10291,9746,66,'DPME'),(10292,9747,66,'DPME'),(10293,9748,13,'DMEW'),(10294,9749,13,'DMEW'),(10295,9750,13,'DMEW'),(10296,9751,13,'DMEW'),(10297,9752,14,'DMEN'),(10298,9753,14,'DMEN'),(10299,9754,14,'DMEN'),(10300,9755,14,'DMEN'),(10301,9756,47,'DMEE'),(10302,9757,47,'DMEE'),(10303,9758,47,'DMEE'),(10304,9759,47,'DMEE'),(10305,9760,46,'DMED'),(10306,9761,46,'DMED'),(10307,9762,46,'DMED'),(10308,9763,46,'DMED'),(10309,9764,4,'DMEP'),(10310,9765,4,'DMEP'),(10311,9766,4,'DMEP'),(10312,9767,4,'DMEP'),(10313,9768,6,'DMOO'),(10314,9769,6,'DMOO'),(10315,9770,6,'DMOO'),(10316,9771,6,'DMOO'),(10317,9772,89,'DMOA'),(10318,9773,89,'DMOA'),(10319,9774,89,'DMOA'),(10320,9775,89,'DMOA'),(10321,9776,11,'DMOH'),(10322,9777,11,'DMOH'),(10323,9778,11,'DMOH'),(10324,9779,11,'DMOH'),(10325,9780,12,'DMOS'),(10326,9781,12,'DMOS'),(10327,9782,12,'DMOS'),(10328,9783,12,'DMOS'),(10329,9784,9,'DMON'),(10330,9785,9,'DMON'),(10331,9786,9,'DMON'),(10332,9787,9,'DMON'),(10333,9788,11,'DMOH'),(10334,9789,11,'DMOH'),(10335,9790,11,'DMOH'),(10336,9791,11,'DMOH'),(10337,9792,10,'DMOG'),(10338,9793,10,'DMOG'),(10339,9794,10,'DMOG'),(10340,9795,10,'DMOG'),(10341,9796,10,'DMOG'),(10342,9797,10,'DMOG'),(10343,9798,10,'DMOG'),(10344,9799,10,'DMOG'),(10345,9800,10,'DMOG'),(10346,9801,10,'DMOG'),(10347,9802,10,'DMOG'),(10348,9803,10,'DMOG'),(10349,9804,10,'DMOG'),(10350,9805,10,'DMOG'),(10351,9806,10,'DMOG'),(10352,9807,10,'DMOG'),(10353,9808,7,'DMOM'),(10354,9809,7,'DMOM'),(10355,9810,7,'DMOM'),(10356,9811,7,'DMOM'),(10357,9812,7,'DMOM'),(10358,9813,7,'DMOM'),(10359,9814,7,'DMOM'),(10360,9815,7,'DMOM'),(10361,9816,7,'DMOM'),(10362,9817,7,'DMOM'),(10363,9818,7,'DMOM'),(10364,9819,7,'DMOM'),(10365,9820,7,'DMOM'),(10366,9821,7,'DMOM'),(10367,9822,7,'DMOM'),(10368,9823,7,'DMOM'),(10369,9824,8,'DMOT'),(10370,9825,8,'DMOT'),(10371,9826,8,'DMOT'),(10372,9827,8,'DMOT'),(10373,9828,8,'DMOT'),(10374,9829,8,'DMOT'),(10375,9830,8,'DMOT'),(10376,9831,8,'DMOT'),(10377,9832,8,'DMOT'),(10378,9833,8,'DMOT'),(10379,9834,8,'DMOT'),(10380,9835,8,'DMOT'),(10381,9836,8,'DMOT'),(10382,9837,8,'DMOT'),(10383,9838,8,'DMOT'),(10384,9839,8,'DMOT'),(10385,9840,13,'DMEW'),(10386,9841,13,'DMEW'),(10387,9842,13,'DMEW'),(10388,9843,13,'DMEW'),(10389,9844,14,'DMEN'),(10390,9845,14,'DMEN'),(10391,9846,14,'DMEN'),(10392,9847,14,'DMEN'),(10393,9848,47,'DMEE'),(10394,9849,47,'DMEE'),(10395,9850,47,'DMEE'),(10396,9851,47,'DMEE'),(10397,9852,46,'DMED'),(10398,9853,46,'DMED'),(10399,9854,46,'DMED'),(10400,9855,46,'DMED'),(10401,9856,46,'DMED'),(10402,9857,46,'DMED'),(10403,9858,46,'DMED'),(10404,9859,46,'DMED'),(10405,9860,46,'DMED'),(10406,9861,46,'DMED'),(10407,9862,46,'DMED'),(10408,9863,46,'DMED'),(10409,9864,4,'DMEP'),(10410,9865,4,'DMEP'),(10411,9866,4,'DMEP'),(10412,9867,4,'DMEP'),(10413,9868,32,'DPMU'),(10414,9869,32,'DPMU'),(10415,9870,32,'DPMU'),(10416,9871,32,'DPMU'),(10417,9872,92,'DPMUR'),(10418,9873,92,'DPMUR'),(10419,9874,92,'DPMUR'),(10420,9875,92,'DPMUR'),(10421,9876,92,'DPMUR'),(10422,9877,92,'DPMUR'),(10423,9878,92,'DPMUR'),(10424,9879,92,'DPMUR'),(10425,9880,40,'DPMS'),(10426,9881,40,'DPMS'),(10427,9882,40,'DPMS'),(10428,9883,40,'DPMS'),(10429,9884,94,'DPMSS'),(10430,9885,94,'DPMSS'),(10431,9886,94,'DPMSS'),(10432,9887,94,'DPMSS'),(10433,9888,18,'DPMR'),(10434,9889,18,'DPMR'),(10435,9890,18,'DPMR'),(10436,9891,18,'DPMR'),(10437,9892,19,'DPMR.1'),(10438,9893,19,'DPMR.1'),(10439,9894,19,'DPMR.1'),(10440,9895,19,'DPMR.1'),(10441,9896,20,'DPMR.2'),(10442,9897,20,'DPMR.2'),(10443,9898,20,'DPMR.2'),(10444,9899,20,'DPMR.2'),(10445,9900,21,'DPMR.3'),(10446,9901,21,'DPMR.3'),(10447,9902,21,'DPMR.3'),(10448,9903,21,'DPMR.3'),(10449,9904,22,'DPMR.4'),(10450,9905,22,'DPMR.4'),(10451,9906,22,'DPMR.4'),(10452,9907,22,'DPMR.4'),(10453,9908,49,'DPMT'),(10454,9909,49,'DPMT'),(10455,9910,49,'DPMT'),(10456,9911,49,'DPMT'),(10457,9912,50,'DPMT.1'),(10458,9913,50,'DPMT.1'),(10459,9914,50,'DPMT.1'),(10460,9915,50,'DPMT.1'),(10461,9916,51,'DPMT.2'),(10462,9917,51,'DPMT.2'),(10463,9918,51,'DPMT.2'),(10464,9919,51,'DPMT.2'),(10465,9920,52,'DPMT.3'),(10466,9921,52,'DPMT.3'),(10467,9922,52,'DPMT.3'),(10468,9923,52,'DPMT.3'),(10469,9924,53,'DPMT.4'),(10470,9925,53,'DPMT.4'),(10471,9926,53,'DPMT.4'),(10472,9927,53,'DPMT.4'),(10473,9928,54,'DPMP'),(10474,9929,54,'DPMP'),(10475,9930,54,'DPMP'),(10476,9931,54,'DPMP'),(10477,9932,55,'DPMP.1'),(10478,9933,55,'DPMP.1'),(10479,9934,55,'DPMP.1'),(10480,9935,55,'DPMP.1'),(10481,9936,57,'DPMP.2'),(10482,9937,57,'DPMP.2'),(10483,9938,57,'DPMP.2'),(10484,9939,57,'DPMP.2'),(10485,9940,58,'DPMP.3'),(10486,9941,58,'DPMP.3'),(10487,9942,58,'DPMP.3'),(10488,9943,58,'DPMP.3'),(10489,9944,59,'DPMA'),(10490,9945,59,'DPMA'),(10491,9946,59,'DPMA'),(10492,9947,59,'DPMA'),(10493,9948,60,'DPMA.1'),(10494,9949,60,'DPMA.1'),(10495,9950,60,'DPMA.1'),(10496,9951,60,'DPMA.1'),(10497,9952,61,'DPMA.2'),(10498,9953,61,'DPMA.2'),(10499,9954,61,'DPMA.2'),(10500,9955,61,'DPMA.2'),(10501,9956,62,'DPMA.3'),(10502,9957,62,'DPMA.3'),(10503,9958,62,'DPMA.3'),(10504,9959,62,'DPMA.3'),(10505,9960,63,'DPMG'),(10506,9961,63,'DPMG'),(10507,9962,63,'DPMG'),(10508,9963,63,'DPMG'),(10509,9964,64,'DPMG.1'),(10510,9965,64,'DPMG.1'),(10511,9966,64,'DPMG.1'),(10512,9967,64,'DPMG.1'),(10513,9968,65,'DPMG.2'),(10514,9969,65,'DPMG.2'),(10515,9970,65,'DPMG.2'),(10516,9971,65,'DPMG.2'),(10517,9972,66,'DPME'),(10518,9973,66,'DPME'),(10519,9974,66,'DPME'),(10520,9975,66,'DPME'),(10521,9976,95,'DPME.1'),(10522,9977,95,'DPME.1'),(10523,9978,95,'DPME.1'),(10524,9979,95,'DPME.1'),(10525,9980,96,'DPME.2'),(10526,9981,96,'DPME.2'),(10527,9982,96,'DPME.2'),(10528,9983,96,'DPME.2'),(10529,9984,97,'DPME.3'),(10530,9985,97,'DPME.3'),(10531,9986,97,'DPME.3'),(10532,9987,97,'DPME.3'),(10533,9988,6,'DMOO'),(10534,9989,6,'DMOO'),(10535,9990,6,'DMOO'),(10536,9991,6,'DMOO'),(10537,9992,6,'DMOO'),(10538,9993,6,'DMOO'),(10539,9994,6,'DMOO'),(10540,9995,6,'DMOO'),(10541,9996,89,'DMOA'),(10542,9997,89,'DMOA'),(10543,9998,89,'DMOA'),(10544,9999,89,'DMOA'),(10545,10000,89,'DMOA'),(10546,10001,89,'DMOA'),(10547,10002,89,'DMOA'),(10548,10003,89,'DMOA'),(10549,10004,11,'DMOH'),(10550,10005,11,'DMOH'),(10551,10006,11,'DMOH'),(10552,10007,11,'DMOH'),(10553,10008,9,'DMON'),(10554,10009,9,'DMON'),(10555,10010,9,'DMON'),(10556,10011,9,'DMON'),(10557,10012,9,'DMON'),(10558,10013,9,'DMON'),(10559,10014,9,'DMON'),(10560,10015,9,'DMON'),(10561,10016,12,'DMOS'),(10562,10017,12,'DMOS'),(10563,10018,12,'DMOS'),(10564,10019,12,'DMOS'),(10565,10020,12,'DMOS'),(10566,10021,12,'DMOS'),(10567,10022,12,'DMOS'),(10568,10023,12,'DMOS'),(10569,10024,10,'DMOG'),(10570,10025,10,'DMOG'),(10571,10026,10,'DMOG'),(10572,10027,10,'DMOG'),(10573,10028,10,'DMOG'),(10574,10029,10,'DMOG'),(10575,10030,10,'DMOG'),(10576,10031,10,'DMOG'),(10577,10032,10,'DMOG'),(10578,10033,10,'DMOG'),(10579,10034,10,'DMOG'),(10580,10035,10,'DMOG'),(10581,10036,7,'DMOM'),(10582,10037,7,'DMOM'),(10583,10038,7,'DMOM'),(10584,10039,7,'DMOM'),(10585,10040,7,'DMOM'),(10586,10041,7,'DMOM'),(10587,10042,7,'DMOM'),(10588,10043,7,'DMOM'),(10589,10044,43,'DMTS'),(10590,10045,43,'DMTS'),(10591,10046,43,'DMTS'),(10592,10047,43,'DMTS'),(10593,10048,44,'DMTL'),(10594,10049,44,'DMTL'),(10595,10050,44,'DMTL'),(10596,10051,44,'DMTL'),(10597,10052,41,'DMTE'),(10598,10053,41,'DMTE'),(10599,10054,41,'DMTE'),(10600,10055,41,'DMTE'),(10601,10056,45,'DMTP'),(10602,10057,45,'DMTP'),(10603,10058,45,'DMTP'),(10604,10059,45,'DMTP'),(10605,10060,42,'DMTO'),(10606,10061,42,'DMTO'),(10607,10062,42,'DMTO'),(10608,10063,42,'DMTO'),(10609,10064,40,'DPMS'),(10610,10065,40,'DPMS'),(10611,10066,40,'DPMS'),(10612,10067,40,'DPMS'),(10613,10068,100,'DPMSP'),(10614,10069,100,'DPMSP'),(10615,10070,100,'DPMSP'),(10616,10071,100,'DPMSP'),(10617,10072,18,'DPMR'),(10618,10073,18,'DPMR'),(10619,10074,18,'DPMR'),(10620,10075,18,'DPMR'),(10621,10076,19,'DPMR.1'),(10622,10077,19,'DPMR.1'),(10623,10078,19,'DPMR.1'),(10624,10079,19,'DPMR.1'),(10625,10080,20,'DPMR.2'),(10626,10081,20,'DPMR.2'),(10627,10082,20,'DPMR.2'),(10628,10083,20,'DPMR.2'),(10629,10084,21,'DPMR.3'),(10630,10085,21,'DPMR.3'),(10631,10086,21,'DPMR.3'),(10632,10087,21,'DPMR.3'),(10633,10088,22,'DPMR.4'),(10634,10089,22,'DPMR.4'),(10635,10090,22,'DPMR.4'),(10636,10091,22,'DPMR.4'),(10637,10092,49,'DPMT'),(10638,10093,49,'DPMT'),(10639,10094,49,'DPMT'),(10640,10095,49,'DPMT'),(10641,10096,50,'DPMT.1'),(10642,10097,50,'DPMT.1'),(10643,10098,50,'DPMT.1'),(10644,10099,50,'DPMT.1'),(10645,10100,50,'DPMT.1'),(10646,10101,50,'DPMT.1'),(10647,10102,50,'DPMT.1'),(10648,10103,50,'DPMT.1'),(10649,10104,50,'DPMT.1'),(10650,10105,50,'DPMT.1'),(10651,10106,50,'DPMT.1'),(10652,10107,50,'DPMT.1'),(10653,10108,51,'DPMT.2'),(10654,10109,51,'DPMT.2'),(10655,10110,51,'DPMT.2'),(10656,10111,51,'DPMT.2'),(10657,10112,52,'DPMT.3'),(10658,10113,52,'DPMT.3'),(10659,10114,52,'DPMT.3'),(10660,10115,52,'DPMT.3'),(10661,10116,53,'DPMT.4'),(10662,10117,53,'DPMT.4'),(10663,10118,53,'DPMT.4'),(10664,10119,53,'DPMT.4'),(10665,10120,54,'DPMP'),(10666,10121,54,'DPMP'),(10667,10122,54,'DPMP'),(10668,10123,54,'DPMP'),(10669,10124,55,'DPMP.1'),(10670,10125,55,'DPMP.1'),(10671,10126,55,'DPMP.1'),(10672,10127,55,'DPMP.1'),(10673,10128,57,'DPMP.2'),(10674,10129,57,'DPMP.2'),(10675,10130,57,'DPMP.2'),(10676,10131,57,'DPMP.2'),(10677,10132,58,'DPMP.3'),(10678,10133,58,'DPMP.3'),(10679,10134,58,'DPMP.3'),(10680,10135,58,'DPMP.3'),(10681,10136,59,'DPMA'),(10682,10137,59,'DPMA'),(10683,10138,59,'DPMA'),(10684,10139,59,'DPMA'),(10685,10140,60,'DPMA.1'),(10686,10141,60,'DPMA.1'),(10687,10142,60,'DPMA.1'),(10688,10143,60,'DPMA.1'),(10689,10144,61,'DPMA.2'),(10690,10145,61,'DPMA.2'),(10691,10146,61,'DPMA.2'),(10692,10147,61,'DPMA.2'),(10693,10148,62,'DPMA.3'),(10694,10149,62,'DPMA.3'),(10695,10150,62,'DPMA.3'),(10696,10151,62,'DPMA.3'),(10697,10152,63,'DPMG'),(10698,10153,63,'DPMG'),(10699,10154,63,'DPMG'),(10700,10155,63,'DPMG'),(10701,10156,64,'DPMG.1'),(10702,10157,64,'DPMG.1'),(10703,10158,64,'DPMG.1'),(10704,10159,64,'DPMG.1'),(10705,10160,65,'DPMG.2'),(10706,10161,65,'DPMG.2'),(10707,10162,65,'DPMG.2'),(10708,10163,65,'DPMG.2'),(10709,10164,40,'DPMS'),(10710,10165,40,'DPMS'),(10711,10166,40,'DPMS'),(10712,10167,40,'DPMS'),(10713,10168,100,'DPMSP'),(10714,10169,100,'DPMSP'),(10715,10170,100,'DPMSP'),(10716,10171,100,'DPMSP'),(10717,10172,18,'DPMR'),(10718,10173,18,'DPMR'),(10719,10174,18,'DPMR'),(10720,10175,18,'DPMR'),(10721,10176,19,'DPMR.1'),(10722,10177,19,'DPMR.1'),(10723,10178,19,'DPMR.1'),(10724,10179,19,'DPMR.1'),(10725,10180,20,'DPMR.2'),(10726,10181,20,'DPMR.2'),(10727,10182,20,'DPMR.2'),(10728,10183,20,'DPMR.2'),(10729,10184,21,'DPMR.3'),(10730,10185,21,'DPMR.3'),(10731,10186,21,'DPMR.3'),(10732,10187,21,'DPMR.3'),(10733,10188,22,'DPMR.4'),(10734,10189,22,'DPMR.4'),(10735,10190,22,'DPMR.4'),(10736,10191,22,'DPMR.4'),(10737,10192,49,'DPMT'),(10738,10193,49,'DPMT'),(10739,10194,49,'DPMT'),(10740,10195,49,'DPMT'),(10741,10196,50,'DPMT.1'),(10742,10197,50,'DPMT.1'),(10743,10198,50,'DPMT.1'),(10744,10199,50,'DPMT.1'),(10745,10200,51,'DPMT.2'),(10746,10201,51,'DPMT.2'),(10747,10202,51,'DPMT.2'),(10748,10203,51,'DPMT.2'),(10749,10204,52,'DPMT.3'),(10750,10205,52,'DPMT.3'),(10751,10206,52,'DPMT.3'),(10752,10207,52,'DPMT.3'),(10753,10208,53,'DPMT.4'),(10754,10209,53,'DPMT.4'),(10755,10210,53,'DPMT.4'),(10756,10211,53,'DPMT.4'),(10757,10212,54,'DPMP'),(10758,10213,54,'DPMP'),(10759,10214,54,'DPMP'),(10760,10215,54,'DPMP'),(10761,10216,55,'DPMP.1'),(10762,10217,55,'DPMP.1'),(10763,10218,55,'DPMP.1'),(10764,10219,55,'DPMP.1'),(10765,10220,57,'DPMP.2'),(10766,10221,57,'DPMP.2'),(10767,10222,57,'DPMP.2'),(10768,10223,57,'DPMP.2'),(10769,10224,58,'DPMP.3'),(10770,10225,58,'DPMP.3'),(10771,10226,58,'DPMP.3'),(10772,10227,58,'DPMP.3'),(10773,10228,59,'DPMA'),(10774,10229,59,'DPMA'),(10775,10230,59,'DPMA'),(10776,10231,59,'DPMA'),(10777,10232,60,'DPMA.1'),(10778,10233,60,'DPMA.1'),(10779,10234,60,'DPMA.1'),(10780,10235,60,'DPMA.1'),(10781,10236,61,'DPMA.2'),(10782,10237,61,'DPMA.2'),(10783,10238,61,'DPMA.2'),(10784,10239,61,'DPMA.2'),(10785,10240,62,'DPMA.3'),(10786,10241,62,'DPMA.3'),(10787,10242,62,'DPMA.3'),(10788,10243,62,'DPMA.3'),(10789,10244,63,'DPMG'),(10790,10245,63,'DPMG'),(10791,10246,63,'DPMG'),(10792,10247,63,'DPMG'),(10793,10248,64,'DPMG.1'),(10794,10249,64,'DPMG.1'),(10795,10250,64,'DPMG.1'),(10796,10251,64,'DPMG.1'),(10797,10252,65,'DPMG.2'),(10798,10253,65,'DPMG.2'),(10799,10254,65,'DPMG.2'),(10800,10255,65,'DPMG.2'),(10801,10256,98,'DMIS'),(10802,10257,98,'DMIS'),(10803,10258,98,'DMIS'),(10804,10259,98,'DMIS'),(10805,10260,44,'DMTL'),(10806,10261,44,'DMTL'),(10807,10262,44,'DMTL'),(10808,10263,44,'DMTL'),(10809,10264,41,'DMTE'),(10810,10265,41,'DMTE'),(10811,10266,41,'DMTE'),(10812,10267,41,'DMTE'),(10813,10268,45,'DMTP'),(10814,10269,45,'DMTP'),(10815,10270,45,'DMTP'),(10816,10271,45,'DMTP'),(10817,10272,42,'DMTO'),(10818,10273,42,'DMTO'),(10819,10274,42,'DMTO'),(10820,10275,42,'DMTO'),(10821,10276,24,'SDML'),(10822,10277,24,'SDML'),(10823,10278,24,'SDML'),(10824,10279,24,'SDML'),(10825,10280,24,'SDML'),(10826,10281,24,'SDML'),(10827,10282,24,'SDML'),(10828,10283,24,'SDML'),(10829,10284,24,'SDML'),(10830,10285,24,'SDML'),(10831,10286,24,'SDML'),(10832,10287,24,'SDML'),(10833,10288,24,'SDML'),(10834,10289,24,'SDML'),(10835,10290,24,'SDML'),(10836,10291,24,'SDML'),(10837,10292,25,'SDMU'),(10838,10293,25,'SDMU'),(10839,10294,25,'SDMU'),(10840,10295,25,'SDMU'),(10841,10296,25,'SDMU'),(10842,10297,25,'SDMU'),(10843,10298,25,'SDMU'),(10844,10299,25,'SDMU'),(10845,10300,26,'SDMK'),(10846,10301,26,'SDMK'),(10847,10302,26,'SDMK'),(10848,10303,26,'SDMK'),(10849,10304,26,'SDMK'),(10850,10305,26,'SDMK'),(10851,10306,26,'SDMK'),(10852,10307,26,'SDMK'),(10853,10308,24,'SDML'),(10854,10309,24,'SDML'),(10855,10310,24,'SDML'),(10856,10311,24,'SDML'),(10857,10312,24,'SDML'),(10858,10313,24,'SDML'),(10859,10314,24,'SDML'),(10860,10315,24,'SDML'),(10861,10316,24,'SDML'),(10862,10317,24,'SDML'),(10863,10318,24,'SDML'),(10864,10319,24,'SDML'),(10865,10320,24,'SDML'),(10866,10321,24,'SDML'),(10867,10322,24,'SDML'),(10868,10323,24,'SDML'),(10869,10324,24,'SDML'),(10870,10325,24,'SDML'),(10871,10326,24,'SDML'),(10872,10327,24,'SDML'),(10873,10328,43,'DMTS'),(10874,10329,43,'DMTS'),(10875,10330,43,'DMTS'),(10876,10331,43,'DMTS'),(10877,10332,43,'DMTS'),(10878,10333,43,'DMTS'),(10879,10334,43,'DMTS'),(10880,10335,43,'DMTS'),(10881,10336,43,'DMTS'),(10882,10337,43,'DMTS'),(10883,10338,43,'DMTS'),(10884,10339,43,'DMTS'),(10885,10340,43,'DMTS'),(10886,10341,43,'DMTS'),(10887,10342,43,'DMTS'),(10888,10343,43,'DMTS'),(10889,10344,43,'DMTS'),(10890,10345,43,'DMTS'),(10891,10346,43,'DMTS'),(10892,10347,43,'DMTS'),(10893,10348,43,'DMTS'),(10894,10349,43,'DMTS'),(10895,10350,43,'DMTS'),(10896,10351,43,'DMTS'),(10897,10352,44,'DMTL'),(10898,10353,44,'DMTL'),(10899,10354,44,'DMTL'),(10900,10355,44,'DMTL'),(10901,10356,44,'DMTL'),(10902,10357,44,'DMTL'),(10903,10358,44,'DMTL'),(10904,10359,44,'DMTL'),(10905,10360,44,'DMTL'),(10906,10361,44,'DMTL'),(10907,10362,44,'DMTL'),(10908,10363,44,'DMTL'),(10909,10364,44,'DMTL'),(10910,10365,44,'DMTL'),(10911,10366,44,'DMTL'),(10912,10367,44,'DMTL'),(10913,10368,41,'DMTE'),(10914,10369,41,'DMTE'),(10915,10370,41,'DMTE'),(10916,10371,41,'DMTE'),(10917,10372,41,'DMTE'),(10918,10373,41,'DMTE'),(10919,10374,41,'DMTE'),(10920,10375,41,'DMTE'),(10921,10376,41,'DMTE'),(10922,10377,41,'DMTE'),(10923,10378,41,'DMTE'),(10924,10379,41,'DMTE'),(10925,10380,41,'DMTE'),(10926,10381,41,'DMTE'),(10927,10382,41,'DMTE'),(10928,10383,41,'DMTE'),(10929,10384,41,'DMTE'),(10930,10385,41,'DMTE'),(10931,10386,41,'DMTE'),(10932,10387,41,'DMTE'),(10933,10388,42,'DMTO'),(10934,10389,42,'DMTO'),(10935,10390,42,'DMTO'),(10936,10391,42,'DMTO'),(10937,10392,42,'DMTO'),(10938,10393,42,'DMTO'),(10939,10394,42,'DMTO'),(10940,10395,42,'DMTO'),(10941,10396,42,'DMTO'),(10942,10397,42,'DMTO'),(10943,10398,42,'DMTO'),(10944,10399,42,'DMTO'),(10945,10400,42,'DMTO'),(10946,10401,42,'DMTO'),(10947,10402,42,'DMTO'),(10948,10403,42,'DMTO'),(10949,10404,42,'DMTO'),(10950,10405,42,'DMTO'),(10951,10406,42,'DMTO'),(10952,10407,42,'DMTO'),(10953,10408,45,'DMTP'),(10954,10409,45,'DMTP'),(10955,10410,45,'DMTP'),(10956,10411,45,'DMTP'),(10957,10412,45,'DMTP'),(10958,10413,45,'DMTP'),(10959,10414,45,'DMTP'),(10960,10415,45,'DMTP'),(10961,10416,45,'DMTP'),(10962,10417,45,'DMTP'),(10963,10418,45,'DMTP'),(10964,10419,45,'DMTP'),(10965,10420,45,'DMTP'),(10966,10421,45,'DMTP'),(10967,10422,45,'DMTP'),(10968,10423,45,'DMTP'),(10969,10424,45,'DMTP'),(10970,10425,45,'DMTP'),(10971,10426,45,'DMTP'),(10972,10427,45,'DMTP'),(10973,10428,45,'DMTP'),(10974,10429,45,'DMTP'),(10975,10430,45,'DMTP'),(10976,10431,45,'DMTP'),(10977,10432,25,'SDMU'),(10978,10433,25,'SDMU'),(10979,10434,25,'SDMU'),(10980,10435,25,'SDMU'),(10981,10436,24,'SDML'),(10982,10437,24,'SDML'),(10983,10438,24,'SDML'),(10984,10439,24,'SDML'),(10985,10440,25,'SDMU'),(10986,10441,25,'SDMU'),(10987,10442,25,'SDMU'),(10988,10443,25,'SDMU'),(10989,10444,25,'SDMU'),(10990,10445,25,'SDMU'),(10991,10446,25,'SDMU'),(10992,10447,25,'SDMU'),(10993,10448,25,'SDMU'),(10994,10449,25,'SDMU'),(10995,10450,25,'SDMU'),(10996,10451,25,'SDMU'),(10997,10452,25,'SDMU'),(10998,10453,25,'SDMU'),(10999,10454,25,'SDMU'),(11000,10455,25,'SDMU'),(11001,10456,25,'SDMU'),(11002,10457,25,'SDMU'),(11003,10458,25,'SDMU'),(11004,10459,25,'SDMU'),(11005,10460,24,'SDML'),(11006,10461,24,'SDML'),(11007,10462,24,'SDML'),(11008,10463,24,'SDML'),(11009,10464,27,'SDMH'),(11010,10465,27,'SDMH'),(11011,10466,27,'SDMH'),(11012,10467,27,'SDMH'),(11013,10468,27,'SDMH'),(11014,10469,27,'SDMH'),(11015,10470,27,'SDMH'),(11016,10471,27,'SDMH'),(11017,10472,27,'SDMH'),(11018,10473,27,'SDMH'),(11019,10474,27,'SDMH'),(11020,10475,27,'SDMH'),(11021,10476,27,'SDMH'),(11022,10477,27,'SDMH'),(11023,10478,27,'SDMH'),(11024,10479,27,'SDMH'),(11025,10480,25,'SDMU'),(11026,10481,25,'SDMU'),(11027,10482,25,'SDMU'),(11028,10483,25,'SDMU'),(11029,10484,25,'SDMU'),(11030,10485,25,'SDMU'),(11031,10486,25,'SDMU'),(11032,10487,25,'SDMU'),(11033,10488,25,'SDMU'),(11034,10489,25,'SDMU'),(11035,10490,25,'SDMU'),(11036,10491,25,'SDMU'),(11037,10492,25,'SDMU'),(11038,10493,25,'SDMU'),(11039,10494,25,'SDMU'),(11040,10495,25,'SDMU'),(11041,10496,26,'SDMK'),(11042,10497,26,'SDMK'),(11043,10498,26,'SDMK'),(11044,10499,26,'SDMK'),(11045,10500,26,'SDMK'),(11046,10501,26,'SDMK'),(11047,10502,26,'SDMK'),(11048,10503,26,'SDMK'),(11049,10504,26,'SDMK'),(11050,10505,26,'SDMK'),(11051,10506,26,'SDMK'),(11052,10507,26,'SDMK'),(11053,10508,26,'SDMK'),(11054,10509,26,'SDMK'),(11055,10510,26,'SDMK'),(11056,10511,26,'SDMK'),(11057,10512,26,'SDMK'),(11058,10513,26,'SDMK'),(11059,10514,26,'SDMK'),(11060,10515,26,'SDMK'),(11061,10516,24,'SDML'),(11062,10517,24,'SDML'),(11063,10518,24,'SDML'),(11064,10519,24,'SDML'),(11065,10520,24,'SDML'),(11066,10521,24,'SDML'),(11067,10522,24,'SDML'),(11068,10523,24,'SDML'),(11069,10524,24,'SDML'),(11070,10525,24,'SDML'),(11071,10526,24,'SDML'),(11072,10527,24,'SDML'),(11073,10528,24,'SDML'),(11074,10529,24,'SDML'),(11075,10530,24,'SDML'),(11076,10531,24,'SDML'),(11077,10532,24,'SDML'),(11078,10533,24,'SDML'),(11079,10534,24,'SDML'),(11080,10535,24,'SDML'),(11081,10536,24,'SDML'),(11082,10537,24,'SDML'),(11083,10538,24,'SDML'),(11084,10539,24,'SDML'),(11085,10540,27,'SDMH'),(11086,10541,27,'SDMH'),(11087,10542,27,'SDMH'),(11088,10543,27,'SDMH'),(11089,10544,27,'SDMH'),(11090,10545,27,'SDMH'),(11091,10546,27,'SDMH'),(11092,10547,27,'SDMH'),(11093,10548,27,'SDMH'),(11094,10549,27,'SDMH'),(11095,10550,27,'SDMH'),(11096,10551,27,'SDMH'),(11097,10552,27,'SDMH'),(11098,10553,27,'SDMH'),(11099,10554,27,'SDMH'),(11100,10555,27,'SDMH'),(11101,10556,27,'SDMH'),(11102,10557,27,'SDMH'),(11103,10558,27,'SDMH'),(11104,10559,27,'SDMH'),(11105,10560,27,'SDMH'),(11106,10561,27,'SDMH'),(11107,10562,27,'SDMH'),(11108,10563,27,'SDMH'),(11109,10564,27,'SDMH'),(11110,10565,27,'SDMH'),(11111,10566,27,'SDMH'),(11112,10567,27,'SDMH'),(11113,10568,27,'SDMH'),(11114,10569,27,'SDMH'),(11115,10570,27,'SDMH'),(11116,10571,27,'SDMH'),(11117,10572,32,'DPMU'),(11118,10573,32,'DPMU'),(11119,10574,32,'DPMU'),(11120,10575,32,'DPMU'),(11121,10576,92,'DPMUR'),(11122,10577,92,'DPMUR'),(11123,10578,92,'DPMUR'),(11124,10579,92,'DPMUR'),(11125,10580,31,'DPMUK'),(11126,10581,31,'DPMUK'),(11127,10582,31,'DPMUK'),(11128,10583,31,'DPMUK'),(11129,10584,101,'DPMUP'),(11130,10585,101,'DPMUP'),(11131,10586,101,'DPMUP'),(11132,10587,101,'DPMUP'),(11133,10588,102,'DPMUO'),(11134,10589,102,'DPMUO'),(11135,10590,102,'DPMUO'),(11136,10591,102,'DPMUO'),(11137,10592,103,'DPMUA'),(11138,10593,103,'DPMUA'),(11139,10594,103,'DPMUA'),(11140,10595,103,'DPMUA'),(11141,10596,104,'DPMUI'),(11142,10597,104,'DPMUI'),(11143,10598,104,'DPMUI'),(11144,10599,104,'DPMUI'),(11145,10600,35,'SDMK'),(11146,10601,35,'SDMK'),(11147,10602,35,'SDMK'),(11148,10603,35,'SDMK'),(11151,7956,4,'DMEP'),(11153,7960,4,'DMEP'),(11156,7976,4,'DMEP'),(11159,7952,4,'DMEP'),(11168,7948,2,'DME'),(11176,7944,2,'DME'),(11177,7944,3,'DMO'),(11187,8076,2,'DME'),(11188,8076,3,'DMO'),(11189,8296,45,'SDMU');
/*!40000 ALTER TABLE `input_realisasi_pic` ENABLE KEYS */;
UNLOCK TABLES;

--
-- Table structure for table `jenis_kompositor`
--

DROP TABLE IF EXISTS `jenis_kompositor`;
/*!40101 SET @saved_cs_client     = @@character_set_client */;
/*!50503 SET character_set_client = utf8mb4 */;
CREATE TABLE `jenis_kompositor` (
  `id` int NOT NULL AUTO_INCREMENT,
  `nama_jenis_kompositor` varchar(500) CHARACTER SET utf8mb3 COLLATE utf8mb3_general_ci DEFAULT NULL,
  PRIMARY KEY (`id`) USING BTREE
) ENGINE=InnoDB AUTO_INCREMENT=5 DEFAULT CHARSET=utf8mb3 ROW_FORMAT=DYNAMIC;
/*!40101 SET character_set_client = @saved_cs_client */;

--
-- Dumping data for table `jenis_kompositor`
--

LOCK TABLES `jenis_kompositor` WRITE;
/*!40000 ALTER TABLE `jenis_kompositor` DISABLE KEYS */;
INSERT INTO `jenis_kompositor` VALUES (1,'Input'),(2,'Agregasi'),(3,'Parameter'),(4,'Kompositor of Kompositor');
/*!40000 ALTER TABLE `jenis_kompositor` ENABLE KEYS */;
UNLOCK TABLES;

--
-- Table structure for table `kategori_kinerja`
--

DROP TABLE IF EXISTS `kategori_kinerja`;
/*!40101 SET @saved_cs_client     = @@character_set_client */;
/*!50503 SET character_set_client = utf8mb4 */;
CREATE TABLE `kategori_kinerja` (
  `id` int NOT NULL AUTO_INCREMENT,
  `name` varchar(255) CHARACTER SET utf8mb3 COLLATE utf8mb3_general_ci DEFAULT NULL,
  PRIMARY KEY (`id`) USING BTREE
) ENGINE=InnoDB AUTO_INCREMENT=4 DEFAULT CHARSET=utf8mb3 ROW_FORMAT=DYNAMIC;
/*!40101 SET character_set_client = @saved_cs_client */;

--
-- Dumping data for table `kategori_kinerja`
--

LOCK TABLES `kategori_kinerja` WRITE;
/*!40000 ALTER TABLE `kategori_kinerja` DISABLE KEYS */;
INSERT INTO `kategori_kinerja` VALUES (1,'Maximize'),(2,'Minimize'),(3,'Stabilize');
/*!40000 ALTER TABLE `kategori_kinerja` ENABLE KEYS */;
UNLOCK TABLES;

--
-- Table structure for table `kinerja_triwulan`
--

DROP TABLE IF EXISTS `kinerja_triwulan`;
/*!40101 SET @saved_cs_client     = @@character_set_client */;
/*!50503 SET character_set_client = utf8mb4 */;
CREATE TABLE `kinerja_triwulan` (
  `id` int NOT NULL AUTO_INCREMENT,
  `laporan_capaian_id` int DEFAULT NULL,
  `triwulan_id` int DEFAULT NULL,
  `kinerja` double DEFAULT NULL,
  `kinerja_format` int DEFAULT NULL,
  PRIMARY KEY (`id`) USING BTREE,
  KEY `IXFK_kinerja_triwulan_laporan_capaian` (`laporan_capaian_id`) USING BTREE,
  KEY `IXFK_kinerja_triwulan_triwulan` (`triwulan_id`) USING BTREE,
  CONSTRAINT `FK_kinerja_triwulan_laporan_capaian` FOREIGN KEY (`laporan_capaian_id`) REFERENCES `laporan_capaian` (`id`),
  CONSTRAINT `FK_kinerja_triwulan_triwulan` FOREIGN KEY (`triwulan_id`) REFERENCES `triwulan` (`id`)
) ENGINE=InnoDB AUTO_INCREMENT=10606 DEFAULT CHARSET=utf8mb3 ROW_FORMAT=DYNAMIC;
/*!40101 SET character_set_client = @saved_cs_client */;

--
-- Dumping data for table `kinerja_triwulan`
--

LOCK TABLES `kinerja_triwulan` WRITE;
/*!40000 ALTER TABLE `kinerja_triwulan` DISABLE KEYS */;
INSERT INTO `kinerja_triwulan` VALUES (7946,2064,1,0,NULL),(7947,2064,2,0,NULL),(7948,2064,3,0,NULL),(7949,2064,4,0,NULL),(7950,2065,1,0,NULL),(7951,2065,2,0,NULL),(7952,2065,3,0,NULL),(7953,2065,4,0,NULL),(7954,2066,1,0.88138491867915,2),(7955,2066,2,0,NULL),(7956,2066,3,0,NULL),(7957,2066,4,0,NULL),(7958,2067,1,0.83605652759085,2),(7959,2067,2,0,NULL),(7960,2067,3,0,NULL),(7961,2067,4,0,NULL),(7962,2068,1,0.90757387247278,2),(7963,2068,2,0,NULL),(7964,2068,3,0,NULL),(7965,2068,4,0,NULL),(7966,2069,1,0,NULL),(7967,2069,2,0,NULL),(7968,2069,3,0,NULL),(7969,2069,4,0,NULL),(7970,2070,1,0,NULL),(7971,2070,2,0,NULL),(7972,2070,3,0,NULL),(7973,2070,4,0,NULL),(7974,2071,1,0,NULL),(7975,2071,2,0,NULL),(7976,2071,3,0,NULL),(7977,2071,4,0,NULL),(7978,2072,1,0.6,2),(7979,2072,2,0,NULL),(7980,2072,3,0,NULL),(7981,2072,4,0,NULL),(7982,2073,1,0,NULL),(7983,2073,2,0,NULL),(7984,2073,3,0,NULL),(7985,2073,4,0,NULL),(7986,2074,1,0,NULL),(7987,2074,2,0,NULL),(7988,2074,3,0,NULL),(7989,2074,4,0,NULL),(7990,2075,1,0,NULL),(7991,2075,2,0,NULL),(7992,2075,3,0,NULL),(7993,2075,4,0,NULL),(7994,2076,1,0.14615384615385,2),(7995,2076,2,0,NULL),(7996,2076,3,0,NULL),(7997,2076,4,0,NULL),(7998,2077,1,0,NULL),(7999,2077,2,0,NULL),(8000,2077,3,0,NULL),(8001,2077,4,0,NULL),(8002,2078,1,0,NULL),(8003,2078,2,0,NULL),(8004,2078,3,0,NULL),(8005,2078,4,0,NULL),(8006,2079,1,0,NULL),(8007,2079,2,0,NULL),(8008,2079,3,0,NULL),(8009,2079,4,0,NULL),(8010,2080,1,0,NULL),(8011,2080,2,0,NULL),(8012,2080,3,0,NULL),(8013,2080,4,0,NULL),(8014,2081,1,0,NULL),(8015,2081,2,0,NULL),(8016,2081,3,0,NULL),(8017,2081,4,0,NULL),(8018,2082,1,0,NULL),(8019,2082,2,0,NULL),(8020,2082,3,0,NULL),(8021,2082,4,0,NULL),(8022,2083,1,0,NULL),(8023,2083,2,0,NULL),(8024,2083,3,0,NULL),(8025,2083,4,0,NULL),(8026,2084,1,0,NULL),(8027,2084,2,0,NULL),(8028,2084,3,0,NULL),(8029,2084,4,0,NULL),(8030,2085,1,0,NULL),(8031,2085,2,0,NULL),(8032,2085,3,0,NULL),(8033,2085,4,0,NULL),(8034,2086,1,0,NULL),(8035,2086,2,0,NULL),(8036,2086,3,0,NULL),(8037,2086,4,0,NULL),(8038,2087,1,0,NULL),(8039,2087,2,0,NULL),(8040,2087,3,0,NULL),(8041,2087,4,0,NULL),(8042,2088,1,0,NULL),(8043,2088,2,0,NULL),(8044,2088,3,0,NULL),(8045,2088,4,0,NULL),(8046,2089,1,0,NULL),(8047,2089,2,0,NULL),(8048,2089,3,0,NULL),(8049,2089,4,0,NULL),(8050,2090,1,0,NULL),(8051,2090,2,0,NULL),(8052,2090,3,0,NULL),(8053,2090,4,0,NULL),(8054,2091,1,0,NULL),(8055,2091,2,0,NULL),(8056,2091,3,0,NULL),(8057,2091,4,0,NULL),(8058,2092,1,0,NULL),(8059,2092,2,0,NULL),(8060,2092,3,0,NULL),(8061,2092,4,0,NULL),(8062,2093,1,0,NULL),(8063,2093,2,0,NULL),(8064,2093,3,0,NULL),(8065,2093,4,0,NULL),(8066,2094,1,0,NULL),(8067,2094,2,0,NULL),(8068,2094,3,0,NULL),(8069,2094,4,0,NULL),(8070,2095,1,0,NULL),(8071,2095,2,0,NULL),(8072,2095,3,0,NULL),(8073,2095,4,0,NULL),(8074,2096,1,0,NULL),(8075,2096,2,0,NULL),(8076,2096,3,0,NULL),(8077,2096,4,0,NULL),(8078,2097,1,0,NULL),(8079,2097,2,0,NULL),(8080,2097,3,0,NULL),(8081,2097,4,0,NULL),(8082,2098,1,0,NULL),(8083,2098,2,0,NULL),(8084,2098,3,0,NULL),(8085,2098,4,0,NULL),(8086,2099,1,0,NULL),(8087,2099,2,0,NULL),(8088,2099,3,0,NULL),(8089,2099,4,0,NULL),(8090,2100,1,0,NULL),(8091,2100,2,0,NULL),(8092,2100,3,0,NULL),(8093,2100,4,0,NULL),(8094,2101,1,0,NULL),(8095,2101,2,0,NULL),(8096,2101,3,0,NULL),(8097,2101,4,0,NULL),(8098,2102,1,0,NULL),(8099,2102,2,0,NULL),(8100,2102,3,0,NULL),(8101,2102,4,0,NULL),(8102,2103,1,0,NULL),(8103,2103,2,0,NULL),(8104,2103,3,0,NULL),(8105,2103,4,0,NULL),(8106,2104,1,0,NULL),(8107,2104,2,0,NULL),(8108,2104,3,0,NULL),(8109,2104,4,0,NULL),(8110,2105,1,0,NULL),(8111,2105,2,0,NULL),(8112,2105,3,0,NULL),(8113,2105,4,0,NULL),(8114,2106,1,0,NULL),(8115,2106,2,0,NULL),(8116,2106,3,0,NULL),(8117,2106,4,0,NULL),(8118,2107,1,0,NULL),(8119,2107,2,0,NULL),(8120,2107,3,0,NULL),(8121,2107,4,0,NULL),(8122,2108,1,0,NULL),(8123,2108,2,0,NULL),(8124,2108,3,0,NULL),(8125,2108,4,0,NULL),(8126,2109,1,0,NULL),(8127,2109,2,0,NULL),(8128,2109,3,0,NULL),(8129,2109,4,0,NULL),(8130,2110,1,0,NULL),(8131,2110,2,0,NULL),(8132,2110,3,0,NULL),(8133,2110,4,0,NULL),(8134,2111,1,0,NULL),(8135,2111,2,0,NULL),(8136,2111,3,0,NULL),(8137,2111,4,0,NULL),(8138,2112,1,0,NULL),(8139,2112,2,0,NULL),(8140,2112,3,0,NULL),(8141,2112,4,0,NULL),(8142,2113,1,0,NULL),(8143,2113,2,0,NULL),(8144,2113,3,0,NULL),(8145,2113,4,0,NULL),(8146,2114,1,0,NULL),(8147,2114,2,0,NULL),(8148,2114,3,0,NULL),(8149,2114,4,0,NULL),(8150,2115,1,0,NULL),(8151,2115,2,0,NULL),(8152,2115,3,0,NULL),(8153,2115,4,0,NULL),(8154,2116,1,0,NULL),(8155,2116,2,0,NULL),(8156,2116,3,0,NULL),(8157,2116,4,0,NULL),(8158,2117,1,0,NULL),(8159,2117,2,0,NULL),(8160,2117,3,0,NULL),(8161,2117,4,0,NULL),(8162,2118,1,0,NULL),(8163,2118,2,0,NULL),(8164,2118,3,0,NULL),(8165,2118,4,0,NULL),(8166,2119,1,0,NULL),(8167,2119,2,0,NULL),(8168,2119,3,0,NULL),(8169,2119,4,0,NULL),(8170,2120,1,0,NULL),(8171,2120,2,0,NULL),(8172,2120,3,0,NULL),(8173,2120,4,0,NULL),(8174,2121,1,0,NULL),(8175,2121,2,0,NULL),(8176,2121,3,0,NULL),(8177,2121,4,0,NULL),(8178,2122,1,0,NULL),(8179,2122,2,0,NULL),(8180,2122,3,0,NULL),(8181,2122,4,0,NULL),(8182,2123,1,0,NULL),(8183,2123,2,0,NULL),(8184,2123,3,0,NULL),(8185,2123,4,0,NULL),(8186,2124,1,0,NULL),(8187,2124,2,0,NULL),(8188,2124,3,0,NULL),(8189,2124,4,0,NULL),(8190,2125,1,0,NULL),(8191,2125,2,0,NULL),(8192,2125,3,0,NULL),(8193,2125,4,0,NULL),(8194,2126,1,0,NULL),(8195,2126,2,0,NULL),(8196,2126,3,0,NULL),(8197,2126,4,0,NULL),(8198,2127,1,0,NULL),(8199,2127,2,0,NULL),(8200,2127,3,0,NULL),(8201,2127,4,0,NULL),(8202,2128,1,0,NULL),(8203,2128,2,0,NULL),(8204,2128,3,0,NULL),(8205,2128,4,0,NULL),(8206,2129,1,0,NULL),(8207,2129,2,0,NULL),(8208,2129,3,0,NULL),(8209,2129,4,0,NULL),(8210,2130,1,0,NULL),(8211,2130,2,0,NULL),(8212,2130,3,0,NULL),(8213,2130,4,0,NULL),(8214,2131,1,0,NULL),(8215,2131,2,0,NULL),(8216,2131,3,0,NULL),(8217,2131,4,0,NULL),(8218,2132,1,0,NULL),(8219,2132,2,0,NULL),(8220,2132,3,0,NULL),(8221,2132,4,0,NULL),(8222,2133,1,0,NULL),(8223,2133,2,0,NULL),(8224,2133,3,0,NULL),(8225,2133,4,0,NULL),(8226,2134,1,0,NULL),(8227,2134,2,0,NULL),(8228,2134,3,0,NULL),(8229,2134,4,0,NULL),(8230,2135,1,0,NULL),(8231,2135,2,0,NULL),(8232,2135,3,0,NULL),(8233,2135,4,0,NULL),(8234,2136,1,0,NULL),(8235,2136,2,0,NULL),(8236,2136,3,0,NULL),(8237,2136,4,0,NULL),(8238,2137,1,0,NULL),(8239,2137,2,0,NULL),(8240,2137,3,0,NULL),(8241,2137,4,0,NULL),(8242,2138,1,0,NULL),(8243,2138,2,0,NULL),(8244,2138,3,0,NULL),(8245,2138,4,0,NULL),(8246,2139,1,0,NULL),(8247,2139,2,0,NULL),(8248,2139,3,0,NULL),(8249,2139,4,0,NULL),(8250,2140,1,0,NULL),(8251,2140,2,0,NULL),(8252,2140,3,0,NULL),(8253,2140,4,0,NULL),(8254,2141,1,0,NULL),(8255,2141,2,0,NULL),(8256,2141,3,0,NULL),(8257,2141,4,0,NULL),(8258,2142,1,0,NULL),(8259,2142,2,0,NULL),(8260,2142,3,0,NULL),(8261,2142,4,0,NULL),(8262,2143,1,0,NULL),(8263,2143,2,0,NULL),(8264,2143,3,0,NULL),(8265,2143,4,0,NULL),(8266,2144,1,0,NULL),(8267,2144,2,0,NULL),(8268,2144,3,0,NULL),(8269,2144,4,0,NULL),(8270,2145,1,0,NULL),(8271,2145,2,0,NULL),(8272,2145,3,0,NULL),(8273,2145,4,0,NULL),(8274,2146,1,0,NULL),(8275,2146,2,0,NULL),(8276,2146,3,0,NULL),(8277,2146,4,0,NULL),(8278,2147,1,0,NULL),(8279,2147,2,0,NULL),(8280,2147,3,0,NULL),(8281,2147,4,0,NULL),(8282,2148,1,0,NULL),(8283,2148,2,0,NULL),(8284,2148,3,0,NULL),(8285,2148,4,0,NULL),(8286,2149,1,0,NULL),(8287,2149,2,0,NULL),(8288,2149,3,0,NULL),(8289,2149,4,0,NULL),(8290,2150,1,0,NULL),(8291,2150,2,0,NULL),(8292,2150,3,0,NULL),(8293,2150,4,0,NULL),(8294,2151,1,0,NULL),(8295,2151,2,0,NULL),(8296,2151,3,0,NULL),(8297,2151,4,0,NULL),(8298,2152,1,0,NULL),(8299,2152,2,0,NULL),(8300,2152,3,0,NULL),(8301,2152,4,0,NULL),(8302,2153,1,0,NULL),(8303,2153,2,0,NULL),(8304,2153,3,0,NULL),(8305,2153,4,0,NULL),(8306,2154,1,0,NULL),(8307,2154,2,0,NULL),(8308,2154,3,0,NULL),(8309,2154,4,0,NULL),(8310,2155,1,0,NULL),(8311,2155,2,0,NULL),(8312,2155,3,0,NULL),(8313,2155,4,0,NULL),(8314,2156,1,0,NULL),(8315,2156,2,0,NULL),(8316,2156,3,0,NULL),(8317,2156,4,0,NULL),(8318,2157,1,0,NULL),(8319,2157,2,0,NULL),(8320,2157,3,0,NULL),(8321,2157,4,0,NULL),(8322,2158,1,0,NULL),(8323,2158,2,0,NULL),(8324,2158,3,0,NULL),(8325,2158,4,0,NULL),(8326,2159,1,0,NULL),(8327,2159,2,0,NULL),(8328,2159,3,0,NULL),(8329,2159,4,0,NULL),(8330,2160,1,0,NULL),(8331,2160,2,0,NULL),(8332,2160,3,0,NULL),(8333,2160,4,0,NULL),(8334,2161,1,0,NULL),(8335,2161,2,0,NULL),(8336,2161,3,0,NULL),(8337,2161,4,0,NULL),(8338,2162,1,0,NULL),(8339,2162,2,0,NULL),(8340,2162,3,0,NULL),(8341,2162,4,0,NULL),(8342,2163,1,0,NULL),(8343,2163,2,0,NULL),(8344,2163,3,0,NULL),(8345,2163,4,0,NULL),(8346,2164,1,0,NULL),(8347,2164,2,0,NULL),(8348,2164,3,0,NULL),(8349,2164,4,0,NULL),(8350,2165,1,0,NULL),(8351,2165,2,0,NULL),(8352,2165,3,0,NULL),(8353,2165,4,0,NULL),(8354,2166,1,0,NULL),(8355,2166,2,0,NULL),(8356,2166,3,0,NULL),(8357,2166,4,0,NULL),(8358,2167,1,0,NULL),(8359,2167,2,0,NULL),(8360,2167,3,0,NULL),(8361,2167,4,0,NULL),(8362,2168,1,0,NULL),(8363,2168,2,0,NULL),(8364,2168,3,0,NULL),(8365,2168,4,0,NULL),(8366,2169,1,0,NULL),(8367,2169,2,0,NULL),(8368,2169,3,0,NULL),(8369,2169,4,0,NULL),(8370,2170,1,0,NULL),(8371,2170,2,0,NULL),(8372,2170,3,0,NULL),(8373,2170,4,0,NULL),(8374,2171,1,0,NULL),(8375,2171,2,0,NULL),(8376,2171,3,0,NULL),(8377,2171,4,0,NULL),(8378,2172,1,0,NULL),(8379,2172,2,0,NULL),(8380,2172,3,0,NULL),(8381,2172,4,0,NULL),(8382,2173,1,0,NULL),(8383,2173,2,0,NULL),(8384,2173,3,0,NULL),(8385,2173,4,0,NULL),(8386,2174,1,0,NULL),(8387,2174,2,0,NULL),(8388,2174,3,0,NULL),(8389,2174,4,0,NULL),(8390,2175,1,0,NULL),(8391,2175,2,0,NULL),(8392,2175,3,0,NULL),(8393,2175,4,0,NULL),(8394,2176,1,0,NULL),(8395,2176,2,0,NULL),(8396,2176,3,0,NULL),(8397,2176,4,0,NULL),(8398,2177,1,0,NULL),(8399,2177,2,0,NULL),(8400,2177,3,0,NULL),(8401,2177,4,0,NULL),(8402,2178,1,0,NULL),(8403,2178,2,0,NULL),(8404,2178,3,0,NULL),(8405,2178,4,0,NULL),(8406,2179,1,0,NULL),(8407,2179,2,0,NULL),(8408,2179,3,0,NULL),(8409,2179,4,0,NULL),(8410,2180,1,0,NULL),(8411,2180,2,0,NULL),(8412,2180,3,0,NULL),(8413,2180,4,0,NULL),(8414,2181,1,0,NULL),(8415,2181,2,0,NULL),(8416,2181,3,0,NULL),(8417,2181,4,0,NULL),(8418,2182,1,0,NULL),(8419,2182,2,0,NULL),(8420,2182,3,0,NULL),(8421,2182,4,0,NULL),(8422,2183,1,0,NULL),(8423,2183,2,0,NULL),(8424,2183,3,0,NULL),(8425,2183,4,0,NULL),(8426,2184,1,0,NULL),(8427,2184,2,0,NULL),(8428,2184,3,0,NULL),(8429,2184,4,0,NULL),(8430,2185,1,0,NULL),(8431,2185,2,0,NULL),(8432,2185,3,0,NULL),(8433,2185,4,0,NULL),(8434,2186,1,0,NULL),(8435,2186,2,0,NULL),(8436,2186,3,0,NULL),(8437,2186,4,0,NULL),(8438,2187,1,0,NULL),(8439,2187,2,0,NULL),(8440,2187,3,0,NULL),(8441,2187,4,0,NULL),(8442,2188,1,0,NULL),(8443,2188,2,0,NULL),(8444,2188,3,0,NULL),(8445,2188,4,0,NULL),(8446,2189,1,0,NULL),(8447,2189,2,0,NULL),(8448,2189,3,0,NULL),(8449,2189,4,0,NULL),(8450,2190,1,0,NULL),(8451,2190,2,0,NULL),(8452,2190,3,0,NULL),(8453,2190,4,0,NULL),(8454,2191,1,0,NULL),(8455,2191,2,0,NULL),(8456,2191,3,0,NULL),(8457,2191,4,0,NULL),(8458,2192,1,0,NULL),(8459,2192,2,0,NULL),(8460,2192,3,0,NULL),(8461,2192,4,0,NULL),(8462,2193,1,0,NULL),(8463,2193,2,0,NULL),(8464,2193,3,0,NULL),(8465,2193,4,0,NULL),(8466,2194,1,0,NULL),(8467,2194,2,0,NULL),(8468,2194,3,0,NULL),(8469,2194,4,0,NULL),(8470,2195,1,0,NULL),(8471,2195,2,0,NULL),(8472,2195,3,0,NULL),(8473,2195,4,0,NULL),(8474,2196,1,0,NULL),(8475,2196,2,0,NULL),(8476,2196,3,0,NULL),(8477,2196,4,0,NULL),(8478,2197,1,0,NULL),(8479,2197,2,0,NULL),(8480,2197,3,0,NULL),(8481,2197,4,0,NULL),(8482,2198,1,0,NULL),(8483,2198,2,0,NULL),(8484,2198,3,0,NULL),(8485,2198,4,0,NULL),(8486,2199,1,0,NULL),(8487,2199,2,0,NULL),(8488,2199,3,0,NULL),(8489,2199,4,0,NULL),(8490,2200,1,0,NULL),(8491,2200,2,0,NULL),(8492,2200,3,0,NULL),(8493,2200,4,0,NULL),(8494,2201,1,0,NULL),(8495,2201,2,0,NULL),(8496,2201,3,0,NULL),(8497,2201,4,0,NULL),(8498,2202,1,0,NULL),(8499,2202,2,0,NULL),(8500,2202,3,0,NULL),(8501,2202,4,0,NULL),(8502,2203,1,0,NULL),(8503,2203,2,0,NULL),(8504,2203,3,0,NULL),(8505,2203,4,0,NULL),(8506,2204,1,0,NULL),(8507,2204,2,0,NULL),(8508,2204,3,0,NULL),(8509,2204,4,0,NULL),(8510,2205,1,0,NULL),(8511,2205,2,0,NULL),(8512,2205,3,0,NULL),(8513,2205,4,0,NULL),(8514,2206,1,0,NULL),(8515,2206,2,0,NULL),(8516,2206,3,0,NULL),(8517,2206,4,0,NULL),(8518,2207,1,0,NULL),(8519,2207,2,0,NULL),(8520,2207,3,0,NULL),(8521,2207,4,0,NULL),(8522,2208,1,0,NULL),(8523,2208,2,0,NULL),(8524,2208,3,0,NULL),(8525,2208,4,0,NULL),(8526,2209,1,0,NULL),(8527,2209,2,0,NULL),(8528,2209,3,0,NULL),(8529,2209,4,0,NULL),(8530,2210,1,0,NULL),(8531,2210,2,0,NULL),(8532,2210,3,0,NULL),(8533,2210,4,0,NULL),(8534,2211,1,0,NULL),(8535,2211,2,0,NULL),(8536,2211,3,0,NULL),(8537,2211,4,0,NULL),(8538,2212,1,0,NULL),(8539,2212,2,0,NULL),(8540,2212,3,0,NULL),(8541,2212,4,0,NULL),(8542,2213,1,0,NULL),(8543,2213,2,0,NULL),(8544,2213,3,0,NULL),(8545,2213,4,0,NULL),(8546,2214,1,0,NULL),(8547,2214,2,0,NULL),(8548,2214,3,0,NULL),(8549,2214,4,0,NULL),(8550,2215,1,0,NULL),(8551,2215,2,0,NULL),(8552,2215,3,0,NULL),(8553,2215,4,0,NULL),(8554,2216,1,0,NULL),(8555,2216,2,0,NULL),(8556,2216,3,0,NULL),(8557,2216,4,0,NULL),(8558,2217,1,0,NULL),(8559,2217,2,0,NULL),(8560,2217,3,0,NULL),(8561,2217,4,0,NULL),(8562,2218,1,0,NULL),(8563,2218,2,0,NULL),(8564,2218,3,0,NULL),(8565,2218,4,0,NULL),(8566,2219,1,0,NULL),(8567,2219,2,0,NULL),(8568,2219,3,0,NULL),(8569,2219,4,0,NULL),(8570,2220,1,0,NULL),(8571,2220,2,0,NULL),(8572,2220,3,0,NULL),(8573,2220,4,0,NULL),(8574,2221,1,0,NULL),(8575,2221,2,0,NULL),(8576,2221,3,0,NULL),(8577,2221,4,0,NULL),(8578,2222,1,0,NULL),(8579,2222,2,0,NULL),(8580,2222,3,0,NULL),(8581,2222,4,0,NULL),(8582,2223,1,0,NULL),(8583,2223,2,0,NULL),(8584,2223,3,0,NULL),(8585,2223,4,0,NULL),(8586,2224,1,0,NULL),(8587,2224,2,0,NULL),(8588,2224,3,0,NULL),(8589,2224,4,0,NULL),(8590,2225,1,0,NULL),(8591,2225,2,0,NULL),(8592,2225,3,0,NULL),(8593,2225,4,0,NULL),(8594,2226,1,0,NULL),(8595,2226,2,0,NULL),(8596,2226,3,0,NULL),(8597,2226,4,0,NULL),(8598,2227,1,0,NULL),(8599,2227,2,0,NULL),(8600,2227,3,0,NULL),(8601,2227,4,0,NULL),(8602,2228,1,0,NULL),(8603,2228,2,0,NULL),(8604,2228,3,0,NULL),(8605,2228,4,0,NULL),(8606,2229,1,0,NULL),(8607,2229,2,0,NULL),(8608,2229,3,0,NULL),(8609,2229,4,0,NULL),(8610,2230,1,0,NULL),(8611,2230,2,0,NULL),(8612,2230,3,0,NULL),(8613,2230,4,0,NULL),(8614,2231,1,0,NULL),(8615,2231,2,0,NULL),(8616,2231,3,0,NULL),(8617,2231,4,0,NULL),(8618,2232,1,0,NULL),(8619,2232,2,0,NULL),(8620,2232,3,0,NULL),(8621,2232,4,0,NULL),(8622,2233,1,0,NULL),(8623,2233,2,0,NULL),(8624,2233,3,0,NULL),(8625,2233,4,0,NULL),(8626,2234,1,0,NULL),(8627,2234,2,0,NULL),(8628,2234,3,0,NULL),(8629,2234,4,0,NULL),(8630,2235,1,0,NULL),(8631,2235,2,0,NULL),(8632,2235,3,0,NULL),(8633,2235,4,0,NULL),(8634,2236,1,0,NULL),(8635,2236,2,0,NULL),(8636,2236,3,0,NULL),(8637,2236,4,0,NULL),(8638,2237,1,0,NULL),(8639,2237,2,0,NULL),(8640,2237,3,0,NULL),(8641,2237,4,0,NULL),(8642,2238,1,0,NULL),(8643,2238,2,0,NULL),(8644,2238,3,0,NULL),(8645,2238,4,0,NULL),(8646,2239,1,0,NULL),(8647,2239,2,0,NULL),(8648,2239,3,0,NULL),(8649,2239,4,0,NULL),(8650,2240,1,0,NULL),(8651,2240,2,0,NULL),(8652,2240,3,0,NULL),(8653,2240,4,0,NULL),(8654,2241,1,0,NULL),(8655,2241,2,0,NULL),(8656,2241,3,0,NULL),(8657,2241,4,0,NULL),(8658,2242,1,0,NULL),(8659,2242,2,0,NULL),(8660,2242,3,0,NULL),(8661,2242,4,0,NULL),(8662,2243,1,0,NULL),(8663,2243,2,0,NULL),(8664,2243,3,0,NULL),(8665,2243,4,0,NULL),(8666,2244,1,0,NULL),(8667,2244,2,0,NULL),(8668,2244,3,0,NULL),(8669,2244,4,0,NULL),(8670,2245,1,0,NULL),(8671,2245,2,0,NULL),(8672,2245,3,0,NULL),(8673,2245,4,0,NULL),(8674,2246,1,0,NULL),(8675,2246,2,0,NULL),(8676,2246,3,0,NULL),(8677,2246,4,0,NULL),(8678,2247,1,0,NULL),(8679,2247,2,0,NULL),(8680,2247,3,0,NULL),(8681,2247,4,0,NULL),(8682,2248,1,0,NULL),(8683,2248,2,0,NULL),(8684,2248,3,0,NULL),(8685,2248,4,0,NULL),(8686,2249,1,0,NULL),(8687,2249,2,0,NULL),(8688,2249,3,0,NULL),(8689,2249,4,0,NULL),(8690,2250,1,0,NULL),(8691,2250,2,0,NULL),(8692,2250,3,0,NULL),(8693,2250,4,0,NULL),(8694,2251,1,0,NULL),(8695,2251,2,0,NULL),(8696,2251,3,0,NULL),(8697,2251,4,0,NULL),(8698,2252,1,0,NULL),(8699,2252,2,0,NULL),(8700,2252,3,0,NULL),(8701,2252,4,0,NULL),(8702,2253,1,0,NULL),(8703,2253,2,0,NULL),(8704,2253,3,0,NULL),(8705,2253,4,0,NULL),(8706,2254,1,0,NULL),(8707,2254,2,0,NULL),(8708,2254,3,0,NULL),(8709,2254,4,0,NULL),(8710,2255,1,0,NULL),(8711,2255,2,0,NULL),(8712,2255,3,0,NULL),(8713,2255,4,0,NULL),(8714,2256,1,0,NULL),(8715,2256,2,0,NULL),(8716,2256,3,0,NULL),(8717,2256,4,0,NULL),(8718,2257,1,0,NULL),(8719,2257,2,0,NULL),(8720,2257,3,0,NULL),(8721,2257,4,0,NULL),(8722,2258,1,0,NULL),(8723,2258,2,0,NULL),(8724,2258,3,0,NULL),(8725,2258,4,0,NULL),(8726,2259,1,0,NULL),(8727,2259,2,0,NULL),(8728,2259,3,0,NULL),(8729,2259,4,0,NULL),(8730,2260,1,0,NULL),(8731,2260,2,0,NULL),(8732,2260,3,0,NULL),(8733,2260,4,0,NULL),(8734,2261,1,0,NULL),(8735,2261,2,0,NULL),(8736,2261,3,0,NULL),(8737,2261,4,0,NULL),(8738,2262,1,0,NULL),(8739,2262,2,0,NULL),(8740,2262,3,0,NULL),(8741,2262,4,0,NULL),(8742,2263,1,0,NULL),(8743,2263,2,0,NULL),(8744,2263,3,0,NULL),(8745,2263,4,0,NULL),(8746,2264,1,0,NULL),(8747,2264,2,0,NULL),(8748,2264,3,0,NULL),(8749,2264,4,0,NULL),(8750,2265,1,0,NULL),(8751,2265,2,0,NULL),(8752,2265,3,0,NULL),(8753,2265,4,0,NULL),(8754,2266,1,0,NULL),(8755,2266,2,0,NULL),(8756,2266,3,0,NULL),(8757,2266,4,0,NULL),(8758,2267,1,0,NULL),(8759,2267,2,0,NULL),(8760,2267,3,0,NULL),(8761,2267,4,0,NULL),(8762,2268,1,0,NULL),(8763,2268,2,0,NULL),(8764,2268,3,0,NULL),(8765,2268,4,0,NULL),(8766,2269,1,0,NULL),(8767,2269,2,0,NULL),(8768,2269,3,0,NULL),(8769,2269,4,0,NULL),(8770,2270,1,0,NULL),(8771,2270,2,0,NULL),(8772,2270,3,0,NULL),(8773,2270,4,0,NULL),(8774,2271,1,0,NULL),(8775,2271,2,0,NULL),(8776,2271,3,0,NULL),(8777,2271,4,0,NULL),(8778,2272,1,0,NULL),(8779,2272,2,0,NULL),(8780,2272,3,0,NULL),(8781,2272,4,0,NULL),(8782,2273,1,0,NULL),(8783,2273,2,0,NULL),(8784,2273,3,0,NULL),(8785,2273,4,0,NULL),(8786,2274,1,0,NULL),(8787,2274,2,0,NULL),(8788,2274,3,0,NULL),(8789,2274,4,0,NULL),(8790,2275,1,0,NULL),(8791,2275,2,0,NULL),(8792,2275,3,0,NULL),(8793,2275,4,0,NULL),(8794,2276,1,0,NULL),(8795,2276,2,0,NULL),(8796,2276,3,0,NULL),(8797,2276,4,0,NULL),(8798,2277,1,0,NULL),(8799,2277,2,0,NULL),(8800,2277,3,0,NULL),(8801,2277,4,0,NULL),(8802,2278,1,0,NULL),(8803,2278,2,0,NULL),(8804,2278,3,0,NULL),(8805,2278,4,0,NULL),(8806,2279,1,0,NULL),(8807,2279,2,0,NULL),(8808,2279,3,0,NULL),(8809,2279,4,0,NULL),(8810,2280,1,0,NULL),(8811,2280,2,0,NULL),(8812,2280,3,0,NULL),(8813,2280,4,0,NULL),(8814,2281,1,0,NULL),(8815,2281,2,0,NULL),(8816,2281,3,0,NULL),(8817,2281,4,0,NULL),(8818,2282,1,0,NULL),(8819,2282,2,0,NULL),(8820,2282,3,0,NULL),(8821,2282,4,0,NULL),(8822,2283,1,0,NULL),(8823,2283,2,0,NULL),(8824,2283,3,0,NULL),(8825,2283,4,0,NULL),(8826,2284,1,0,NULL),(8827,2284,2,0,NULL),(8828,2284,3,0,NULL),(8829,2284,4,0,NULL),(8830,2285,1,0,NULL),(8831,2285,2,0,NULL),(8832,2285,3,0,NULL),(8833,2285,4,0,NULL),(8834,2286,1,0,NULL),(8835,2286,2,0,NULL),(8836,2286,3,0,NULL),(8837,2286,4,0,NULL),(8838,2287,1,0,NULL),(8839,2287,2,0,NULL),(8840,2287,3,0,NULL),(8841,2287,4,0,NULL),(8842,2288,1,0,NULL),(8843,2288,2,0,NULL),(8844,2288,3,0,NULL),(8845,2288,4,0,NULL),(8846,2289,1,0,NULL),(8847,2289,2,0,NULL),(8848,2289,3,0,NULL),(8849,2289,4,0,NULL),(8850,2290,1,0,NULL),(8851,2290,2,0,NULL),(8852,2290,3,0,NULL),(8853,2290,4,0,NULL),(8854,2291,1,0,NULL),(8855,2291,2,0,NULL),(8856,2291,3,0,NULL),(8857,2291,4,0,NULL),(8858,2292,1,0,NULL),(8859,2292,2,0,NULL),(8860,2292,3,0,NULL),(8861,2292,4,0,NULL),(8862,2293,1,0,NULL),(8863,2293,2,0,NULL),(8864,2293,3,0,NULL),(8865,2293,4,0,NULL),(8866,2294,1,0,NULL),(8867,2294,2,0,NULL),(8868,2294,3,0,NULL),(8869,2294,4,0,NULL),(8870,2295,1,0,NULL),(8871,2295,2,0,NULL),(8872,2295,3,0,NULL),(8873,2295,4,0,NULL),(8874,2296,1,0,NULL),(8875,2296,2,0,NULL),(8876,2296,3,0,NULL),(8877,2296,4,0,NULL),(8878,2297,1,0,NULL),(8879,2297,2,0,NULL),(8880,2297,3,0,NULL),(8881,2297,4,0,NULL),(8882,2298,1,0,NULL),(8883,2298,2,0,NULL),(8884,2298,3,0,NULL),(8885,2298,4,0,NULL),(8886,2299,1,0,NULL),(8887,2299,2,0,NULL),(8888,2299,3,0,NULL),(8889,2299,4,0,NULL),(8890,2300,1,0,NULL),(8891,2300,2,0,NULL),(8892,2300,3,0,NULL),(8893,2300,4,0,NULL),(8894,2301,1,0,NULL),(8895,2301,2,0,NULL),(8896,2301,3,0,NULL),(8897,2301,4,0,NULL),(8898,2302,1,0,NULL),(8899,2302,2,0,NULL),(8900,2302,3,0,NULL),(8901,2302,4,0,NULL),(8902,2303,1,0,NULL),(8903,2303,2,0,NULL),(8904,2303,3,0,NULL),(8905,2303,4,0,NULL),(8906,2304,1,0,NULL),(8907,2304,2,0,NULL),(8908,2304,3,0,NULL),(8909,2304,4,0,NULL),(8910,2305,1,0,NULL),(8911,2305,2,0,NULL),(8912,2305,3,0,NULL),(8913,2305,4,0,NULL),(8914,2306,1,0,NULL),(8915,2306,2,0,NULL),(8916,2306,3,0,NULL),(8917,2306,4,0,NULL),(8918,2307,1,0,NULL),(8919,2307,2,0,NULL),(8920,2307,3,0,NULL),(8921,2307,4,0,NULL),(8922,2308,1,0,NULL),(8923,2308,2,0,NULL),(8924,2308,3,0,NULL),(8925,2308,4,0,NULL),(8926,2309,1,0,NULL),(8927,2309,2,0,NULL),(8928,2309,3,0,NULL),(8929,2309,4,0,NULL),(8930,2310,1,0,NULL),(8931,2310,2,0,NULL),(8932,2310,3,0,NULL),(8933,2310,4,0,NULL),(8934,2311,1,0,NULL),(8935,2311,2,0,NULL),(8936,2311,3,0,NULL),(8937,2311,4,0,NULL),(8938,2312,1,0,NULL),(8939,2312,2,0,NULL),(8940,2312,3,0,NULL),(8941,2312,4,0,NULL),(8942,2313,1,0,NULL),(8943,2313,2,0,NULL),(8944,2313,3,0,NULL),(8945,2313,4,0,NULL),(8946,2314,1,0,NULL),(8947,2314,2,0,NULL),(8948,2314,3,0,NULL),(8949,2314,4,0,NULL),(8950,2315,1,0,NULL),(8951,2315,2,0,NULL),(8952,2315,3,0,NULL),(8953,2315,4,0,NULL),(8954,2316,1,0,NULL),(8955,2316,2,0,NULL),(8956,2316,3,0,NULL),(8957,2316,4,0,NULL),(8958,2317,1,0,NULL),(8959,2317,2,0,NULL),(8960,2317,3,0,NULL),(8961,2317,4,0,NULL),(8962,2318,1,0,NULL),(8963,2318,2,0,NULL),(8964,2318,3,0,NULL),(8965,2318,4,0,NULL),(8966,2319,1,0,NULL),(8967,2319,2,0,NULL),(8968,2319,3,0,NULL),(8969,2319,4,0,NULL),(8970,2320,1,0,NULL),(8971,2320,2,0,NULL),(8972,2320,3,0,NULL),(8973,2320,4,0,NULL),(8974,2321,1,0,NULL),(8975,2321,2,0,NULL),(8976,2321,3,0,NULL),(8977,2321,4,0,NULL),(8978,2322,1,0,NULL),(8979,2322,2,0,NULL),(8980,2322,3,0,NULL),(8981,2322,4,0,NULL),(8982,2323,1,0,NULL),(8983,2323,2,0,NULL),(8984,2323,3,0,NULL),(8985,2323,4,0,NULL),(8986,2324,1,0,NULL),(8987,2324,2,0,NULL),(8988,2324,3,0,NULL),(8989,2324,4,0,NULL),(8990,2325,1,0,NULL),(8991,2325,2,0,NULL),(8992,2325,3,0,NULL),(8993,2325,4,0,NULL),(8994,2326,1,0,NULL),(8995,2326,2,0,NULL),(8996,2326,3,0,NULL),(8997,2326,4,0,NULL),(8998,2327,1,0,NULL),(8999,2327,2,0,NULL),(9000,2327,3,0,NULL),(9001,2327,4,0,NULL),(9002,2328,1,0,NULL),(9003,2328,2,0,NULL),(9004,2328,3,0,NULL),(9005,2328,4,0,NULL),(9006,2329,1,0,NULL),(9007,2329,2,0,NULL),(9008,2329,3,0,NULL),(9009,2329,4,0,NULL),(9010,2330,1,0,NULL),(9011,2330,2,0,NULL),(9012,2330,3,0,NULL),(9013,2330,4,0,NULL),(9014,2331,1,0,NULL),(9015,2331,2,0,NULL),(9016,2331,3,0,NULL),(9017,2331,4,0,NULL),(9018,2332,1,0,NULL),(9019,2332,2,0,NULL),(9020,2332,3,0,NULL),(9021,2332,4,0,NULL),(9022,2333,1,0,NULL),(9023,2333,2,0,NULL),(9024,2333,3,0,NULL),(9025,2333,4,0,NULL),(9026,2334,1,0,NULL),(9027,2334,2,0,NULL),(9028,2334,3,0,NULL),(9029,2334,4,0,NULL),(9030,2335,1,0,NULL),(9031,2335,2,0,NULL),(9032,2335,3,0,NULL),(9033,2335,4,0,NULL),(9034,2336,1,0,NULL),(9035,2336,2,0,NULL),(9036,2336,3,0,NULL),(9037,2336,4,0,NULL),(9038,2337,1,0,NULL),(9039,2337,2,0,NULL),(9040,2337,3,0,NULL),(9041,2337,4,0,NULL),(9042,2338,1,0,NULL),(9043,2338,2,0,NULL),(9044,2338,3,0,NULL),(9045,2338,4,0,NULL),(9046,2339,1,0,NULL),(9047,2339,2,0,NULL),(9048,2339,3,0,NULL),(9049,2339,4,0,NULL),(9050,2340,1,0,NULL),(9051,2340,2,0,NULL),(9052,2340,3,0,NULL),(9053,2340,4,0,NULL),(9054,2341,1,0,NULL),(9055,2341,2,0,NULL),(9056,2341,3,0,NULL),(9057,2341,4,0,NULL),(9058,2342,1,0,NULL),(9059,2342,2,0,NULL),(9060,2342,3,0,NULL),(9061,2342,4,0,NULL),(9062,2343,1,0,NULL),(9063,2343,2,0,NULL),(9064,2343,3,0,NULL),(9065,2343,4,0,NULL),(9066,2344,1,0,NULL),(9067,2344,2,0,NULL),(9068,2344,3,0,NULL),(9069,2344,4,0,NULL),(9070,2345,1,0,NULL),(9071,2345,2,0,NULL),(9072,2345,3,0,NULL),(9073,2345,4,0,NULL),(9074,2346,1,0,NULL),(9075,2346,2,0,NULL),(9076,2346,3,0,NULL),(9077,2346,4,0,NULL),(9078,2347,1,0,NULL),(9079,2347,2,0,NULL),(9080,2347,3,0,NULL),(9081,2347,4,0,NULL),(9082,2348,1,0,NULL),(9083,2348,2,0,NULL),(9084,2348,3,0,NULL),(9085,2348,4,0,NULL),(9086,2349,1,0,NULL),(9087,2349,2,0,NULL),(9088,2349,3,0,NULL),(9089,2349,4,0,NULL),(9090,2350,1,0,NULL),(9091,2350,2,0,NULL),(9092,2350,3,0,NULL),(9093,2350,4,0,NULL),(9094,2351,1,0,NULL),(9095,2351,2,0,NULL),(9096,2351,3,0,NULL),(9097,2351,4,0,NULL),(9098,2352,1,0,NULL),(9099,2352,2,0,NULL),(9100,2352,3,0,NULL),(9101,2352,4,0,NULL),(9102,2353,1,0,NULL),(9103,2353,2,0,NULL),(9104,2353,3,0,NULL),(9105,2353,4,0,NULL),(9106,2354,1,0,NULL),(9107,2354,2,0,NULL),(9108,2354,3,0,NULL),(9109,2354,4,0,NULL),(9110,2355,1,0,NULL),(9111,2355,2,0,NULL),(9112,2355,3,0,NULL),(9113,2355,4,0,NULL),(9114,2356,1,0,NULL),(9115,2356,2,0,NULL),(9116,2356,3,0,NULL),(9117,2356,4,0,NULL),(9118,2357,1,0,NULL),(9119,2357,2,0,NULL),(9120,2357,3,0,NULL),(9121,2357,4,0,NULL),(9122,2358,1,0,NULL),(9123,2358,2,0,NULL),(9124,2358,3,0,NULL),(9125,2358,4,0,NULL),(9126,2359,1,0,NULL),(9127,2359,2,0,NULL),(9128,2359,3,0,NULL),(9129,2359,4,0,NULL),(9130,2360,1,0,NULL),(9131,2360,2,0,NULL),(9132,2360,3,0,NULL),(9133,2360,4,0,NULL),(9134,2361,1,0,NULL),(9135,2361,2,0,NULL),(9136,2361,3,0,NULL),(9137,2361,4,0,NULL),(9138,2362,1,0,NULL),(9139,2362,2,0,NULL),(9140,2362,3,0,NULL),(9141,2362,4,0,NULL),(9142,2363,1,0,NULL),(9143,2363,2,0,NULL),(9144,2363,3,0,NULL),(9145,2363,4,0,NULL),(9146,2364,1,0,NULL),(9147,2364,2,0,NULL),(9148,2364,3,0,NULL),(9149,2364,4,0,NULL),(9150,2365,1,0,NULL),(9151,2365,2,0,NULL),(9152,2365,3,0,NULL),(9153,2365,4,0,NULL),(9154,2366,1,0,NULL),(9155,2366,2,0,NULL),(9156,2366,3,0,NULL),(9157,2366,4,0,NULL),(9158,2367,1,0,NULL),(9159,2367,2,0,NULL),(9160,2367,3,0,NULL),(9161,2367,4,0,NULL),(9162,2368,1,0,NULL),(9163,2368,2,0,NULL),(9164,2368,3,0,NULL),(9165,2368,4,0,NULL),(9166,2369,1,0,NULL),(9167,2369,2,0,NULL),(9168,2369,3,0,NULL),(9169,2369,4,0,NULL),(9170,2370,1,0,NULL),(9171,2370,2,0,NULL),(9172,2370,3,0,NULL),(9173,2370,4,0,NULL),(9174,2371,1,0,NULL),(9175,2371,2,0,NULL),(9176,2371,3,0,NULL),(9177,2371,4,0,NULL),(9178,2372,1,0,NULL),(9179,2372,2,0,NULL),(9180,2372,3,0,NULL),(9181,2372,4,0,NULL),(9182,2373,1,0,NULL),(9183,2373,2,0,NULL),(9184,2373,3,0,NULL),(9185,2373,4,0,NULL),(9186,2374,1,0,NULL),(9187,2374,2,0,NULL),(9188,2374,3,0,NULL),(9189,2374,4,0,NULL),(9190,2375,1,0,NULL),(9191,2375,2,0,NULL),(9192,2375,3,0,NULL),(9193,2375,4,0,NULL),(9194,2376,1,0,NULL),(9195,2376,2,0,NULL),(9196,2376,3,0,NULL),(9197,2376,4,0,NULL),(9198,2377,1,0,NULL),(9199,2377,2,0,NULL),(9200,2377,3,0,NULL),(9201,2377,4,0,NULL),(9202,2378,1,0,NULL),(9203,2378,2,0,NULL),(9204,2378,3,0,NULL),(9205,2378,4,0,NULL),(9206,2379,1,0,NULL),(9207,2379,2,0,NULL),(9208,2379,3,0,NULL),(9209,2379,4,0,NULL),(9210,2380,1,0,NULL),(9211,2380,2,0,NULL),(9212,2380,3,0,NULL),(9213,2380,4,0,NULL),(9214,2381,1,0,NULL),(9215,2381,2,0,NULL),(9216,2381,3,0,NULL),(9217,2381,4,0,NULL),(9218,2382,1,0,NULL),(9219,2382,2,0,NULL),(9220,2382,3,0,NULL),(9221,2382,4,0,NULL),(9222,2383,1,0,NULL),(9223,2383,2,0,NULL),(9224,2383,3,0,NULL),(9225,2383,4,0,NULL),(9226,2384,1,0,NULL),(9227,2384,2,0,NULL),(9228,2384,3,0,NULL),(9229,2384,4,0,NULL),(9230,2385,1,0,NULL),(9231,2385,2,0,NULL),(9232,2385,3,0,NULL),(9233,2385,4,0,NULL),(9234,2386,1,0,NULL),(9235,2386,2,0,NULL),(9236,2386,3,0,NULL),(9237,2386,4,0,NULL),(9238,2387,1,0,NULL),(9239,2387,2,0,NULL),(9240,2387,3,0,NULL),(9241,2387,4,0,NULL),(9242,2388,1,0,NULL),(9243,2388,2,0,NULL),(9244,2388,3,0,NULL),(9245,2388,4,0,NULL),(9246,2389,1,0,NULL),(9247,2389,2,0,NULL),(9248,2389,3,0,NULL),(9249,2389,4,0,NULL),(9250,2390,1,0,NULL),(9251,2390,2,0,NULL),(9252,2390,3,0,NULL),(9253,2390,4,0,NULL),(9254,2391,1,0,NULL),(9255,2391,2,0,NULL),(9256,2391,3,0,NULL),(9257,2391,4,0,NULL),(9258,2392,1,0,NULL),(9259,2392,2,0,NULL),(9260,2392,3,0,NULL),(9261,2392,4,0,NULL),(9262,2393,1,0,NULL),(9263,2393,2,0,NULL),(9264,2393,3,0,NULL),(9265,2393,4,0,NULL),(9266,2394,1,0,NULL),(9267,2394,2,0,NULL),(9268,2394,3,0,NULL),(9269,2394,4,0,NULL),(9270,2395,1,0,NULL),(9271,2395,2,0,NULL),(9272,2395,3,0,NULL),(9273,2395,4,0,NULL),(9274,2396,1,0,NULL),(9275,2396,2,0,NULL),(9276,2396,3,0,NULL),(9277,2396,4,0,NULL),(9278,2397,1,0,NULL),(9279,2397,2,0,NULL),(9280,2397,3,0,NULL),(9281,2397,4,0,NULL),(9282,2398,1,0,NULL),(9283,2398,2,0,NULL),(9284,2398,3,0,NULL),(9285,2398,4,0,NULL),(9286,2399,1,0,NULL),(9287,2399,2,0,NULL),(9288,2399,3,0,NULL),(9289,2399,4,0,NULL),(9290,2400,1,0,NULL),(9291,2400,2,0,NULL),(9292,2400,3,0,NULL),(9293,2400,4,0,NULL),(9294,2401,1,0,NULL),(9295,2401,2,0,NULL),(9296,2401,3,0,NULL),(9297,2401,4,0,NULL),(9298,2402,1,0,NULL),(9299,2402,2,0,NULL),(9300,2402,3,0,NULL),(9301,2402,4,0,NULL),(9302,2403,1,0,NULL),(9303,2403,2,0,NULL),(9304,2403,3,0,NULL),(9305,2403,4,0,NULL),(9306,2404,1,0,NULL),(9307,2404,2,0,NULL),(9308,2404,3,0,NULL),(9309,2404,4,0,NULL),(9310,2405,1,0,NULL),(9311,2405,2,0,NULL),(9312,2405,3,0,NULL),(9313,2405,4,0,NULL),(9314,2406,1,0,NULL),(9315,2406,2,0,NULL),(9316,2406,3,0,NULL),(9317,2406,4,0,NULL),(9318,2407,1,0,NULL),(9319,2407,2,0,NULL),(9320,2407,3,0,NULL),(9321,2407,4,0,NULL),(9322,2408,1,0,NULL),(9323,2408,2,0,NULL),(9324,2408,3,0,NULL),(9325,2408,4,0,NULL),(9326,2409,1,0,NULL),(9327,2409,2,0,NULL),(9328,2409,3,0,NULL),(9329,2409,4,0,NULL),(9330,2410,1,0,NULL),(9331,2410,2,0,NULL),(9332,2410,3,0,NULL),(9333,2410,4,0,NULL),(9334,2411,1,0,NULL),(9335,2411,2,0,NULL),(9336,2411,3,0,NULL),(9337,2411,4,0,NULL),(9338,2412,1,0,NULL),(9339,2412,2,0,NULL),(9340,2412,3,0,NULL),(9341,2412,4,0,NULL),(9342,2413,1,0,NULL),(9343,2413,2,0,NULL),(9344,2413,3,0,NULL),(9345,2413,4,0,NULL),(9346,2414,1,0,NULL),(9347,2414,2,0,NULL),(9348,2414,3,0,NULL),(9349,2414,4,0,NULL),(9350,2415,1,0,NULL),(9351,2415,2,0,NULL),(9352,2415,3,0,NULL),(9353,2415,4,0,NULL),(9354,2416,1,0,NULL),(9355,2416,2,0,NULL),(9356,2416,3,0,NULL),(9357,2416,4,0,NULL),(9358,2417,1,0,NULL),(9359,2417,2,0,NULL),(9360,2417,3,0,NULL),(9361,2417,4,0,NULL),(9362,2418,1,0,NULL),(9363,2418,2,0,NULL),(9364,2418,3,0,NULL),(9365,2418,4,0,NULL),(9366,2419,1,0,NULL),(9367,2419,2,0,NULL),(9368,2419,3,0,NULL),(9369,2419,4,0,NULL),(9370,2420,1,0,NULL),(9371,2420,2,0,NULL),(9372,2420,3,0,NULL),(9373,2420,4,0,NULL),(9374,2421,1,0,NULL),(9375,2421,2,0,NULL),(9376,2421,3,0,NULL),(9377,2421,4,0,NULL),(9378,2422,1,0,NULL),(9379,2422,2,0,NULL),(9380,2422,3,0,NULL),(9381,2422,4,0,NULL),(9382,2423,1,0,NULL),(9383,2423,2,0,NULL),(9384,2423,3,0,NULL),(9385,2423,4,0,NULL),(9386,2424,1,0,NULL),(9387,2424,2,0,NULL),(9388,2424,3,0,NULL),(9389,2424,4,0,NULL),(9390,2425,1,0,NULL),(9391,2425,2,0,NULL),(9392,2425,3,0,NULL),(9393,2425,4,0,NULL),(9394,2426,1,0,NULL),(9395,2426,2,0,NULL),(9396,2426,3,0,NULL),(9397,2426,4,0,NULL),(9398,2427,1,0,NULL),(9399,2427,2,0,NULL),(9400,2427,3,0,NULL),(9401,2427,4,0,NULL),(9402,2428,1,0,NULL),(9403,2428,2,0,NULL),(9404,2428,3,0,NULL),(9405,2428,4,0,NULL),(9406,2429,1,0,NULL),(9407,2429,2,0,NULL),(9408,2429,3,0,NULL),(9409,2429,4,0,NULL),(9410,2430,1,0,NULL),(9411,2430,2,0,NULL),(9412,2430,3,0,NULL),(9413,2430,4,0,NULL),(9414,2431,1,0,NULL),(9415,2431,2,0,NULL),(9416,2431,3,0,NULL),(9417,2431,4,0,NULL),(9418,2432,1,0,NULL),(9419,2432,2,0,NULL),(9420,2432,3,0,NULL),(9421,2432,4,0,NULL),(9422,2433,1,0,NULL),(9423,2433,2,0,NULL),(9424,2433,3,0,NULL),(9425,2433,4,0,NULL),(9426,2434,1,0,NULL),(9427,2434,2,0,NULL),(9428,2434,3,0,NULL),(9429,2434,4,0,NULL),(9430,2435,1,0,NULL),(9431,2435,2,0,NULL),(9432,2435,3,0,NULL),(9433,2435,4,0,NULL),(9434,2436,1,0,NULL),(9435,2436,2,0,NULL),(9436,2436,3,0,NULL),(9437,2436,4,0,NULL),(9438,2437,1,0,NULL),(9439,2437,2,0,NULL),(9440,2437,3,0,NULL),(9441,2437,4,0,NULL),(9442,2438,1,0,NULL),(9443,2438,2,0,NULL),(9444,2438,3,0,NULL),(9445,2438,4,0,NULL),(9446,2439,1,0,NULL),(9447,2439,2,0,NULL),(9448,2439,3,0,NULL),(9449,2439,4,0,NULL),(9450,2440,1,0,NULL),(9451,2440,2,0,NULL),(9452,2440,3,0,NULL),(9453,2440,4,0,NULL),(9454,2441,1,0,NULL),(9455,2441,2,0,NULL),(9456,2441,3,0,NULL),(9457,2441,4,0,NULL),(9458,2442,1,0,NULL),(9459,2442,2,0,NULL),(9460,2442,3,0,NULL),(9461,2442,4,0,NULL),(9462,2443,1,0,NULL),(9463,2443,2,0,NULL),(9464,2443,3,0,NULL),(9465,2443,4,0,NULL),(9466,2444,1,0,NULL),(9467,2444,2,0,NULL),(9468,2444,3,0,NULL),(9469,2444,4,0,NULL),(9470,2445,1,0,NULL),(9471,2445,2,0,NULL),(9472,2445,3,0,NULL),(9473,2445,4,0,NULL),(9474,2446,1,0,NULL),(9475,2446,2,0,NULL),(9476,2446,3,0,NULL),(9477,2446,4,0,NULL),(9478,2447,1,0,NULL),(9479,2447,2,0,NULL),(9480,2447,3,0,NULL),(9481,2447,4,0,NULL),(9482,2448,1,0,NULL),(9483,2448,2,0,NULL),(9484,2448,3,0,NULL),(9485,2448,4,0,NULL),(9486,2449,1,0,NULL),(9487,2449,2,0,NULL),(9488,2449,3,0,NULL),(9489,2449,4,0,NULL),(9490,2450,1,0,NULL),(9491,2450,2,0,NULL),(9492,2450,3,0,NULL),(9493,2450,4,0,NULL),(9494,2451,1,0,NULL),(9495,2451,2,0,NULL),(9496,2451,3,0,NULL),(9497,2451,4,0,NULL),(9498,2452,1,0,NULL),(9499,2452,2,0,NULL),(9500,2452,3,0,NULL),(9501,2452,4,0,NULL),(9502,2453,1,0,NULL),(9503,2453,2,0,NULL),(9504,2453,3,0,NULL),(9505,2453,4,0,NULL),(9506,2454,1,0,NULL),(9507,2454,2,0,NULL),(9508,2454,3,0,NULL),(9509,2454,4,0,NULL),(9510,2455,1,0,NULL),(9511,2455,2,0,NULL),(9512,2455,3,0,NULL),(9513,2455,4,0,NULL),(9514,2456,1,0,NULL),(9515,2456,2,0,NULL),(9516,2456,3,0,NULL),(9517,2456,4,0,NULL),(9518,2457,1,0,NULL),(9519,2457,2,0,NULL),(9520,2457,3,0,NULL),(9521,2457,4,0,NULL),(9522,2458,1,0,NULL),(9523,2458,2,0,NULL),(9524,2458,3,0,NULL),(9525,2458,4,0,NULL),(9526,2459,1,0,NULL),(9527,2459,2,0,NULL),(9528,2459,3,0,NULL),(9529,2459,4,0,NULL),(9530,2460,1,0,NULL),(9531,2460,2,0,NULL),(9532,2460,3,0,NULL),(9533,2460,4,0,NULL),(9534,2461,1,0,NULL),(9535,2461,2,0,NULL),(9536,2461,3,0,NULL),(9537,2461,4,0,NULL),(9538,2462,1,0,NULL),(9539,2462,2,0,NULL),(9540,2462,3,0,NULL),(9541,2462,4,0,NULL),(9542,2463,1,0,NULL),(9543,2463,2,0,NULL),(9544,2463,3,0,NULL),(9545,2463,4,0,NULL),(9546,2464,1,0,NULL),(9547,2464,2,0,NULL),(9548,2464,3,0,NULL),(9549,2464,4,0,NULL),(9550,2465,1,0,NULL),(9551,2465,2,0,NULL),(9552,2465,3,0,NULL),(9553,2465,4,0,NULL),(9554,2466,1,0,NULL),(9555,2466,2,0,NULL),(9556,2466,3,0,NULL),(9557,2466,4,0,NULL),(9558,2467,1,0,NULL),(9559,2467,2,0,NULL),(9560,2467,3,0,NULL),(9561,2467,4,0,NULL),(9562,2468,1,0,NULL),(9563,2468,2,0,NULL),(9564,2468,3,0,NULL),(9565,2468,4,0,NULL),(9566,2469,1,0,NULL),(9567,2469,2,0,NULL),(9568,2469,3,0,NULL),(9569,2469,4,0,NULL),(9570,2470,1,0,NULL),(9571,2470,2,0,NULL),(9572,2470,3,0,NULL),(9573,2470,4,0,NULL),(9574,2471,1,0,NULL),(9575,2471,2,0,NULL),(9576,2471,3,0,NULL),(9577,2471,4,0,NULL),(9578,2472,1,0,NULL),(9579,2472,2,0,NULL),(9580,2472,3,0,NULL),(9581,2472,4,0,NULL),(9582,2473,1,0,NULL),(9583,2473,2,0,NULL),(9584,2473,3,0,NULL),(9585,2473,4,0,NULL),(9586,2474,1,0,NULL),(9587,2474,2,0,NULL),(9588,2474,3,0,NULL),(9589,2474,4,0,NULL),(9590,2475,1,0,NULL),(9591,2475,2,0,NULL),(9592,2475,3,0,NULL),(9593,2475,4,0,NULL),(9594,2476,1,0,NULL),(9595,2476,2,0,NULL),(9596,2476,3,0,NULL),(9597,2476,4,0,NULL),(9598,2477,1,0,NULL),(9599,2477,2,0,NULL),(9600,2477,3,0,NULL),(9601,2477,4,0,NULL),(9602,2478,1,0,NULL),(9603,2478,2,0,NULL),(9604,2478,3,0,NULL),(9605,2478,4,0,NULL),(9606,2479,1,0,NULL),(9607,2479,2,0,NULL),(9608,2479,3,0,NULL),(9609,2479,4,0,NULL),(9610,2480,1,0,NULL),(9611,2480,2,0,NULL),(9612,2480,3,0,NULL),(9613,2480,4,0,NULL),(9614,2481,1,0,NULL),(9615,2481,2,0,NULL),(9616,2481,3,0,NULL),(9617,2481,4,0,NULL),(9618,2482,1,0,NULL),(9619,2482,2,0,NULL),(9620,2482,3,0,NULL),(9621,2482,4,0,NULL),(9622,2483,1,0,NULL),(9623,2483,2,0,NULL),(9624,2483,3,0,NULL),(9625,2483,4,0,NULL),(9626,2484,1,0,NULL),(9627,2484,2,0,NULL),(9628,2484,3,0,NULL),(9629,2484,4,0,NULL),(9630,2485,1,0,NULL),(9631,2485,2,0,NULL),(9632,2485,3,0,NULL),(9633,2485,4,0,NULL),(9634,2486,1,0,NULL),(9635,2486,2,0,NULL),(9636,2486,3,0,NULL),(9637,2486,4,0,NULL),(9638,2487,1,0,NULL),(9639,2487,2,0,NULL),(9640,2487,3,0,NULL),(9641,2487,4,0,NULL),(9642,2488,1,0,NULL),(9643,2488,2,0,NULL),(9644,2488,3,0,NULL),(9645,2488,4,0,NULL),(9646,2489,1,0,NULL),(9647,2489,2,0,NULL),(9648,2489,3,0,NULL),(9649,2489,4,0,NULL),(9650,2490,1,0,NULL),(9651,2490,2,0,NULL),(9652,2490,3,0,NULL),(9653,2490,4,0,NULL),(9654,2491,1,0,NULL),(9655,2491,2,0,NULL),(9656,2491,3,0,NULL),(9657,2491,4,0,NULL),(9658,2492,1,0,NULL),(9659,2492,2,0,NULL),(9660,2492,3,0,NULL),(9661,2492,4,0,NULL),(9662,2493,1,0,NULL),(9663,2493,2,0,NULL),(9664,2493,3,0,NULL),(9665,2493,4,0,NULL),(9666,2494,1,0,NULL),(9667,2494,2,0,NULL),(9668,2494,3,0,NULL),(9669,2494,4,0,NULL),(9670,2495,1,0,NULL),(9671,2495,2,0,NULL),(9672,2495,3,0,NULL),(9673,2495,4,0,NULL),(9674,2496,1,0,NULL),(9675,2496,2,0,NULL),(9676,2496,3,0,NULL),(9677,2496,4,0,NULL),(9678,2497,1,0,NULL),(9679,2497,2,0,NULL),(9680,2497,3,0,NULL),(9681,2497,4,0,NULL),(9682,2498,1,0,NULL),(9683,2498,2,0,NULL),(9684,2498,3,0,NULL),(9685,2498,4,0,NULL),(9686,2499,1,0,NULL),(9687,2499,2,0,NULL),(9688,2499,3,0,NULL),(9689,2499,4,0,NULL),(9690,2500,1,0,NULL),(9691,2500,2,0,NULL),(9692,2500,3,0,NULL),(9693,2500,4,0,NULL),(9694,2501,1,0,NULL),(9695,2501,2,0,NULL),(9696,2501,3,0,NULL),(9697,2501,4,0,NULL),(9698,2502,1,0,NULL),(9699,2502,2,0,NULL),(9700,2502,3,0,NULL),(9701,2502,4,0,NULL),(9702,2503,1,0,NULL),(9703,2503,2,0,NULL),(9704,2503,3,0,NULL),(9705,2503,4,0,NULL),(9706,2504,1,0,NULL),(9707,2504,2,0,NULL),(9708,2504,3,0,NULL),(9709,2504,4,0,NULL),(9710,2505,1,0,NULL),(9711,2505,2,0,NULL),(9712,2505,3,0,NULL),(9713,2505,4,0,NULL),(9714,2506,1,0,NULL),(9715,2506,2,0,NULL),(9716,2506,3,0,NULL),(9717,2506,4,0,NULL),(9718,2507,1,0,NULL),(9719,2507,2,0,NULL),(9720,2507,3,0,NULL),(9721,2507,4,0,NULL),(9722,2508,1,0,NULL),(9723,2508,2,0,NULL),(9724,2508,3,0,NULL),(9725,2508,4,0,NULL),(9726,2509,1,0,NULL),(9727,2509,2,0,NULL),(9728,2509,3,0,NULL),(9729,2509,4,0,NULL),(9730,2510,1,0,NULL),(9731,2510,2,0,NULL),(9732,2510,3,0,NULL),(9733,2510,4,0,NULL),(9734,2511,1,0,NULL),(9735,2511,2,0,NULL),(9736,2511,3,0,NULL),(9737,2511,4,0,NULL),(9738,2512,1,0,NULL),(9739,2512,2,0,NULL),(9740,2512,3,0,NULL),(9741,2512,4,0,NULL),(9742,2513,1,0,NULL),(9743,2513,2,0,NULL),(9744,2513,3,0,NULL),(9745,2513,4,0,NULL),(9746,2514,1,0,NULL),(9747,2514,2,0,NULL),(9748,2514,3,0,NULL),(9749,2514,4,0,NULL),(9750,2515,1,0,NULL),(9751,2515,2,0,NULL),(9752,2515,3,0,NULL),(9753,2515,4,0,NULL),(9754,2516,1,0,NULL),(9755,2516,2,0,NULL),(9756,2516,3,0,NULL),(9757,2516,4,0,NULL),(9758,2517,1,0,NULL),(9759,2517,2,0,NULL),(9760,2517,3,0,NULL),(9761,2517,4,0,NULL),(9762,2518,1,0,NULL),(9763,2518,2,0,NULL),(9764,2518,3,0,NULL),(9765,2518,4,0,NULL),(9766,2519,1,0,NULL),(9767,2519,2,0,NULL),(9768,2519,3,0,NULL),(9769,2519,4,0,NULL),(9770,2520,1,0,NULL),(9771,2520,2,0,NULL),(9772,2520,3,0,NULL),(9773,2520,4,0,NULL),(9774,2521,1,0,NULL),(9775,2521,2,0,NULL),(9776,2521,3,0,NULL),(9777,2521,4,0,NULL),(9778,2522,1,0,NULL),(9779,2522,2,0,NULL),(9780,2522,3,0,NULL),(9781,2522,4,0,NULL),(9782,2523,1,0,NULL),(9783,2523,2,0,NULL),(9784,2523,3,0,NULL),(9785,2523,4,0,NULL),(9786,2524,1,0,NULL),(9787,2524,2,0,NULL),(9788,2524,3,0,NULL),(9789,2524,4,0,NULL),(9790,2525,1,0,NULL),(9791,2525,2,0,NULL),(9792,2525,3,0,NULL),(9793,2525,4,0,NULL),(9794,2526,1,0,NULL),(9795,2526,2,0,NULL),(9796,2526,3,0,NULL),(9797,2526,4,0,NULL),(9798,2527,1,0,NULL),(9799,2527,2,0,NULL),(9800,2527,3,0,NULL),(9801,2527,4,0,NULL),(9802,2528,1,0,NULL),(9803,2528,2,0,NULL),(9804,2528,3,0,NULL),(9805,2528,4,0,NULL),(9806,2529,1,0,NULL),(9807,2529,2,0,NULL),(9808,2529,3,0,NULL),(9809,2529,4,0,NULL),(9810,2530,1,0,NULL),(9811,2530,2,0,NULL),(9812,2530,3,0,NULL),(9813,2530,4,0,NULL),(9814,2531,1,0,NULL),(9815,2531,2,0,NULL),(9816,2531,3,0,NULL),(9817,2531,4,0,NULL),(9818,2532,1,0,NULL),(9819,2532,2,0,NULL),(9820,2532,3,0,NULL),(9821,2532,4,0,NULL),(9822,2533,1,0,NULL),(9823,2533,2,0,NULL),(9824,2533,3,0,NULL),(9825,2533,4,0,NULL),(9826,2534,1,0,NULL),(9827,2534,2,0,NULL),(9828,2534,3,0,NULL),(9829,2534,4,0,NULL),(9830,2535,1,0,NULL),(9831,2535,2,0,NULL),(9832,2535,3,0,NULL),(9833,2535,4,0,NULL),(9834,2536,1,0,NULL),(9835,2536,2,0,NULL),(9836,2536,3,0,NULL),(9837,2536,4,0,NULL),(9838,2537,1,0,NULL),(9839,2537,2,0,NULL),(9840,2537,3,0,NULL),(9841,2537,4,0,NULL),(9842,2538,1,0,NULL),(9843,2538,2,0,NULL),(9844,2538,3,0,NULL),(9845,2538,4,0,NULL),(9846,2539,1,0,NULL),(9847,2539,2,0,NULL),(9848,2539,3,0,NULL),(9849,2539,4,0,NULL),(9850,2540,1,0,NULL),(9851,2540,2,0,NULL),(9852,2540,3,0,NULL),(9853,2540,4,0,NULL),(9854,2541,1,0,NULL),(9855,2541,2,0,NULL),(9856,2541,3,0,NULL),(9857,2541,4,0,NULL),(9858,2542,1,0,NULL),(9859,2542,2,0,NULL),(9860,2542,3,0,NULL),(9861,2542,4,0,NULL),(9862,2543,1,0,NULL),(9863,2543,2,0,NULL),(9864,2543,3,0,NULL),(9865,2543,4,0,NULL),(9866,2544,1,0,NULL),(9867,2544,2,0,NULL),(9868,2544,3,0,NULL),(9869,2544,4,0,NULL),(9870,2545,1,0,NULL),(9871,2545,2,0,NULL),(9872,2545,3,0,NULL),(9873,2545,4,0,NULL),(9874,2546,1,0,NULL),(9875,2546,2,0,NULL),(9876,2546,3,0,NULL),(9877,2546,4,0,NULL),(9878,2547,1,0,NULL),(9879,2547,2,0,NULL),(9880,2547,3,0,NULL),(9881,2547,4,0,NULL),(9882,2548,1,0,NULL),(9883,2548,2,0,NULL),(9884,2548,3,0,NULL),(9885,2548,4,0,NULL),(9886,2549,1,0,NULL),(9887,2549,2,0,NULL),(9888,2549,3,0,NULL),(9889,2549,4,0,NULL),(9890,2550,1,0,NULL),(9891,2550,2,0,NULL),(9892,2550,3,0,NULL),(9893,2550,4,0,NULL),(9894,2551,1,0,NULL),(9895,2551,2,0,NULL),(9896,2551,3,0,NULL),(9897,2551,4,0,NULL),(9898,2552,1,0,NULL),(9899,2552,2,0,NULL),(9900,2552,3,0,NULL),(9901,2552,4,0,NULL),(9902,2553,1,0,NULL),(9903,2553,2,0,NULL),(9904,2553,3,0,NULL),(9905,2553,4,0,NULL),(9906,2554,1,0,NULL),(9907,2554,2,0,NULL),(9908,2554,3,0,NULL),(9909,2554,4,0,NULL),(9910,2555,1,0,NULL),(9911,2555,2,0,NULL),(9912,2555,3,0,NULL),(9913,2555,4,0,NULL),(9914,2556,1,0,NULL),(9915,2556,2,0,NULL),(9916,2556,3,0,NULL),(9917,2556,4,0,NULL),(9918,2557,1,0,NULL),(9919,2557,2,0,NULL),(9920,2557,3,0,NULL),(9921,2557,4,0,NULL),(9922,2558,1,0,NULL),(9923,2558,2,0,NULL),(9924,2558,3,0,NULL),(9925,2558,4,0,NULL),(9926,2559,1,0,NULL),(9927,2559,2,0,NULL),(9928,2559,3,0,NULL),(9929,2559,4,0,NULL),(9930,2560,1,0,NULL),(9931,2560,2,0,NULL),(9932,2560,3,0,NULL),(9933,2560,4,0,NULL),(9934,2561,1,0,NULL),(9935,2561,2,0,NULL),(9936,2561,3,0,NULL),(9937,2561,4,0,NULL),(9938,2562,1,0,NULL),(9939,2562,2,0,NULL),(9940,2562,3,0,NULL),(9941,2562,4,0,NULL),(9942,2563,1,0,NULL),(9943,2563,2,0,NULL),(9944,2563,3,0,NULL),(9945,2563,4,0,NULL),(9946,2564,1,0,NULL),(9947,2564,2,0,NULL),(9948,2564,3,0,NULL),(9949,2564,4,0,NULL),(9950,2565,1,0,NULL),(9951,2565,2,0,NULL),(9952,2565,3,0,NULL),(9953,2565,4,0,NULL),(9954,2566,1,0,NULL),(9955,2566,2,0,NULL),(9956,2566,3,0,NULL),(9957,2566,4,0,NULL),(9958,2567,1,0,NULL),(9959,2567,2,0,NULL),(9960,2567,3,0,NULL),(9961,2567,4,0,NULL),(9962,2568,1,0,NULL),(9963,2568,2,0,NULL),(9964,2568,3,0,NULL),(9965,2568,4,0,NULL),(9966,2569,1,0,NULL),(9967,2569,2,0,NULL),(9968,2569,3,0,NULL),(9969,2569,4,0,NULL),(9970,2570,1,0,NULL),(9971,2570,2,0,NULL),(9972,2570,3,0,NULL),(9973,2570,4,0,NULL),(9974,2571,1,0,NULL),(9975,2571,2,0,NULL),(9976,2571,3,0,NULL),(9977,2571,4,0,NULL),(9978,2572,1,0,NULL),(9979,2572,2,0,NULL),(9980,2572,3,0,NULL),(9981,2572,4,0,NULL),(9982,2573,1,0,NULL),(9983,2573,2,0,NULL),(9984,2573,3,0,NULL),(9985,2573,4,0,NULL),(9986,2574,1,0,NULL),(9987,2574,2,0,NULL),(9988,2574,3,0,NULL),(9989,2574,4,0,NULL),(9990,2575,1,0,NULL),(9991,2575,2,0,NULL),(9992,2575,3,0,NULL),(9993,2575,4,0,NULL),(9994,2576,1,0,NULL),(9995,2576,2,0,NULL),(9996,2576,3,0,NULL),(9997,2576,4,0,NULL),(9998,2577,1,0,NULL),(9999,2577,2,0,NULL),(10000,2577,3,0,NULL),(10001,2577,4,0,NULL),(10002,2578,1,0,NULL),(10003,2578,2,0,NULL),(10004,2578,3,0,NULL),(10005,2578,4,0,NULL),(10006,2579,1,0,NULL),(10007,2579,2,0,NULL),(10008,2579,3,0,NULL),(10009,2579,4,0,NULL),(10010,2580,1,0,NULL),(10011,2580,2,0,NULL),(10012,2580,3,0,NULL),(10013,2580,4,0,NULL),(10014,2581,1,0,NULL),(10015,2581,2,0,NULL),(10016,2581,3,0,NULL),(10017,2581,4,0,NULL),(10018,2582,1,0,NULL),(10019,2582,2,0,NULL),(10020,2582,3,0,NULL),(10021,2582,4,0,NULL),(10022,2583,1,0,NULL),(10023,2583,2,0,NULL),(10024,2583,3,0,NULL),(10025,2583,4,0,NULL),(10026,2584,1,0,NULL),(10027,2584,2,0,NULL),(10028,2584,3,0,NULL),(10029,2584,4,0,NULL),(10030,2585,1,0,NULL),(10031,2585,2,0,NULL),(10032,2585,3,0,NULL),(10033,2585,4,0,NULL),(10034,2586,1,0,NULL),(10035,2586,2,0,NULL),(10036,2586,3,0,NULL),(10037,2586,4,0,NULL),(10038,2587,1,0,NULL),(10039,2587,2,0,NULL),(10040,2587,3,0,NULL),(10041,2587,4,0,NULL),(10042,2588,1,0,NULL),(10043,2588,2,0,NULL),(10044,2588,3,0,NULL),(10045,2588,4,0,NULL),(10046,2589,1,0,NULL),(10047,2589,2,0,NULL),(10048,2589,3,0,NULL),(10049,2589,4,0,NULL),(10050,2590,1,0,NULL),(10051,2590,2,0,NULL),(10052,2590,3,0,NULL),(10053,2590,4,0,NULL),(10054,2591,1,0,NULL),(10055,2591,2,0,NULL),(10056,2591,3,0,NULL),(10057,2591,4,0,NULL),(10058,2592,1,0,NULL),(10059,2592,2,0,NULL),(10060,2592,3,0,NULL),(10061,2592,4,0,NULL),(10062,2593,1,0,NULL),(10063,2593,2,0,NULL),(10064,2593,3,0,NULL),(10065,2593,4,0,NULL),(10066,2594,1,0,NULL),(10067,2594,2,0,NULL),(10068,2594,3,0,NULL),(10069,2594,4,0,NULL),(10070,2595,1,0,NULL),(10071,2595,2,0,NULL),(10072,2595,3,0,NULL),(10073,2595,4,0,NULL),(10074,2596,1,0,NULL),(10075,2596,2,0,NULL),(10076,2596,3,0,NULL),(10077,2596,4,0,NULL),(10078,2597,1,0,NULL),(10079,2597,2,0,NULL),(10080,2597,3,0,NULL),(10081,2597,4,0,NULL),(10082,2598,1,0,NULL),(10083,2598,2,0,NULL),(10084,2598,3,0,NULL),(10085,2598,4,0,NULL),(10086,2599,1,0,NULL),(10087,2599,2,0,NULL),(10088,2599,3,0,NULL),(10089,2599,4,0,NULL),(10090,2600,1,0,NULL),(10091,2600,2,0,NULL),(10092,2600,3,0,NULL),(10093,2600,4,0,NULL),(10094,2601,1,0,NULL),(10095,2601,2,0,NULL),(10096,2601,3,0,NULL),(10097,2601,4,0,NULL),(10098,2602,1,0,NULL),(10099,2602,2,0,NULL),(10100,2602,3,0,NULL),(10101,2602,4,0,NULL),(10102,2603,1,0,NULL),(10103,2603,2,0,NULL),(10104,2603,3,0,NULL),(10105,2603,4,0,NULL),(10106,2604,1,0,NULL),(10107,2604,2,0,NULL),(10108,2604,3,0,NULL),(10109,2604,4,0,NULL),(10110,2605,1,0,NULL),(10111,2605,2,0,NULL),(10112,2605,3,0,NULL),(10113,2605,4,0,NULL),(10114,2606,1,0,NULL),(10115,2606,2,0,NULL),(10116,2606,3,0,NULL),(10117,2606,4,0,NULL),(10118,2607,1,0,NULL),(10119,2607,2,0,NULL),(10120,2607,3,0,NULL),(10121,2607,4,0,NULL),(10122,2608,1,0,NULL),(10123,2608,2,0,NULL),(10124,2608,3,0,NULL),(10125,2608,4,0,NULL),(10126,2609,1,0,NULL),(10127,2609,2,0,NULL),(10128,2609,3,0,NULL),(10129,2609,4,0,NULL),(10130,2610,1,0,NULL),(10131,2610,2,0,NULL),(10132,2610,3,0,NULL),(10133,2610,4,0,NULL),(10134,2611,1,0,NULL),(10135,2611,2,0,NULL),(10136,2611,3,0,NULL),(10137,2611,4,0,NULL),(10138,2612,1,0,NULL),(10139,2612,2,0,NULL),(10140,2612,3,0,NULL),(10141,2612,4,0,NULL),(10142,2613,1,0,NULL),(10143,2613,2,0,NULL),(10144,2613,3,0,NULL),(10145,2613,4,0,NULL),(10146,2614,1,0,NULL),(10147,2614,2,0,NULL),(10148,2614,3,0,NULL),(10149,2614,4,0,NULL),(10150,2615,1,0,NULL),(10151,2615,2,0,NULL),(10152,2615,3,0,NULL),(10153,2615,4,0,NULL),(10154,2616,1,0,NULL),(10155,2616,2,0,NULL),(10156,2616,3,0,NULL),(10157,2616,4,0,NULL),(10158,2617,1,0,NULL),(10159,2617,2,0,NULL),(10160,2617,3,0,NULL),(10161,2617,4,0,NULL),(10162,2618,1,0,NULL),(10163,2618,2,0,NULL),(10164,2618,3,0,NULL),(10165,2618,4,0,NULL),(10166,2619,1,0,NULL),(10167,2619,2,0,NULL),(10168,2619,3,0,NULL),(10169,2619,4,0,NULL),(10170,2620,1,0,NULL),(10171,2620,2,0,NULL),(10172,2620,3,0,NULL),(10173,2620,4,0,NULL),(10174,2621,1,0,NULL),(10175,2621,2,0,NULL),(10176,2621,3,0,NULL),(10177,2621,4,0,NULL),(10178,2622,1,0,NULL),(10179,2622,2,0,NULL),(10180,2622,3,0,NULL),(10181,2622,4,0,NULL),(10182,2623,1,0,NULL),(10183,2623,2,0,NULL),(10184,2623,3,0,NULL),(10185,2623,4,0,NULL),(10186,2624,1,0,NULL),(10187,2624,2,0,NULL),(10188,2624,3,0,NULL),(10189,2624,4,0,NULL),(10190,2625,1,0,NULL),(10191,2625,2,0,NULL),(10192,2625,3,0,NULL),(10193,2625,4,0,NULL),(10194,2626,1,0,NULL),(10195,2626,2,0,NULL),(10196,2626,3,0,NULL),(10197,2626,4,0,NULL),(10198,2627,1,0,NULL),(10199,2627,2,0,NULL),(10200,2627,3,0,NULL),(10201,2627,4,0,NULL),(10202,2628,1,0,NULL),(10203,2628,2,0,NULL),(10204,2628,3,0,NULL),(10205,2628,4,0,NULL),(10206,2629,1,0,NULL),(10207,2629,2,0,NULL),(10208,2629,3,0,NULL),(10209,2629,4,0,NULL),(10210,2630,1,0,NULL),(10211,2630,2,0,NULL),(10212,2630,3,0,NULL),(10213,2630,4,0,NULL),(10214,2631,1,0,NULL),(10215,2631,2,0,NULL),(10216,2631,3,0,NULL),(10217,2631,4,0,NULL),(10218,2632,1,0,NULL),(10219,2632,2,0,NULL),(10220,2632,3,0,NULL),(10221,2632,4,0,NULL),(10222,2633,1,0,NULL),(10223,2633,2,0,NULL),(10224,2633,3,0,NULL),(10225,2633,4,0,NULL),(10226,2634,1,0,NULL),(10227,2634,2,0,NULL),(10228,2634,3,0,NULL),(10229,2634,4,0,NULL),(10230,2635,1,0,NULL),(10231,2635,2,0,NULL),(10232,2635,3,0,NULL),(10233,2635,4,0,NULL),(10234,2636,1,0,NULL),(10235,2636,2,0,NULL),(10236,2636,3,0,NULL),(10237,2636,4,0,NULL),(10238,2637,1,0,NULL),(10239,2637,2,0,NULL),(10240,2637,3,0,NULL),(10241,2637,4,0,NULL),(10242,2638,1,0,NULL),(10243,2638,2,0,NULL),(10244,2638,3,0,NULL),(10245,2638,4,0,NULL),(10246,2639,1,0,NULL),(10247,2639,2,0,NULL),(10248,2639,3,0,NULL),(10249,2639,4,0,NULL),(10250,2640,1,0,NULL),(10251,2640,2,0,NULL),(10252,2640,3,0,NULL),(10253,2640,4,0,NULL),(10254,2641,1,0,NULL),(10255,2641,2,0,NULL),(10256,2641,3,0,NULL),(10257,2641,4,0,NULL),(10258,2642,1,0,NULL),(10259,2642,2,0,NULL),(10260,2642,3,0,NULL),(10261,2642,4,0,NULL),(10262,2643,1,0,NULL),(10263,2643,2,0,NULL),(10264,2643,3,0,NULL),(10265,2643,4,0,NULL),(10266,2644,1,0,NULL),(10267,2644,2,0,NULL),(10268,2644,3,0,NULL),(10269,2644,4,0,NULL),(10270,2645,1,0,NULL),(10271,2645,2,0,NULL),(10272,2645,3,0,NULL),(10273,2645,4,0,NULL),(10274,2646,1,0,NULL),(10275,2646,2,0,NULL),(10276,2646,3,0,NULL),(10277,2646,4,0,NULL),(10278,2647,1,0,NULL),(10279,2647,2,0,NULL),(10280,2647,3,0,NULL),(10281,2647,4,0,NULL),(10282,2648,1,0,NULL),(10283,2648,2,0,NULL),(10284,2648,3,0,NULL),(10285,2648,4,0,NULL),(10286,2649,1,0,NULL),(10287,2649,2,0,NULL),(10288,2649,3,0,NULL),(10289,2649,4,0,NULL),(10290,2650,1,0,NULL),(10291,2650,2,0,NULL),(10292,2650,3,0,NULL),(10293,2650,4,0,NULL),(10294,2651,1,0,NULL),(10295,2651,2,0,NULL),(10296,2651,3,0,NULL),(10297,2651,4,0,NULL),(10298,2652,1,0,NULL),(10299,2652,2,0,NULL),(10300,2652,3,0,NULL),(10301,2652,4,0,NULL),(10302,2653,1,0,NULL),(10303,2653,2,0,NULL),(10304,2653,3,0,NULL),(10305,2653,4,0,NULL),(10306,2654,1,0,NULL),(10307,2654,2,0,NULL),(10308,2654,3,0,NULL),(10309,2654,4,0,NULL),(10310,2655,1,0,NULL),(10311,2655,2,0,NULL),(10312,2655,3,0,NULL),(10313,2655,4,0,NULL),(10314,2656,1,0,NULL),(10315,2656,2,0,NULL),(10316,2656,3,0,NULL),(10317,2656,4,0,NULL),(10318,2657,1,0,NULL),(10319,2657,2,0,NULL),(10320,2657,3,0,NULL),(10321,2657,4,0,NULL),(10322,2658,1,0,NULL),(10323,2658,2,0,NULL),(10324,2658,3,0,NULL),(10325,2658,4,0,NULL),(10326,2659,1,0,NULL),(10327,2659,2,0,NULL),(10328,2659,3,0,NULL),(10329,2659,4,0,NULL),(10330,2660,1,0,NULL),(10331,2660,2,0,NULL),(10332,2660,3,0,NULL),(10333,2660,4,0,NULL),(10334,2661,1,0,NULL),(10335,2661,2,0,NULL),(10336,2661,3,0,NULL),(10337,2661,4,0,NULL),(10338,2662,1,0,NULL),(10339,2662,2,0,NULL),(10340,2662,3,0,NULL),(10341,2662,4,0,NULL),(10342,2663,1,0,NULL),(10343,2663,2,0,NULL),(10344,2663,3,0,NULL),(10345,2663,4,0,NULL),(10346,2664,1,0,NULL),(10347,2664,2,0,NULL),(10348,2664,3,0,NULL),(10349,2664,4,0,NULL),(10350,2665,1,0,NULL),(10351,2665,2,0,NULL),(10352,2665,3,0,NULL),(10353,2665,4,0,NULL),(10354,2666,1,0,NULL),(10355,2666,2,0,NULL),(10356,2666,3,0,NULL),(10357,2666,4,0,NULL),(10358,2667,1,0,NULL),(10359,2667,2,0,NULL),(10360,2667,3,0,NULL),(10361,2667,4,0,NULL),(10362,2668,1,0,NULL),(10363,2668,2,0,NULL),(10364,2668,3,0,NULL),(10365,2668,4,0,NULL),(10366,2669,1,0,NULL),(10367,2669,2,0,NULL),(10368,2669,3,0,NULL),(10369,2669,4,0,NULL),(10370,2670,1,0,NULL),(10371,2670,2,0,NULL),(10372,2670,3,0,NULL),(10373,2670,4,0,NULL),(10374,2671,1,0,NULL),(10375,2671,2,0,NULL),(10376,2671,3,0,NULL),(10377,2671,4,0,NULL),(10378,2672,1,0,NULL),(10379,2672,2,0,NULL),(10380,2672,3,0,NULL),(10381,2672,4,0,NULL),(10382,2673,1,0,NULL),(10383,2673,2,0,NULL),(10384,2673,3,0,NULL),(10385,2673,4,0,NULL),(10386,2674,1,0,NULL),(10387,2674,2,0,NULL),(10388,2674,3,0,NULL),(10389,2674,4,0,NULL),(10390,2675,1,0,NULL),(10391,2675,2,0,NULL),(10392,2675,3,0,NULL),(10393,2675,4,0,NULL),(10394,2676,1,0,NULL),(10395,2676,2,0,NULL),(10396,2676,3,0,NULL),(10397,2676,4,0,NULL),(10398,2677,1,0,NULL),(10399,2677,2,0,NULL),(10400,2677,3,0,NULL),(10401,2677,4,0,NULL),(10402,2678,1,0,NULL),(10403,2678,2,0,NULL),(10404,2678,3,0,NULL),(10405,2678,4,0,NULL),(10406,2679,1,0,NULL),(10407,2679,2,0,NULL),(10408,2679,3,0,NULL),(10409,2679,4,0,NULL),(10410,2680,1,0,NULL),(10411,2680,2,0,NULL),(10412,2680,3,0,NULL),(10413,2680,4,0,NULL),(10414,2681,1,0,NULL),(10415,2681,2,0,NULL),(10416,2681,3,0,NULL),(10417,2681,4,0,NULL),(10418,2682,1,0,NULL),(10419,2682,2,0,NULL),(10420,2682,3,0,NULL),(10421,2682,4,0,NULL),(10422,2683,1,0,NULL),(10423,2683,2,0,NULL),(10424,2683,3,0,NULL),(10425,2683,4,0,NULL),(10426,2684,1,0,NULL),(10427,2684,2,0,NULL),(10428,2684,3,0,NULL),(10429,2684,4,0,NULL),(10430,2685,1,0,NULL),(10431,2685,2,0,NULL),(10432,2685,3,0,NULL),(10433,2685,4,0,NULL),(10434,2686,1,0,NULL),(10435,2686,2,0,NULL),(10436,2686,3,0,NULL),(10437,2686,4,0,NULL),(10438,2687,1,0,NULL),(10439,2687,2,0,NULL),(10440,2687,3,0,NULL),(10441,2687,4,0,NULL),(10442,2688,1,0,NULL),(10443,2688,2,0,NULL),(10444,2688,3,0,NULL),(10445,2688,4,0,NULL),(10446,2689,1,0,NULL),(10447,2689,2,0,NULL),(10448,2689,3,0,NULL),(10449,2689,4,0,NULL),(10450,2690,1,0,NULL),(10451,2690,2,0,NULL),(10452,2690,3,0,NULL),(10453,2690,4,0,NULL),(10454,2691,1,0,NULL),(10455,2691,2,0,NULL),(10456,2691,3,0,NULL),(10457,2691,4,0,NULL),(10458,2692,1,0,NULL),(10459,2692,2,0,NULL),(10460,2692,3,0,NULL),(10461,2692,4,0,NULL),(10462,2693,1,0,NULL),(10463,2693,2,0,NULL),(10464,2693,3,0,NULL),(10465,2693,4,0,NULL),(10466,2694,1,0,NULL),(10467,2694,2,0,NULL),(10468,2694,3,0,NULL),(10469,2694,4,0,NULL),(10470,2695,1,0,NULL),(10471,2695,2,0,NULL),(10472,2695,3,0,NULL),(10473,2695,4,0,NULL),(10474,2696,1,0,NULL),(10475,2696,2,0,NULL),(10476,2696,3,0,NULL),(10477,2696,4,0,NULL),(10478,2697,1,0,NULL),(10479,2697,2,0,NULL),(10480,2697,3,0,NULL),(10481,2697,4,0,NULL),(10482,2698,1,0,NULL),(10483,2698,2,0,NULL),(10484,2698,3,0,NULL),(10485,2698,4,0,NULL),(10486,2699,1,0,NULL),(10487,2699,2,0,NULL),(10488,2699,3,0,NULL),(10489,2699,4,0,NULL),(10490,2700,1,0,NULL),(10491,2700,2,0,NULL),(10492,2700,3,0,NULL),(10493,2700,4,0,NULL),(10494,2701,1,0,NULL),(10495,2701,2,0,NULL),(10496,2701,3,0,NULL),(10497,2701,4,0,NULL),(10498,2702,1,0,NULL),(10499,2702,2,0,NULL),(10500,2702,3,0,NULL),(10501,2702,4,0,NULL),(10502,2703,1,0,NULL),(10503,2703,2,0,NULL),(10504,2703,3,0,NULL),(10505,2703,4,0,NULL),(10506,2704,1,0,NULL),(10507,2704,2,0,NULL),(10508,2704,3,0,NULL),(10509,2704,4,0,NULL),(10510,2705,1,0,NULL),(10511,2705,2,0,NULL),(10512,2705,3,0,NULL),(10513,2705,4,0,NULL),(10514,2706,1,0,NULL),(10515,2706,2,0,NULL),(10516,2706,3,0,NULL),(10517,2706,4,0,NULL),(10518,2707,1,0,NULL),(10519,2707,2,0,NULL),(10520,2707,3,0,NULL),(10521,2707,4,0,NULL),(10522,2708,1,0,NULL),(10523,2708,2,0,NULL),(10524,2708,3,0,NULL),(10525,2708,4,0,NULL),(10526,2709,1,0,NULL),(10527,2709,2,0,NULL),(10528,2709,3,0,NULL),(10529,2709,4,0,NULL),(10530,2710,1,0,NULL),(10531,2710,2,0,NULL),(10532,2710,3,0,NULL),(10533,2710,4,0,NULL),(10534,2711,1,0,NULL),(10535,2711,2,0,NULL),(10536,2711,3,0,NULL),(10537,2711,4,0,NULL),(10538,2712,1,0,NULL),(10539,2712,2,0,NULL),(10540,2712,3,0,NULL),(10541,2712,4,0,NULL),(10542,2713,1,0,NULL),(10543,2713,2,0,NULL),(10544,2713,3,0,NULL),(10545,2713,4,0,NULL),(10546,2714,1,0,NULL),(10547,2714,2,0,NULL),(10548,2714,3,0,NULL),(10549,2714,4,0,NULL),(10550,2715,1,0,NULL),(10551,2715,2,0,NULL),(10552,2715,3,0,NULL),(10553,2715,4,0,NULL),(10554,2716,1,0,NULL),(10555,2716,2,0,NULL),(10556,2716,3,0,NULL),(10557,2716,4,0,NULL),(10558,2717,1,0,NULL),(10559,2717,2,0,NULL),(10560,2717,3,0,NULL),(10561,2717,4,0,NULL),(10562,2718,1,0,NULL),(10563,2718,2,0,NULL),(10564,2718,3,0,NULL),(10565,2718,4,0,NULL),(10566,2719,1,0,NULL),(10567,2719,2,0,NULL),(10568,2719,3,0,NULL),(10569,2719,4,0,NULL),(10570,2720,1,0,NULL),(10571,2720,2,0,NULL),(10572,2720,3,0,NULL),(10573,2720,4,0,NULL),(10574,2721,1,0,NULL),(10575,2721,2,0,NULL),(10576,2721,3,0,NULL),(10577,2721,4,0,NULL),(10578,2722,1,0,NULL),(10579,2722,2,0,NULL),(10580,2722,3,0,NULL),(10581,2722,4,0,NULL),(10582,2723,1,0,NULL),(10583,2723,2,0,NULL),(10584,2723,3,0,NULL),(10585,2723,4,0,NULL),(10586,2724,1,0,NULL),(10587,2724,2,0,NULL),(10588,2724,3,0,NULL),(10589,2724,4,0,NULL),(10590,2725,1,0,NULL),(10591,2725,2,0,NULL),(10592,2725,3,0,NULL),(10593,2725,4,0,NULL),(10594,2726,1,0,NULL),(10595,2726,2,0,NULL),(10596,2726,3,0,NULL),(10597,2726,4,0,NULL),(10598,2727,1,0,NULL),(10599,2727,2,0,NULL),(10600,2727,3,0,NULL),(10601,2727,4,0,NULL),(10602,2728,1,0,NULL),(10603,2728,2,0,NULL),(10604,2728,3,0,NULL),(10605,2728,4,0,NULL);
/*!40000 ALTER TABLE `kinerja_triwulan` ENABLE KEYS */;
UNLOCK TABLES;

--
-- Table structure for table `kompositor`
--

DROP TABLE IF EXISTS `kompositor`;
/*!40101 SET @saved_cs_client     = @@character_set_client */;
/*!50503 SET character_set_client = utf8mb4 */;
CREATE TABLE `kompositor` (
  `id` int NOT NULL AUTO_INCREMENT,
  `nama_kompositor` text CHARACTER SET utf8mb3 COLLATE utf8mb3_general_ci,
  `satuan` varchar(50) CHARACTER SET utf8mb3 COLLATE utf8mb3_general_ci DEFAULT NULL,
  `indeks_id` int DEFAULT NULL,
  `jenis_kompositor_id` int DEFAULT NULL,
  `sumber_kompositor_id` int DEFAULT NULL,
  PRIMARY KEY (`id`) USING BTREE,
  KEY `IXFK_kompositor_indeks` (`indeks_id`) USING BTREE,
  KEY `IXFK_kompositor_jenis_kompositor` (`jenis_kompositor_id`) USING BTREE,
  KEY `IXFK_kompositor_sumber_kompositor` (`sumber_kompositor_id`) USING BTREE,
  CONSTRAINT `FK_kompositor_indeks` FOREIGN KEY (`indeks_id`) REFERENCES `indeks` (`id`),
  CONSTRAINT `FK_kompositor_jenis_kompositor` FOREIGN KEY (`jenis_kompositor_id`) REFERENCES `jenis_kompositor` (`id`)
) ENGINE=InnoDB AUTO_INCREMENT=802 DEFAULT CHARSET=utf8mb3 ROW_FORMAT=DYNAMIC;
/*!40101 SET character_set_client = @saved_cs_client */;

--
-- Dumping data for table `kompositor`
--

LOCK TABLES `kompositor` WRITE;
/*!40000 ALTER TABLE `kompositor` DISABLE KEYS */;
INSERT INTO `kompositor` VALUES (1,'Indeks Ketersediaan Migas','Indeks',1,2,1),(2,'Indeks Ketersediaan Hulu Migas','Indeks',2,2,1),(3,'Indeks Ketersediaan BBM','Indeks',2,2,1),(4,'Realisasi Produksi BBM','BBL',4,1,1),(5,'Kuota Impor BBM','BBL',4,1,1),(6,'Kuota Ekspor BBM','BBL',4,1,1),(7,'Realisasi Impor BBM','BBL',4,1,1),(8,'Realisasi Ekspor BBM','BBL',4,1,1),(9,'Indeks Ketersediaan LPG','Indeks',2,2,1),(10,'Realisasi Produksi LPG','MT',5,1,1),(11,'Kuota Impor LPG','MT',5,1,1),(12,'Kuota Ekspor LPG','MT',5,1,1),(13,'Realisasi Impor LPG','MT',5,1,1),(14,'Realisasi Ekspor LPG','MT',5,1,1),(15,'Indeks Ketersediaan LNG','Indeks',2,2,1),(16,'Realisasi Produksi LNG','MMBTU',6,2,1),(17,'Parameter Realisasi Produksi LNG','Float',7,3,1),(18,'Realisasi Produksi LNG','TON',7,1,1),(19,'Realisasi LNG Domestik MMBTU','MMBTU',6,2,1),(20,'Realisasi LNG Domestik TON','TON',10,4,3),(21,'Realisasi LNG Domestik MMBTU','BBTUD',9,1,1),(22,'Parameter TW I Realisasi LNG Domestik','Integer',9,3,1),(23,'Parameter TW II Realisasi LNG Domestik','Integer',9,3,1),(24,'Parameter TW III Realisasi LNG Domestik','Integer',9,3,1),(25,'Parameter TW IV Realisasi LNG Domestik','Integer',9,3,1),(26,'Realisasi LNG Domestik TON','TON',6,2,1),(27,'Realisasi Produksi LNG','MMBTU',6,4,3),(28,'Parameter 1000 Realisasi LNG Domestik','Integer',9,3,1),(30,'Parameter 0.46 Realisasi LNG Domestik','Float',10,3,1),(31,'Parameter 0.047 Realisasi LNG Domestik','Float',10,3,1),(32,'Realisasi Ekspor LNG','MMBTU',6,2,1),(33,'Realisasi Ekspor LNG Skema Hulu','MMBTU',6,1,1),(34,'Realisasi Ekspor Hasil Pengolahan (Kilang LNG Hilir)','MMBTU',6,2,1),(35,'Realisasi Ekspor Hasil Pengolahan (Kilang LNG Hilir)','m3',12,1,1),(36,'Parameter 23.37 Realisasi Ekspor Hasil Pengolahan (Kilang LNG Hilir)','Float',12,3,1),(37,'Realisasi Ekspor LNG Skema Hilir','m3',6,1,1),(38,'Realisasi Ekspor LNG Skema Hulu','MMBTU',11,4,3),(39,'Realisasi Ekspor Hasil Pengolahan (Kilang LNG Hilir)','MMBTU',11,4,3),(40,'Indeks Ketersediaan Hulu Minyak','Indeks',3,2,1),(41,'Indeks Ketersediaan Hulu Gas','Indeks',3,2,1),(42,'Realisasi Produksi/Lifting Gas Bumi MMSCF','MMSCF',14,2,1),(43,'Realisasi Produksi/Lifting Gas Bumi','MMSCFD',15,1,1),(44,'Parameter TW I','Float',15,3,1),(45,'Parameter TW II','Float',15,3,1),(46,'Parameter TW III','Float',15,3,1),(47,'Parameter TW IV','Float',15,3,1),(48,'Realisasi Produksi/Lifting Gas Bumi BBTU','BBTU',14,2,1),(49,'Realisasi Produksi/Lifting Gas Bumi MMSCF','MMSCF',16,4,3),(50,'Parameter 1027 Realisasi Produksi/Lifting Gas Bumi BBTU','Float',16,3,1),(51,'Realisasi Alokasi Gas Dom','BBTU',14,2,1),(52,'Realisasi Alokasi Gas Dom','BBTUD',17,1,1),(53,'Parameter TW I','Float',17,3,4),(54,'Parameter TW II','Float',17,3,4),(55,'Parameter TW III','Float',17,3,4),(56,'Parameter TW IV','Float',17,3,4),(57,'Realisasi Produksi/Lifting Gas Bumi (TW-1)','MMSCFD',15,4,3),(58,'Realisasi Alokasi Gas Dom (TW-1)','BBTUD',17,4,3),(59,'Realisasi Produksi/Lifting Minyak','BBL',13,1,1),(60,'Realisasi Impor Minyak Mentah','BBL',13,1,1),(61,'Realisasi Ekspor Minyak Mentah','BBL',13,1,1),(62,'Kebutuhan Kilang Minyak','BBL',13,1,1),(63,'Indeks Ketersediaan Hulu Migas','Indeks',2,2,2),(83,'Produksi Minyak dan Gas Bumi','MBOEPD',3,2,1),(84,'Produksi Minyak Bumi','MBOEPD',20,2,1),(85,'Realisasi Produksi/Lifting Minyak','BBL',21,1,1),(86,'Parameter TW1 90000','integer',21,3,1),(87,'Paramater TW2 181000','integer',21,3,1),(88,'Parameter TW3 273000','integer',21,3,1),(89,'Parameter TW4 365000','integer',21,3,1),(90,'Produksi Gas Bumi','MBOEPD',20,2,1),(91,'Realisasi Produksi/Lifting Gas Bumi','MMSCFD',22,1,1),(92,'Parameter 5658','float',22,3,1),(95,'Deviasi Kuantitas Ekspor Minyak Mentah dari kuantitas yang Direkomendasikan','%',3,2,1),(99,'Deviasi Kuantitas Ekspor Minyak Mentah dari kuantitas yang Direkomendasikan','%',3,2,2),(100,'Deviasi Kuantitas Ekspor LNG skema hulu dari kuantitas yang direkomendasikan','%',3,2,1),(101,'Realisasi Deviasi','%',25,2,1),(102,'Kuota per surat rekomendasi (MMBTU)','Float',26,1,1),(103,'Selisih realisasi dan kuota (MMBTU)','Float',26,1,1),(104,'Deviasi Kuantitas Ekspor LNG skema hulu dari kuantitas yang direkomendasikan','%',3,2,2),(106,'Persentase Pemanfaatan Gas Bumi Domestik','%',2,2,1),(107,'R/P gas bumi','%',27,1,1),(109,'Persentase Pemanfaatan Gas Bumi Melalui Pipa Domestik','%',27,2,1),(110,'Cadangan Minyak Bumi','%',28,1,1),(111,'Persentase Pemanfaatan LNG Domestik','%',27,2,1),(112,'Cadangan Gas Bumi','%',29,1,1),(113,'Produksi BBM dan Hasil Olahan','BOPD',4,2,1),(114,'Realisasi Produksi BBM','BBL',30,1,1),(115,'Realisasi Produksi Hasil Olahan','BBL',30,1,1),(116,'Parameter 90','Integer',30,3,1),(117,'Produksi BBM dan Hasil Olahan','BOPD',4,2,2),(118,'Deviasi Kuantitas Impor Minyak Mentah untuk Feedstock Kilang dari Kuantitas yang Direkomendasikan','%',4,2,1),(119,'Selisih realisasi dan kuota (bbl)','float',31,2,1),(120,'Kuota Impor Minyak Mentah','float',32,1,1),(121,'Realisasi Impor Minyak Mentah','float',32,1,1),(122,'Kuota Impor Minyak Mentah','float',31,4,3),(123,'Deviasi Kuantitas Impor BBM dari Kuantitas yang Direkomendasikan','%',4,2,1),(124,'selisih realisasi dan kuota (bbl)','Float',35,2,1),(125,'Rekomendasi Impor BBM','Float',34,1,1),(126,'Realisasi Impor BBM','Float',34,1,1),(127,'Realisasi Deviasi','Float',33,2,1),(128,'Deviasi Kuantitas Impor BBM dari Kuantitas yang Direkomendasikan','%',33,2,2),(129,'Deviasi Kuantitas Ekspor BBM dari Kuantitas yang Direkomendasikan','%',4,2,1),(130,'Realisasi Deviasi (%)','Float',36,2,1),(131,'selisih realisasi dan kuota (bbl)','Float',37,2,1),(132,'Rekomendasi Impor BBM','Float',38,1,1),(133,'Realisasi Impor BBM','Float',38,1,1),(134,'Deviasi Kuantitas Ekspor BBM dari Kuantitas yang Direkomendasikan','%',4,2,2),(135,'Deviasi Realisasi Pencampuran BBN Jenis Biodiesel terhadap Target Mandatory Pencampuran BBN jenis Biodiesel','%',4,2,1),(136,'Realisasi Deviasi (%)','Float',39,2,1),(137,'selisih realisasi dan kuota (%)','Float',40,2,1),(138,'Target Mandatory pencampuran BBN jenis Biodiesel','Float',41,1,1),(139,'Realisasi Pencampuran BBN Jenis Biodiesel','Float',41,1,1),(140,'Deviasi Realisasi Pencampuran BBN Jenis Biodiesel terhadap Target Mandatory Pencampuran BBN jenis Biodiesel','%',4,2,2),(144,'Deviasi kuantitas Impor LPG dari kuantitas yang direkomendasikan','%',5,2,1),(145,'Realisasi Deviasi (%)','Float',42,2,1),(146,'selisih realisasi dan kuota (MT)','Float',43,2,1),(147,'Kuota Impor LPG','Float',44,1,1),(148,'Realisasi Impor LPG','Float',44,1,1),(149,'Deviasi kuantitas Impor LPG dari kuantitas yang direkomendasikan','%',5,2,2),(150,'Deviasi kuantitas ekspor LPG dari kuantitas yang direkomendasikan','%',5,2,1),(151,'Realisasi Deviasi (%)','Float',45,2,1),(152,'selisih realisasi dan kuota (MT)','Float',46,2,1),(153,'Realisasi LNG Domestik','Float',47,1,1),(154,'Realisasi LPG Bersubsidi','Float',47,1,1),(155,'Deviasi kuantitas ekspor LPG dari kuantitas yang direkomendasikan','%',5,2,2),(156,'Deviasi Kuantitas Ekspor Hasil Pengolahan yang Direkomendasikan','%',6,2,1),(157,'Realisasi Deviasi (%)','Float',48,2,1),(158,'selisih realisasi dan kuota (m3)','Float',49,2,1),(159,'kuota per surat rekomendasi (m3)','Float',50,1,1),(160,'realisasi per TW (m3)','Float',50,1,1),(161,'Deviasi Kuantitas Ekspor Hasil Pengolahan yang Direkomendasikan','%',6,2,2),(162,'Deviasi Kuantitas Ekspor LNG Skema Hilir (Trading) dari Kuantitas yang Direkomendasikan','%',6,2,1),(163,'Realisasi Deviasi (%)','Float',51,2,1),(164,'selisih realisasi dan kuota (bbl)','Float',52,2,1),(165,'Rekomendasi  Ekspor LNG Skema Hilir','Float',53,1,1),(166,'Realisasi Ekspor LNG Skema Hilir','Float',53,1,1),(167,'Deviasi Kuantitas Ekspor LNG Skema Hilir (Trading) dari Kuantitas yang Direkomendasikan','%',6,2,2),(168,'Jumlah Sumber Daya Migas Pada Masa Eksplorasi','float',3,2,1),(170,'Jumlah Sumber Daya Migas Pada Masa Eksplorasi','float',54,1,1),(171,'Jumlah Cadangan Minyak Bumi','float',3,2,1),(172,'Cadangan Minyak Bumi','float',55,1,1),(173,'Jumlah Cadangan Minyak Bumi','float',21,2,2),(174,'Jumlah Cadangan Gas Bumi','float',3,2,1),(175,'Cadangan Gas Bumi','float',56,1,1),(176,'Jumlah Cadangan Gas Bumi','float',22,2,2),(177,'Akurasi Formulasi Harga Migas terhadap Harga yang Ditetapkan','float',1,2,1),(178,'Deviasi Penetapan Harga Minyak Mentah Indonesia (ICP)','float',57,2,1),(179,'Deviasi Penetapan Harga Minyak Mentah Indonesia (ICP)','float',58,1,1),(180,'Persentase Realisasi Usulan Penetapan Harga Minyak Mentah Indonesia (ICP) yang disetujui oleh Dirjen','float',58,2,1),(181,'Persentase Realisasi Usulan Penetapan Harga Minyak Mentah Indonesia (ICP) yang disetujui oleh Dirjen','float',59,2,1),(182,'Persentase Realisasi Usulan Penetapan Harga Minyak Mentah Indonesia (ICP) yang disetujui oleh Dirjen','float',60,2,2),(183,'Jumlah Usulan Penetapan ICP','float',60,1,1),(184,'Deviasi Harga Gas Skema Hulu (Gas Pipa,LNG, LPG dan Gas Suar)','%',57,2,1),(185,'Deviasi Harga Gas Skema Hulu (Gas Pipa,LNG, LPG dan Gas Suar)','Float',61,1,1),(186,'Persentase Realisasi Usulan Penetapan Harga Gas Skema Hulu yang Disetujui oleh Dirjen (Gas Pipa,LNG, LPG dan Gas Suar)','%',61,2,1),(189,'Persentase Realisasi Usulan Penetapan Harga Gas Skema Hulu yang Disetujui oleh Dirjen (Gas Pipa,LNG, LPG dan Gas Suar)','Float',62,1,1),(190,'Persentase Usulan Penetapan Harga Gas Hulu Melalui Pipa yang Disetujui oleh Dirjen','%',62,2,1),(191,'Persentase Usulan Penetapan Harga Gas Hulu Melalui Pipa yang Disetujui oleh Dirjen','Float',63,1,1),(192,'Persentase Usulan Penetapan Harga Gas Hulu Melalui Pipa yang Disetujui oleh Dirjen','%',63,2,2),(193,'Persentase Usulan Penetapan Harga LNG Skema Hulu yang Disetujui oleh Dirjen','Float',63,1,1),(194,'Persentase Rekomendasi Formulasi Harga Gas Kilang LPG dan Kilang Minyak yang Disetujui oleh Dirjen','%',63,2,1),(195,'Persentase Rekomendasi Formulasi Harga Gas Kilang LPG dan Kilang Minyak yang Disetujui oleh Dirjen','Float',64,1,1),(196,'Persentase Usulan Penetapan Harga Gas Suar Bakar yang Disetujui oleh Dirjen','%',64,2,1),(198,'Persentase Usulan Penetapan Harga Gas Suar Bakar yang Disetujui oleh Dirjen','Float',66,1,1),(199,'Deviasi Harga Jual Eceran BBM dan LPG','Float',57,2,1),(200,'Deviasi Harga Jual Eceran BBM dan LPG','Float',67,1,1),(201,'Persentase Realisasi Usulan Penetapan Harga Jual Eceran BBM dan LPG yang Disetujui oleh Dirjen','%',67,2,1),(202,'Persentase Realisasi Usulan Penetapan Harga Jual Eceran BBM dan LPG yang Disetujui oleh Dirjen','Float',68,1,1),(203,'Persentase Realisasi Usulan Penetapan Harga Jual Eceran BBM yang Disetujui oleh Dirjen','%',68,2,1),(204,'Persentase Realisasi Usulan Penetapan Harga Jual Eceran BBM yang Disetujui oleh Dirjen','Float',69,1,1),(205,'Persentase Realisasi Usulan Penetapan Harga Patokan LPG yang Disetujui oleh Dirjen','%',69,2,1),(206,'Persentase Realisasi Usulan Penetapan Harga Patokan LPG yang Disetujui oleh Dirjen','Float',70,1,1),(207,'Persentase Realisasi Usulan Harga Dasar BBM yang Disetujui oleh Dirjen','%',70,2,1),(208,'Deviasi Harga Gas Hilir','%',57,2,1),(209,'Deviasi Harga Gas Hilir','Float',72,1,1),(210,'Persentase Realisasi Usulan Penetapan Harga Gas Hilir yang Disetujui oleh Dirjen','%',72,2,1),(211,'Persentase Realisasi Usulan Penetapan Harga Gas Hilir yang Disetujui oleh Dirjen','Float',73,1,1),(212,'Persentase Realisasi Usulan Penetapan Harga Gas Hilir yang Disetujui oleh Dirjen','%',72,2,2),(213,'Indeks Aksesibilitas Migas','%',1,2,1),(214,'Penyediaan Paket Konversi Minyak Tanah ke LPG Tabung 3 Kg','%',74,2,1),(215,'Realisasi Penyediaan Paket Konversi Minyak Tanah ke LPG Tabung 3 Kg','Float',75,1,1),(216,'Penyediaan Konverter Kit BBM ke Bahan Bakar Gas untuk Nelayan','%',74,2,1),(217,'Persentase Kesesuaian Perencanaan Konversi Mitan ke LPG 3 kg terhadap Roadmap Konversi Minyak Tanah ke LPG','%',75,2,1),(218,'Target Paket Konversi Mitan ke LPG (sesuai Renja/PK Berjalan)','Float',77,1,1),(219,'Jumlah Paket Konversi Mitan ke LPG sesuai roadmap/target RPJMN/Renstra','Float',77,1,1),(220,'Persentase Realisasi Jumlah dan Kesesuaian Wilayah Penerima Paket Konversi Mitan ke LPG 3 KG','%',74,2,1),(221,'Persentase Kesesuaian Perencanaan Jumlah dan Wilayah Penerima Paket terhadap Roadmap Konversi Minyak Tanah ke LPG','Float',78,1,1),(222,'Indeks Aksesibilitas Migas','%',78,2,2),(223,'Realisasi Penyediaan Konverter Kit BBM ke Bahan Bakar Gas untuk Nelayan','Float',78,1,1),(224,'Persentase Realisasi Jumlah dan Kesesuaian Wilayah Penerima Konverter Kit BBM ke BBG terhadap Roadmap untuk Nelayan','%',76,2,1),(225,'Persentase Realisasi Jumlah dan Kesesuaian Wilayah Penerima Konverter Kit BBM ke BBG terhadap Roadmap untuk Nelayan','Float',79,1,1),(226,'Persentase Realisasi Jumlah dan Kesesuaian Wilayah Penerima Konverter Kit BBM ke BBG terhadap Roadmap untuk Nelayan','%',76,2,2),(227,'Penyediaan Konverter Kit BBM ke Bahan Bakar Gas untuk Petani','%',74,2,1),(228,'Realisasi Penyediaan Konverter Kit BBM ke Bahan Bakar Gas untuk Petani','Float',80,1,1),(229,'Persentase Kesesuaian Perencanaan Jumlah dan Kesesuaian Wilayah Penerima Paket Konkit BBM ke BBG terhadap Roadmap untuk Petani','%',80,2,1),(230,'Persentase Kesesuaian Perencanaan Jumlah dan Kesesuaian Wilayah Penerima Konkit BBM ke BBG terhadap Roadmap untuk Petani','Float',81,1,1),(231,'Persentase Kesesuaian Perencanaan Jumlah dan Kesesuaian Wilayah Penerima Paket Konkit BBM ke BBG terhadap Roadmap untuk Petani','%',76,2,2),(232,'Persentase Realisasi Jumlah dan Kesesuaian Wilayah Penerima Konverter Kit BBM ke BBG terhadap Roadmap untuk Petani','%',80,2,1),(233,'Persentase Realisasi Jumlah dan Kesesuaian Wilayah Penerima Konverter Kit BBM ke BBG terhadap Roadmap untuk Petani','Float',82,1,1),(234,'Persentase Realisasi Jumlah dan Kesesuaian Wilayah Penerima Konverter Kit BBM ke BBG terhadap Roadmap untuk Petani','%',80,2,2),(235,'Infrastruktur Jaringan Gas Bumi untuk Rumah Tangga (APBN)','%',74,2,1),(236,'Realisasi Pembangunan Infrastruktur Jaringan Gas Bumi untuk Rumah Tangga (APBN)','Float',83,1,1),(237,'Infrastruktur Jaringan Gas Bumi untuk Rumah Tangga (KPBU)','%',74,2,1),(238,'Realisasi Pembangunan Infrastruktur Jaringan Gas Bumi untuk Rumah Tangga (KPBU)','Float',84,1,1),(239,'Persentase Kesesuaian Dokumen FEED/DEDC, UKL/UPL terhadap Roadmap Jargas','%',84,2,1),(240,'Persentase Kesesuaian Dokumen FEED/DEDC, UKL/UPL terhadap Roadmap Jargas','Float',85,1,1),(241,'Persentase Kesesuaian Dokumen FEED/DEDC, UKL/UPL terhadap Roadmap Jargas','%',74,2,2),(242,'Persentase Pengadaan Jaringan Gas yang Berhasil terhadap Total Pengadaan Jaringan Gas yang Dilakukan','%',85,2,1),(243,'Persentase Pengadaan Jaringan Gas yang Berhasil terhadap Total Pengadaan Jaringan Gas yang Dilakukan','Float',86,1,1),(244,'Persentase Pengadaan Jaringan Gas yang Berhasil terhadap Total Pengadaan Jaringan Gas yang Dilakukan','%',74,2,2),(245,'Persentase Kesesuaian Jumlah dan Kualitas Jaringan Gas yang Dibangun terhadap Dokumen Pelengkap Pembangunan','%',84,2,1),(246,'Persentase Kesesuaian Jumlah dan Kualitas Jaringan Gas yang Dibangun terhadap Dokumen Pelengkap Pembangunan','Float',87,1,1),(247,'Jumlah Dokumen Kontrak, S-Curve dan Laporan Pengawasan','float',87,2,1),(248,'Jumlah Dokumen Kontrak, S-Curve dan Laporan Pengawasan','float',88,1,1),(249,'Persentase Utilisasi Jargas Rumah Tangga pada Tahun Berjalan','float',84,2,1),(250,'Persentase Utilisasi Jargas Rumah Tangga pada Tahun Berjalan','float',89,1,1),(251,'Persentase Utilisasi Jargas Rumah Tangga pada Tahun Berjalan','float',74,2,2),(252,'Persentase Realisasi Pembangunan Jargas Rumah Tangga terhadap Dokumen Pengadaan (Kontrak)','float',74,2,1),(253,'Persentase Realisasi Pembangunan Jargas Rumah Tangga terhadap Dokumen Pengadaan (Kontrak)','float',90,1,1),(254,'Jumlah Jaringan Gas yang Terbangun dan Siap Beroperasi berdasarkan BAST (APBN)','float',90,2,1),(255,'Jumlah Jaringan Gas yang Terbangun dan Siap Beroperasi berdasarkan BAST (APBN)','float',91,1,1),(256,'Fasilitasi Pembangunan Jargas Rumah Tangga menggunakan skema non-APBN','float',90,2,1),(257,'Fasilitasi Pembangunan Jargas Rumah Tangga menggunakan skema non-APBN','float',92,1,1),(258,'Studi Pendahuluan Pembangunan Jaringan Gas Bumi untuk Rumah Tangga melalui Skema KPBU','float',74,2,1),(259,'Studi Pendahuluan Pembangunan Jaringan Gas Bumi untuk Rumah Tangga melalui Skema KPBU','float',93,1,1),(260,'Studi Pendahuluan Pembangunan Jaringan Gas Bumi untuk Rumah Tangga melalui Skema KPBU','float',74,2,2),(261,'Studi Pendahuluan Pembangunan Jaringan Gas Bumi untuk Rumah Tangga melalui Skema KPBU','float',74,2,2),(262,'Indeks Fasilitas Niaga Migas','Indeks',74,2,1),(263,'Kapasitas Fasilitas Penyimpanan Niaga LPG','float',94,1,1),(264,'Kapasitas Fasilitas Penyimpanan Niaga LPG','float',94,2,1),(265,'Kapasitas Fasilitas Penyimpanan Niaga LPG','float',95,1,1),(266,'Kapasitas Fasilitas Penyimpanan Niaga LPG','float',94,2,2),(267,'Kapasitas Fasilitas Filling Station Niaga LPG','float',94,2,1),(268,'Kapasitas Fasilitas Filling Station Niaga LPG','float',96,1,1),(269,'Kapasitas Fasilitas Filling Station Niaga LPG','float',94,2,2),(270,'Kapasitas Fasilitas Filling Station Niaga LNG','MMSCFD',94,2,1),(271,'Kapasitas Fasilitas Filling Station Niaga LNG','MMSCFD',97,1,1),(272,'Kapasitas Fasilitas Filling Station Niaga LNG','MMSCFD',94,2,2),(273,'Kapasitas Fasilitas Mother Station Niaga CNG','MMSCFD',94,2,1),(274,'Kapasitas Fasilitas Mother Station Niaga CNG','float',98,1,1),(275,'Kapasitas Fasilitas Mother Station Niaga CNG','MMSCFD',94,2,2),(276,'Kapasitas Fasilitas Niaga Gas Bumi','float',94,2,1),(277,'Kapasitas Fasilitas Niaga Gas Bumi','float',99,1,1),(278,'Kapasitas Fasilitas Niaga Minyak Bumi, BBM dan Hasil Olahan','float',94,2,1),(279,'Kapasitas Fasilitas Niaga Minyak Bumi, BBM dan Hasil Olahan','float',100,1,1),(280,'Indeks Fasilitas Pengangkutan Migas','Indeks',74,2,1),(281,'Kapasitas Fasilitas Pengangkutan Minyak Bumi, BBM dan Hasil Olahan','float',101,1,1),(282,'Kapasitas Fasilitas Pengangkutan Minyak Bumi, BBM dan Hasil Olahan','float',101,2,1),(283,'Kapasitas Fasilitas Pengangkutan Minyak Bumi, BBM dan Hasil Olahan','float',102,1,1),(284,'Kapasitas Fasilitas Pengangkutan Minyak Bumi, BBM dan Hasil Olahan','float',101,2,2),(285,'Kapasitas Fasilitas Pengangkutan LPG','float',101,2,1),(286,'Kapasitas Fasilitas Pengangkutan LPG','float',103,1,1),(287,'Kapasitas Fasilitas Pengangkutan LPG','float',100,2,2),(288,'Kapasitas Fasilitas Pengangkutan LNG','float',101,2,1),(289,'Kapasitas Fasilitas Pengangkutan LNG','float',104,1,1),(290,'Kapasitas Fasilitas Pengangkutan LNG','float',101,2,2),(291,'Kapasitas Fasilitas Pengangkutan CNG','float',101,2,1),(292,'Kapasitas Fasilitas Pengangkutan CNG','float',105,1,1),(293,'Kapasitas Fasilitas Pengangkutan CNG','float',101,2,2),(294,'Kapasitas Fasilitas Pengangkutan Gas Bumi melalui Pipa','float',101,2,1),(295,'Kapasitas Fasilitas Pengangkutan Gas Bumi melalui Pipa','float',106,1,1),(296,'Kapasitas Fasilitas Pengangkutan Gas Bumi melalui Pipa','float',101,2,2),(297,'Indeks Fasilitas Pengolahan Migas','Indeks',2,2,1),(298,'Kapasitas Terpasang Kilang BBM/Produksi BBM','float',107,1,1),(299,'Kapasitas Terpasang Kilang BBM','float',107,2,1),(300,'Kapasitas Terpasang Kilang BBM','float',108,1,1),(301,'Kapasitas Terpasang Kilang BBM','float',107,2,2),(302,'Kapasitas Terpasang Kilang LNG','float',107,2,1),(303,'Kapasitas Terpasang Kilang Gas Bumi LNG','float',109,1,1),(304,'Kapasitas Terpasang Kilang LNG','float',107,2,2),(305,'Kapasitas Terpasang Kilang LPG','float',107,2,1),(306,'Kapasitas Terpasang Kilang Gas Bumi LPG','float',110,1,1),(307,'Kapasitas Terpasang Kilang LPG','float',107,2,2),(308,'Fasilitasi Peningkatan Infrastruktur Kilang Minyak Bumi (Tahapan)','Indeks',2,2,1),(309,'Fasilitasi Peningkatan Infrastruktur Kilang Minyak Bumi','float',111,1,1),(311,'Fasilitasi Peningkatan Infrastruktur Kilang Minyak Bumi (Tahapan)','Indeks',111,2,2),(312,'Indeks Fasilitas Penyimpanan Migas','Indeks',2,2,1),(313,'Kapasitas Fasilitas Pengangkutan Gas Bumi melalui Pipa','float',113,1,1),(314,'Kapasitas Fasilitas Penyimpanan Minyak Bumi, BBM dan Hasil Olahan','float',113,2,1),(315,'Kapasitas Fasilitas Penyimpanan Minyak Bumi, BBM dan Hasil Olahan','float',114,1,1),(316,'Kapasitas Fasilitas Penyimpanan Minyak Bumi, BBM dan Hasil Olahan','float',114,2,2),(317,'Kapasitas Fasilitas Penyimpanan LNG','float',113,2,1),(318,'Kapasitas Fasilitas Penyimpanan LNG','float',115,1,1),(319,'Kapasitas Fasilitas Penyimpanan LNG','float',113,2,2),(320,'Kapasitas Fasilitas Penyimpanan LPG','Float',113,2,1),(321,'Kapasitas Fasilitas Penyimpanan LPG','Float',116,1,1),(322,'Kapasitas Fasilitas Penyimpanan LPG','Float',113,2,2),(323,'Kapasitas Fasilitas Penyimpanan CNG','Float',113,2,1),(324,'Kapasitas Fasilitas Penyimpanan CNG','Float',117,1,1),(325,'Kapasitas Fasilitas Penyimpanan CNG','Float',113,2,2),(326,'Persentase Tingkat Komponen Dalam Negeri (TKDN) pada Kegiatan Usaha Hulu Migas','%',1,2,1),(327,'Persentase Tingkat Komponen Dalam Negeri (TKDN) pada Kegiatan Usaha Hulu Migas','Float',118,1,1),(328,'Persentase Tingkat Komponen Dalam Negeri (TKDN) pada Kegiatan Usaha Hulu Migas','%',118,2,2),(329,'Persentase Persetujuan Pengendalian Rencana Impor Barang Operasi pada Kegiatan Usaha Hulu Migas','%',118,2,1),(330,'Persetujuan Barang Operasi Impor Subsektor Migas','Float',119,1,1),(331,'Pengajuan Barang Operasi Sub Sektor Migas (RKBI)','%',119,1,1),(332,'Persentase Persetujuan Pengendalian Rencana Impor Barang Operasi pada Kegiatan Usaha Hulu Migas','%',118,2,2),(333,'Persentase Rekomendasi Penggunaan Produk Dalam Negeri pada Kegiatan Usaha Hulu Migas','%',119,2,1),(334,'Jumlah perusahaan yang mampu memenuhi standar (bintang 3) kebutuhan barang operasi hulu migas','%',118,2,1),(335,'Jumlah perusahaan yang mampu memenuhi standar (bintang 3) kebutuhan barang operasi hulu migas','Float',121,1,1),(336,'Jumlah perusahaan yang mampu memenuhi standar (bintang 3) kebutuhan barang operasi hulu migas','%',118,2,2),(337,'Persentase BU Penunjang Jasa Migas yang telah diaudit dan memenuhi standar kemampuan migas terhadap jumlah perusahaan yang diaudit','%',118,2,1),(338,'Jumlah perusahaan yang mampu memenuhi standar (bintang 3) kebutuhan jasa penunjang migas','Float',122,1,1),(339,'Jumlah Perusahaan Penunjang Jasa Migas yang diaudit pada Tahun Anggaran Berjalan','Float',122,1,1),(340,'Jumlah Penandasahan Hasil Verifikasi TKDN pada Kontrak Pengadaan KKKS','Float',122,2,1),(341,'Jumlah Penandasahan Hasil Verifikasi TKDN pada Kontrak Pengadaan KKKS','Float',123,1,1),(342,'Jumlah Penandasahan Hasil Verifikasi TKDN pada Kontrak Pengadaan KKKS','Float',118,2,2),(343,'Persentase Realisasi Investasi Sub Sektor Migas','%',1,2,1),(344,'Persentase Realisasi Investasi subsektor Migas','%',124,2,1),(345,'Jumlah Kerjasama Dalam Negeri, Bilateral, Multilateral, Regional dan Perdagangan Internasional Migas','%',124,2,1),(346,'Jumlah Kerjasama Dalam Negeri, Bilateral, Multilateral, Regional dan Perdagangan Internasional Migas','Float',126,1,1),(347,'Jumlah Tindak Lanjut  Kesepahaman/Perjanjian Kerjasama Multilateral, Regional, dan Perdagangan Internasional terkait Pengelolaan Migas','Float',126,2,1),(348,'Jumlah Tindak Lanjut  Kesepahaman/Perjanjian Kerjasama Multilateral, Regional, dan Perdagangan Internasional terkait Pengelolaan Migas','Float',127,1,1),(349,'Jumlah Tindak Lanjut Kesepahaman/Perjanjian Kerjasama Bilateral dan Dalam Negeri terkait Pengelolaan Migas','Float',127,2,1),(350,'Jumlah Tindak Lanjut Kesepahaman/Perjanjian Kerjasama Bilateral dan Dalam Negeri terkait Pengelolaan Migas','Float',128,1,1),(351,'Jumlah Program Pengembangan Lingkungan dan Masyarakat yang Di Implementasikan','Float',128,2,1),(352,'Jumlah Program Pengembangan Lingkungan dan Masyarakat yang Di Implementasikan','Float',129,1,1),(353,'Persentase Realisasi PNBP Subsektor Migas dan PNBP BLU Pengujian   Migas','%',1,2,1),(354,'Persentase Realisasi Penerimaan Negara Migas','%',130,2,1),(355,'Jumlah perusahaan yang mampu memenuhi standar (bintang 3) kebutuhan jasa penunjang migas','Float',124,2,1),(356,'Persentase Realisasi PNBP Migas','%',131,2,1),(357,'Realisasi PNBP Fungsional Ditjen Migas','Float',133,1,1),(358,'Prognosa PNBP Fungsional Ditjen Migas','Float',133,1,1),(359,'Realisasi PNBP SDA Migas','Float',133,1,1),(360,'Prognosa PNBP SDA Migas','Float',133,1,1),(361,'Persentase Realisasi PNBP Fungsional Ditjen Migas','%',130,2,1),(362,'Realisasi PNBP Fungsional Ditjen Migas','Float',134,1,1),(363,'Prognosa PNBP Fungsional Ditjen Migas','Float',134,1,1),(364,'Persentase Realisasi PNBP SDA Migas','%',131,2,1),(365,'Realisasi PNBP SDA Migas','Float',135,1,1),(366,'Prognosa PNBP SDA Migas','Float',135,1,1),(367,'Persentase Realisasi Penerimaan Negara Migas','%',131,2,1),(368,'Realisasi Penerimaan Negara Migas','Float',136,1,1),(369,'Prognosa Penerimaan Negara Migas (sesuai PK)','Float',136,1,1),(370,'Persentase Realisasi Lifting Migas','%',136,2,1),(371,'Realisasi Lifting Minyak Bumi','Float',137,1,1),(372,'Realisasi Lifting Gas Bumi','Float',137,1,1),(373,'Persentase Ketepatan Perencanaan Penetapan Dasar Perhitungan (lifting) Per Daerah Penghasil','Float',137,2,1),(374,'Realisasi Daerah Penghasil Lifting Migas','%',138,1,1),(375,'Progonosa Penetapan Daerah Penghasil Lifting Migas (sesuai PK)','%',138,1,1),(376,'Prognosa Lifting Minyak Bumi','MBOPD',134,1,1),(377,'Prognosa Lifting Gas Bumi','Float',135,1,1),(378,'Indeks Kepuasan Layanan Subsektor Migas','Indeks',1,2,1),(379,'Indeks Kepuasan Layanan Hulu Migas','Float',139,2,1),(380,'Indeks Kepuasan Layanan Subdit Pengembangan WK Migas Konvensional','Float',140,2,1),(381,'Indeks Kepuasan Layanan Subdit Pengembangan WK Migas Konvensional','Float',141,1,1),(382,'Indeks Kepuasan Layanan Subdit Pengembangan WK Migas Non Konvensional','Float',140,2,1),(383,'Indeks Kepuasan Layanan Subdit Pengembangan WK Migas Non Konvensional','Float',142,1,1),(384,'Indeks Kepuasan Layanan Subdit Pengawasan Eksplorasi Migas','Float',140,2,1),(385,'Indeks Kepuasan Layanan Subdit Pengawasan Eksplorasi Migas','Float',143,1,1),(386,'Indeks Kepuasan Layanan Subdit Penilaian Pengembangan Usaha Hulu Migas','Float',140,2,1),(387,'Indeks Kepuasan Layanan Subdit Penilaian Pengembangan Usaha Hulu Migas','Float',144,1,1),(388,'Indeks Kepuasan Layanan Subdit Pengawasan Eksploitasi Migas','Float',140,2,1),(389,'Indeks Kepuasan Layanan Subdit Pengawasan Eksploitasi Migas','Float',145,1,1),(390,'Indeks Kepuasan Layanan Hilir Migas','Float',139,2,1),(391,'Indeks Kepuasan Layanan Subdit Pengolahan Migas','Float',146,2,1),(392,'Indeks Kepuasan Layanan Subdit Pengolahan Migas','Float',147,1,1),(393,'Indeks Kepuasan Layanan Subdit Pengangkutan Migas','Float',146,2,1),(394,'Indeks Kepuasan Layanan Subdit Pengangkutan Migas','Float',148,1,1),(395,'Indeks Kepuasan Layanan Subdit Harga dan Subsidi Bahan Bakar','Float',146,2,1),(396,'Indeks Kepuasan Layanan Subdit Harga dan Subsidi Bahan Bakar','Float',149,1,1),(397,'Indeks Kepuasan Layanan Subdit Niaga Migas','Float',146,2,1),(398,'Indeks Kepuasan Layanan Subdit Niaga Migas','Float',150,1,1),(399,'Indeks Kepuasan Layanan Subdit Penyimpanan Migas','Float',146,2,1),(400,'Indeks Kepuasan Layanan Subdit Penyimpanan Migas','Float',151,1,1),(401,'Indeks Kepuasan Layanan Keselamatan Migas','Float',139,2,1),(402,'Indeks Kepuasan Layanan Hulu Migas','Float',139,2,2),(403,'Indeks Kepuasan Layanan Hilir Migas','Float',139,2,2),(404,'Indeks Kepuasan Layanan Subdit Standardisasi Migas','Float',152,2,1),(405,'Indeks Kepuasan Layanan Subdit Standardisasi Migas','Float',153,1,1),(406,'Indeks Kepuasan Layanan Subdit Keteknikan dan Keselamatan Lingkungan Migas','Float',152,2,1),(407,'Indeks Kepuasan Layanan Subdit Keteknikan dan Keselamatan Lingkungan Migas','Float',154,1,1),(408,'Indeks Kepuasan Layanan Subdit Keselamatan Hulu Migas','Float',152,2,1),(409,'Indeks Kepuasan Layanan Subdit Keselamatan Hulu Migas','Float',155,1,1),(410,'Indeks Kepuasan Layanan Subdit Usaha Penunjang Migas','Float',152,2,1),(413,'Indeks Kepuasan Layanan Subdit Usaha Penunjang Migas','Float',158,1,1),(414,'Indeks Kepuasan Layanan Subdit Keselamatan Hilir Migas','Float',152,2,1),(415,'Indeks Kepuasan Layanan Subdit Keselamatan Hilir Migas','Float',159,1,1),(416,'Indeks Kepuasan Layanan Program Migas','Float',139,2,1),(417,'Indeks Kepuasan Layanan Subdit Pemberdayaan Potensi Dalam Negeri Migas','Float',160,2,1),(418,'Indeks Kepuasan Layanan Subdit Pemberdayaan Potensi Dalam Negeri Migas','Float',161,1,1),(419,'Indeks Kepuasan Layanan Subdit Pengembangan Investasi Migas','Float',160,2,1),(420,'Indeks Kepuasan Layanan Subdit Pengembangan Investasi Migas','Float',162,1,1),(421,'Indeks Kepuasan Layanan Informasi Migas','Float',139,2,1),(422,'Indeks Kepuasan Layanan Bagian Rencana dan Laporan','Float',163,2,1),(423,'Indeks Kepuasan Layanan Bagian Rencana dan Laporan','Float',164,1,1),(424,'Indeks Kepuasan Layanan Bagian Hukum','Float',163,2,1),(425,'Indeks Kepuasan Layanan Bagian Hukum','Float',165,1,1),(426,'Indeks Efektivitas Pembinaan dan Pengawasan Subsektor Migas','Indeks',1,2,1),(427,'Indeks Efektivitas Pembinaan dan Pengawasan Hulu Migas','Float',166,2,1),(428,'Nilai Indikator Efektivitas Pembinaan dan Pengawasan Subdit Pengembangan WK Migas Konvensional','Float',167,2,1),(429,'Nilai Indikator Efektivitas Pembinaan dan Pengawasan Subdit Pengembangan WK Migas Konvensional','Float',168,1,1),(430,'Nilai Indikator Efektivitas Pembinaan dan Pengawasan Subdit Pengembangan WK Migas Non Konvensional','Float',167,2,1),(431,'Nilai Indikator Efektivitas Pembinaan dan Pengawasan Subdit Pengembangan WK Migas Non Konvensional','Float',169,1,1),(432,'Nilai Indikator Efektivitas Pembinaan dan Pengawasan Subdit Pengawasan Eksplorasi Migas','Float',167,2,1),(433,'Nilai Indikator Efektivitas Pembinaan dan Pengawasan Subdit Pengawasan Eksplorasi Migas','Float',170,1,1),(434,'Nilai Indikator Efektivitas Pembinaan dan Pengawasan Subdit Penilaian Pengembangan Usaha Hulu Migas','Float',167,2,1),(435,'Nilai Indikator Efektivitas Pembinaan dan Pengawasan Subdit Penilaian Pengembangan Usaha Hulu Migas','Float',171,1,1),(436,'Nilai Indikator Efektivitas Pembinaan dan Pengawasan Subdit Pengawasan Eksploitasi Migas','Float',167,2,1),(437,'Nilai Indikator Efektivitas Pembinaan dan Pengawasan Subdit Pengawasan Eksploitasi Migas','Float',172,1,1),(438,'Indeks Efektivitas Pembinaan dan Pengawasan Hilir Migas','Float',166,2,1),(439,'Nilai Indikator Efektivitas Pembinaan dan Pengawasan Subdit Pengolahan Migas','Float',173,2,1),(440,'Nilai Indikator Efektivitas Pembinaan dan Pengawasan Subdit Pengolahan Migas','Float',174,1,1),(441,'Nilai Indikator Efektivitas Pembinaan dan Pengawasan Subdit Pengangkutan Migas','Float',173,2,1),(442,'Nilai Indikator Efektivitas Pembinaan dan Pengawasan Subdit Pengangkutan Migas','Float',175,1,1),(443,'Nilai Indikator Efektivitas Pembinaan dan Pengawasan Subdit Harga dan Subsidi Bahan Bakar','Float',173,2,1),(444,'Nilai Indikator Efektivitas Pembinaan dan Pengawasan Subdit Harga dan Subsidi Bahan Bakar','Float',176,1,1),(445,'Nilai Indikator Efektivitas Pembinaan dan Pengawasan Subdit Niaga Migas','Float',173,2,1),(446,'Nilai Indikator Efektivitas Pembinaan dan Pengawasan Subdit Niaga Migas','Float',177,1,1),(447,'Nilai Indikator Efektivitas Pembinaan dan Pengawasan Subdit Penyimpanan Migas','Float',173,2,1),(448,'Nilai Indikator Efektivitas Pembinaan dan Pengawasan Subdit Penyimpanan Migas','Float',178,1,1),(449,'Indeks Efektivitas Pembinaan dan Pengawasan Direktorat Teknik dan Lingkungan Migas','Float',166,2,1),(450,'Nilai Indikator Efektivitas Pembinaan dan Pengawasan Subdit Standardisasi Migas','Float',179,2,1),(451,'Nilai Indikator Efektivitas Pembinaan dan Pengawasan Subdit Standardisasi Migas','Float',180,1,1),(452,'Nilai Indikator Efektivitas Pembinaan dan Pengawasan Subdit Keteknikan dan Keselamatan Lingkungan Migas','Float',179,2,1),(453,'Nilai Indikator Efektivitas Pembinaan dan Pengawasan Subdit Keteknikan dan Keselamatan Lingkungan Migas','Float',181,1,1),(454,'Nilai Indikator Efektivitas Pembinaan dan Pengawasan Subdit Keselamatan Hulu Migas','Float',179,2,1),(455,'Nilai Indikator Efektivitas Pembinaan dan Pengawasan Subdit Keselamatan Hulu Migas','Float',182,1,1),(456,'Nilai Indikator Efektivitas Pembinaan dan Pengawasan Subdit Usaha Penunjang Migas','Float',179,2,1),(457,'Nilai Indikator Efektivitas Pembinaan dan Pengawasan Subdit Usaha Penunjang Migas','Float',183,1,1),(458,'Nilai Indikator Efektivitas Pembinaan dan Pengawasan Subdit Keselamatan Hilir Migas','Float',179,2,1),(459,'Nilai Indikator Efektivitas Pembinaan dan Pengawasan Subdit Keselamatan Hilir Migas','Float',184,1,1),(460,'Indeks Efektivitas Pembinaan dan Pengawasan Program Migas','Float',166,2,1),(461,'Nilai Indikator Efektivitas Pembinaan dan Pengawasan Subdit Pemberdayaan Potensi Dalam Negeri Migas','Float',185,2,1),(462,'Nilai Indikator Efektivitas Pembinaan dan Pengawasan Subdit Pemberdayaan Potensi Dalam Negeri Migas','Float',186,1,1),(463,'Indeks Kepuasan Layanan Keselamatan Migas','Float',139,2,2),(464,'Indeks Kepuasan Layanan Program Migas','Float',139,2,2),(465,'Indeks Kepuasan Layanan Program Migas','Float',139,2,2),(466,'Persentase Pemenuhan SLA Proses Perizinan Pemanfaatan Data untuk PI 10%','%',140,2,1),(467,'Realisasi pemenuhan SLA Proses Perizinan Pemanfaatan Data untuk PI 10%','Float',187,1,1),(468,'Target SLA Proses Perizinan Pemanfaatan Data untuk PI 10% sesuai peraturan','Float',187,1,1),(469,'Persentase Pemenuhan SLA Proses Perizinan Pemanfaatan Data untuk WK Pengembangan','%',140,2,1),(470,'Realisasi pemenuhan SLA Proses Perizinan Pemanfaatan Data untuk WK Pengembangan','Float',188,1,1),(471,'target SLA Proses Perizinan Pemanfaatan Data untuk WK Pengembangan sesuai peraturan','Float',188,1,1),(472,'Persentase Pemenuhan SLA Proses Perizinan Pengolahan Migas','%',146,2,1),(473,'Realisasi pemenuhan SLA Proses Perizinan Pengolahan Migas','Float',189,1,1),(474,'Target SLA Proses Perizinan Pengolahan Migas sesuai peraturan','Float',189,1,1),(475,'Persentase Pemenuhan SLA Proses Perizinan Pengangkutan Migas','%',146,2,1),(476,'Realisasi pemenuhan SLA Proses Perizinan Pengangkutan Migas','Float',190,1,1),(477,'target SLA Proses Perizinan Pengangkutan Migas sesuai peraturan','Float',190,1,1),(478,'Persentase Pemenuhan SLA Proses Perizinan Niaga Migas','%',146,2,1),(479,'Realisasi pemenuhan SLA Proses Perizinan Niaga Migas','Float',191,1,1),(480,'target SLA Proses Perizinan Niaga Migas sesuai peraturan','Float',191,1,1),(481,'Persentase Pemenuhan SLA Proses Perizinan Penyimpanan Migas','%',146,2,1),(482,'Realisasi pemenuhan SLA Proses Perizinan Penyimpanan Migas','Float',192,1,1),(483,'target SLA Proses Perizinan Penyimpanan Migas sesuai peraturan','Float',192,1,1),(484,'Indeks Efektivitas Pembinaan dan Pengawasan Hulu Migas','Float',166,2,2),(485,'Indeks Efektivitas Pembinaan dan Pengawasan Hilir Migas','Float',166,2,2),(486,'Indeks Efektivitas Pembinaan dan Pengawasan Direktorat Teknik dan Lingkungan Migas','Float',166,2,2),(487,'Indeks Efektivitas Pembinaan dan Pengawasan Program Migas','Float',166,2,2),(488,'Tingkat Maturitas SPIP Ditjen Migas','Float',1,2,1),(489,'Tingkat Maturitas SPIP Ditjen Migas','Float',193,1,1),(490,'Tingkat Maturitas SPIP Ditjen Migas','Float',193,2,1),(491,'Tingkat Maturitas SPIP Ditjen Migas','Float',193,2,2),(492,'Tingkat Maturitas SPIP Ditjen Migas','Float',194,2,1),(493,'Tingkat Maturitas SPIP Ditjen Migas','Float',194,2,2),(494,'Nilai Unsur Informasi dan Komunikasi pada Maturitas SPIP','Float',195,2,1),(495,'Nilai Unsur Informasi dan Komunikasi pada Maturitas SPIP','Float',196,1,1),(496,'Nilai Unsur Penilaian Resiko pada Maturitas SPIP','Float',195,2,1),(497,'Nilai Unsur Penilaian Resiko pada Maturitas SPIP','Float',197,1,1),(498,'Nilai Unsur Kegiatan Pengendalian pada Maturitas SPIP','Float',195,2,1),(499,'Nilai Unsur Kegiatan Pengendalian pada Maturitas SPIP','Float',198,1,1),(500,'Nilai Unsur Lingkungan Pengendalian pada Indeks Maturitas SPIP','Float',194,2,1),(501,'Nilai Unsur Lingkungan Pengendalian pada Indeks Maturitas SPIP','Float',199,1,1),(502,'Nilai Unsur Lingkungan Pengendalian pada Indeks Maturitas SPIP','Float',194,2,2),(503,'Nilai Pemantauan pada Maturitas SPIP','Float',194,2,1),(504,'Nilai Pemantauan pada Maturitas SPIP','Float',200,1,1),(505,'Nilai Pemantauan pada Maturitas SPIP','Float',194,2,2),(506,'Nilai Sistem Akuntabilitas Kinerja Pemerintah (SAKIP) Ditjen Migas','Float',1,2,1),(507,'Nilai Akuntabilitas Kinerja Pemerintah (SAKIP) Ditjen Migas','Float',201,1,1),(508,'Nilai Sistem Akuntabilitas Kinerja Pemerintah (SAKIP) Ditjen Migas','Float',201,2,1),(509,'Nilai Sistem Akuntabilitas Kinerja Pemerintah (SAKIP) Ditjen Migas','Float',202,2,2),(510,'Nilai Akuntabilitas Kinerja Pemerintah (SAKIP) Ditjen Migas','Float',202,2,1),(511,'Nilai Sistem Akuntabilitas Kinerja Pemerintah (SAKIP) Ditjen Migas','Float',201,2,2),(512,'Nilai Komponen Perencanaan Pada SAKIP','Float',203,2,1),(513,'Nilai Komponen Perencanaan Pada SAKIP','Float',204,1,1),(514,'Nilai Komponen Capaian Kinerja pada SAKIP','Float',202,2,1),(515,'Nilai Komponen Capaian Kinerja pada SAKIP','Float',205,1,1),(516,'Nilai Komponen Pengukuran Kinerja pada SAKIP','Float',202,2,1),(517,'Nilai Komponen Pengukuran Kinerja pada SAKIP','Float',206,1,1),(518,'Nilai Komponen Pelaporan Kinerja pada SAKIP','Float',202,2,1),(519,'Nilai Komponen Pelaporan Kinerja pada SAKIP','Float',207,1,1),(520,'Nilai Komponen Evaluasi Internal pada SAKIP','Float',202,2,1),(521,'Nilai Komponen Evaluasi Internal pada SAKIP','Float',208,1,1),(522,'Jumlah Pemanfaatan TIK dalam SAKIP','Float',202,2,1),(523,'Jumlah Pemanfaatan TIK dalam SAKIP','Float',209,1,1),(524,'Indeks Keselamatan migas','Indeks',1,2,1),(525,'Indeks Keselamatan migas','Indeks',210,2,1),(526,'Persentase Perusahaan yang telah Menerapkan Standar Wajib untuk Kegiatan Usaha Migas terhadap Total Perusahaan Hulu dan Hilir Migas','%',211,2,1),(527,'Persentase Perusahaan yang telah menerapkan standar wajib pada kegiatan usaha hulu migas','%',212,2,1),(528,'Jumlah BU/BUT yang telah menerapkan standar wajib untuk kegiatan usaha hulu migas','Float',213,1,1),(529,'Jumlah BU/BUT Hulu','Float',213,1,1),(530,'Persentase Perusahaan yang telah menerapkan standar wajib pada kegiatan usaha hilir migas','%',212,2,1),(531,'Jumlah BU yang telah menerapkan standar wajib untuk kegiatan usaha hilir migas','Float',214,1,1),(532,'Jumlah BU Hilir','Float',214,1,1),(533,'Jumlah RSNI & RSKKNI pada kegiatan usaha migas','Float',211,2,1),(534,'Jumlah RSNI dan RSKKNI pada kegiatan usaha hulu migas','Float',215,2,1),(535,'Jumlah RSNI dan RSKKNI pada kegiatan usaha hilir migas','Float',215,2,1),(536,'Persentase Perusahaan yang telah Menerapkan Kaidah Keteknikan dan  Pengelolaan Lingkungan yang Baik terhadap Total Perusahaan Hulu dan Hilir Migas','%',211,2,1),(537,'Jumlah Perusahaan Hulu dan Hilir Migas','Float',218,1,1),(538,'Jumlah Perusahaan yang telah Menerapkan Kaidah Keteknikan dan  Pengelolaan Lingkungan yang Baik','Float',218,2,1),(539,'Realisasi Jumlah Perusahaan yang telah Menerapkan Kaidah Keteknikan dan  Pengelolaan Lingkungan yang Baik','Float',219,1,1),(540,'Persentase Insiden Terjadinya Tumpahan Minyak > 15 barrel terhadap Total Kegiatan Migas','%',218,2,1),(541,'Jumlah Insiden Terjadinya Tumpahan Minyak > 15 barrel terhadap Total Kegiatan Migas','Float',220,1,1),(543,'Jumlah Perusahaan Hulu dan Hilir Migas','Float',220,1,1),(544,'Jumlah Perusahaan Hulu dan Hilir Migas yang Melaksanakan Pemanfaatan Gas Flare','Float',218,2,1),(545,'Jumlah Perusahaan Hulu dan Hilir Migas yang Melaksanakan Pemanfaatan Gas Flare','Float',221,1,1),(546,'Frekuensi Kejadian Kecelakaan Kerja yang Menyebabkan Fatality Pada Kegiatan Usaha Hulu Migas','Float',211,2,1),(547,'Frekuensi Kejadian Kecelakaan Kerja yang Menyebabkan Fatality Pada Kegiatan Usaha Hulu Migas','Float',222,1,1),(548,'Frekuensi Kejadian Kecelakaan Kerja yang Menyebabkan Fatality Pada Kegiatan Usaha Hulu Migas','Float',222,2,2),(549,'Frekuensi Unplanned Shutdown pada Kegiatan Usaha Hulu Migas','Float',211,2,1),(550,'Frekuensi Unplanned Shutdown pada Kegiatan Usaha Hulu Migas','Float',223,1,1),(551,'Frekuensi Unplanned Shutdown pada Kegiatan Usaha Hulu Migas','Float',223,2,2),(552,'Kontraktor atau Perusahaan Hulu Migas yang memiliki SMKM dengan Kategori Baik ( >76.55 % )','Float',211,2,1),(553,'Kontraktor atau Perusahaan Hulu Migas yang memiliki SMKM dengan Kategori Baik ( >76.55 % )','Float',224,1,1),(554,'Frekuensi Kejadian Kecelakaan Kerja yang Menyebabkan Fatality Pada Kegiatan Usaha Hilir Migas','Float',211,2,1),(555,'Frekuensi Kejadian Kecelakaan Kerja yang Menyebabkan Fatality Pada Kegiatan Usaha Hilir Migas','Float',225,1,1),(556,'Frekuensi Kejadian Kecelakaan Kerja yang Menyebabkan Fatality Pada Kegiatan Usaha Hilir Migas','Float',225,2,2),(557,'Frekuensi Unplanned Shutdown pada Kegiatan Usaha Hilir Migas','Float',211,2,1),(558,'Frekuensi Unplanned Shutdown pada Kegiatan Usaha Hilir Migas','Float',226,1,1),(559,'Frekuensi Unplanned Shutdown pada Kegiatan Usaha Hilir Migas','Float',226,2,2),(560,'Perusahaan Hilir Migas yang Memiliki SMKM dengan Kategori Baik ( >76.55% )','Float',211,2,1),(561,'Perusahaan Hilir Migas yang Memiliki SMKM dengan Kategori Baik ( >76.55% )','Float',227,1,1),(562,'Persentase Perusahaan Penunjang Migas yang Diaudit Kepatuhan Aspek Keselamatan terhadap total Perusahaan Penunjang Migas','%',211,2,1),(563,'Persentase Perusahaan Penunjang Migas Bidang Jasa yang Diaudit Kepatuhan Aspek Keselamatan terhadap Total Perusahaan Penunjang Jasa Migas','%',228,2,1),(564,'Realisasi Jumlah Perusahaan Penunjang Migas Bidang Jasa yang Diaudit Kepatuhan Aspek Keselamatan','Float',229,1,1),(565,'Total Perusahaan Penunjang Jasa Migas','Float',229,1,1),(566,'Persentase Perusahaan Penunjang Migas Bidang Barang yang Diaudit Kepatuhan Aspek Keselamatan terhadap Total Perusahaan Penunjang Barang Migas','%',228,2,1),(567,'Realisasi Jumlah  Perusahaan Penunjang Migas Bidang Barang yang Diaudit Kepatuhan Aspek Keselamatan','Float',230,1,1),(568,'Total Perusahaan Penunjang Barang Migas','Float',230,1,1),(569,'Jumlah objek vital migas nasional yang diawasi','Float',211,2,1),(570,'Jumlah objek vital hulu migas nasional yang diawasi','Float',231,2,1),(571,'Jumlah objek vital hulu migas nasional yang diawasi','Float',232,1,1),(573,'Jumlah objek vital hilir migas nasional yang diawasi','Float',231,2,1),(574,'Jumlah objek vital hilir migas nasional yang diawasi','Float',233,1,1),(575,'Indeks Reformasi Birokrasi Ditjen Migas','Indeks',1,2,1),(576,'Indeks Reformasi Birokrasi','Float',234,1,1),(577,'Indeks Reformasi Birokrasi','Indeks',234,2,1),(578,'Indeks Reformasi Birokrasi Ditjen Migas','Indeks',235,2,2),(579,'Indeks Reformasi Birokrasi','Indeks',235,2,1),(580,'Indeks Reformasi Birokrasi','Float',236,1,1),(581,'Nilai Penataan Organisasi pada RB','Float',236,2,1),(582,'Nilai Penataan Organisasi pada RB','Float',237,1,1),(583,'Nilai Penataan Sistem Manajemen SDM pada RB','Float',236,2,1),(584,'Nilai Penataan Sistem Manajemen SDM pada RB','Float',238,1,1),(585,'Nilai Manajemen Perubahan pada RB','Float',236,2,1),(586,'Nilai Manajemen Perubahan pada RB','Float',239,1,1),(587,'Nilai Penguatan Pengawasan pada RB','Float',236,2,1),(588,'Nilai Penguatan Pengawasan pada RB','Float',240,1,1),(589,'Nilai Penataan Tata Laksana pada RB','Float',236,2,1),(590,'Nilai Penataan Tata Laksana pada RB','Float',241,1,1),(591,'Nilai Penguatan Akuntabilitas pada RB','Float',235,2,1),(592,'Nilai Penguatan Akuntabilitas pada RB','Float',242,1,1),(593,'Nilai Penguatan Akuntabilitas pada RB','Float',242,2,2),(594,'Nilai Penataan Peraturan Perundang-Undangan pada RB','Float',235,2,1),(595,'Nilai Penguatan Akuntabilitas pada RB','Float',243,1,1),(596,'Nilai Penataan Peraturan Perundang-Undangan pada RB','Float',243,2,2),(597,'Nilai Peningkatan Kualitas Layanan Publik pada RB','Float',235,2,1),(598,'Nilai Peningkatan Kualitas Layanan Publik pada RB','Float',244,1,1),(599,'Nilai Peningkatan Kualitas Layanan Publik pada RB','Float',244,2,2),(600,'Tingkat Kepuasan Pelayanan Internal Ditjen Migas','%',234,2,1),(601,'Tingkat kepuasan Satker Ditjen Migas terhadap layanan bagian umum, kepegawaian dan organisasi','%',245,2,1),(602,'Tingkat Kepuasan Satker Ditjen Migas Terhadap Layanan Kepegawaian','%',246,2,1),(603,'Tingkat Kepuasan Satker Ditjen Migas Terhadap Layanan Kepegawaian','Float',247,1,1),(604,'Tingkat Kepuasan Satker Ditjen Migas Terhadap Layanan Perlengkapan dan Rumah Tangga','%',246,2,1),(605,'Tingkat Kepuasan Satker Ditjen Migas Terhadap Layanan Perlengkapan dan Rumah Tangga','%',248,1,1),(606,'Tingkat Kepuasan Satker Ditjen Migas Terhadap Layanan Tata Usaha','%',246,2,1),(607,'Tingkat Kepuasan Satker Ditjen Migas Terhadap Layanan Tata Usaha','%',249,1,1),(608,'Tingkat Kepatuhan terhadap Standar Pelayanan Minimum Bagian Keuangan','%',245,2,1),(609,'Tingkat Kepatuhan terhadap Standar Pelayanan Minimum Akuntansi','%',250,2,1),(610,'Tingkat Kepatuhan terhadap Standar Pelayanan Minimum Akuntansi','%',251,1,1),(611,'Tingkat Kepatuhan terhadap Standar Pelayanan Minimum Perbendaharaan','%',250,2,1),(612,'Tingkat Kepatuhan terhadap Standar Pelayanan Minimum Perbendaharaan','%',252,1,1),(613,'Persentase Pencatatan Realisasi PNBP Ditjen Migas','%',250,2,1),(614,'Persentase Pencatatan Realisasi PNBP Ditjen Migas','%',253,1,1),(615,'Tingkat Kepatuhan terhadap Standar Pelayanan Minimum Administrasi Pengelolaan BMN','%',250,2,1),(616,'Tingkat Kepatuhan terhadap Standar Pelayanan Minimum Administrasi Pengelolaan BMN','%',254,1,1),(617,'Tingkat Kepuasan Pimpinan dan Satker terhadap Ketersediaan Data, Informasi dan Bahan','%',246,2,1),(618,'Tingkat Kepuasan Pimpinan terhadap Ketersediaan Data, Informasi dan Bahan Pimpinan','%',255,2,1),(619,'Tingkat Kepuasan Pimpinan terhadap Ketersediaan Data, Informasi dan Bahan Pimpinan','%',256,1,1),(620,'Jumlah Pemeliharaan & Pengelolaan Website, Jaringan dan Database','Float',255,2,1),(621,'Jumlah Pemeliharaan & Pengelolaan Website, Jaringan dan Database','Float',257,1,1),(622,'Tingkat Kepuasan Satker terhadap Bahan Rencana Kerja dan Anggaran','%',255,2,1),(623,'Tingkat Kepuasan Satker terhadap Bahan Rencana Kerja dan Anggaran','%',258,1,1),(624,'Persentase Keberhasilan Usulan Pagu Indikatif Ditjen Migas','%',255,2,1),(625,'Persentase Keberhasilan Usulan Pagu Indikatif Ditjen Migas','%',259,1,1),(626,'Ketepatan Waktu dan Kelengkapan Penyampaian Dokumen Rencana Kerja','%',255,2,1),(627,'Ketepatan Waktu dan Kelengkapan Penyampaian Dokumen Rencana Kerja','%',260,1,1),(628,'Tingkat Kepuasan Satker Ditjen Migas terhadap Layanan Bagian Hukum','%',245,2,1),(629,'Tingkat Kepuasan Satker Ditjen Migas terhadap Layanan Pertimbangan Hukum','%',261,2,1),(630,'Tingkat Kepuasan Satker Ditjen Migas terhadap Layanan Informasi Hukum','%',261,2,1),(631,'Tingkat Kepuasan Satker Ditjen Migas terhadap Layanan Informasi Hukum','%',263,1,1),(632,'Tingkat Kepuasan Satker Ditjen Migas terhadap Layanan Penyusunan Peraturan Perundang-Undangan','%',261,2,1),(633,'Tingkat Kepuasan Satker Ditjen Migas terhadap Layanan Penyusunan Peraturan Perundang-Undangan','float',264,1,1),(634,'Persentase Pelayanan Pertimbangan Hukum terhadap Permohonan  Pertimbangan Hukum','float',261,2,1),(635,'Persentase Pelayanan Pertimbangan Hukum terhadap Permohonan  Pertimbangan Hukum','float',265,1,1),(636,'Persentase Pelayanan Bantuan Hukum/saksi ahli terhadap Permohonan Bantuan Hukum/Saksi','%',261,2,1),(637,'Persentase Pelayanan Bantuan Hukum/saksi ahli terhadap Permohonan Bantuan Hukum/Saksi','%',266,1,1),(638,'Persentase Pelayanan Informasi Publik','%',261,2,1),(639,'Persentase Pelayanan Informasi Publik','%',267,1,1),(640,'Jumlah Rancangan Peraturan PerUUan Sektor Migas','%',261,2,1),(641,'Jumlah Rancangan Peraturan PerUUan Sektor Migas','%',268,1,1),(642,'Nilai Evaluasi Kelembagaan Ditjen Migas','float',1,2,1),(643,'Nilai Evaluasi Kelembagaan Ditjen Migas','float',269,1,1),(644,'Nilai Evaluasi Kelembagaan','float',269,2,1),(645,'Nilai Evaluasi Kelembagaan','float',270,2,2),(646,'Nilai Evaluasi Kelembagaan','float',270,2,1),(647,'Nilai Evaluasi Kelembagaan','float',271,2,2),(648,'Nilai Evaluasi Kelembagaan','float',271,1,1),(649,'Nilai Evaluasi Kelembagaan','float',272,2,2),(650,'Indeks Profesionalitas ASN Ditjen Migas','Indeks',1,2,1),(651,'Indeks Profesionalitas ASN Ditjen Migas','Indeks',273,1,1),(652,'Indeks Profesionalitas ASN','Indeks',273,2,1),(653,'Indeks Profesionalitas ASN Ditjen Migas','Indeks',274,2,2),(654,'Indeks Profesionalitas ASN','Indeks',274,2,1),(655,'Indeks Profesionalitas ASN Ditjen Migas','Indeks',275,2,2),(656,'Indeks Profesionalitas ASN','Indeks',275,2,1),(657,'Indeks Profesionalitas ASN Ditjen Migas','Indeks',276,2,2),(658,'Persentase Pegawai Direktorat Pembinaan Progam Migas yang Bebas Hukuman Disiplin','%',273,2,1),(659,'Persentase Pegawai Direktorat Pembinaan Progam Migas yang Bebas Hukuman Disiplin','%',277,1,1),(660,'Persentase Pegawai Direktorat Pembinaan Progam Migas yang Mencapai/ Melebihi Target Kinerja','%',273,2,1),(661,'Persentase Pegawai Direktorat Pembinaan Progam Migas yang Mencapai/ Melebihi Target Kinerja','%',278,1,1),(663,'Persentase Pegawai Direktorat Pembinaan Usaha Hulu Migas yang Bebas Hukuman Disiplin','%',273,2,1),(664,'Persentase Pegawai Direktorat Pembinaan Usaha Hulu Migas yang Bebas Hukuman Disiplin','%',280,1,1),(665,'Persentase Pegawai Direktorat Pembinaan Usaha Hulu Migas yang Mencapai/ Melebihi Target Kinerja','%',273,2,1),(666,'Persentase Pegawai Direktorat Pembinaan Usaha Hulu Migas yang Mencapai/ Melebihi Target Kinerja','%',281,1,1),(667,'Persentase Pegawai Direktorat Pembinaan Usaha Hilir Migas yang Bebas Hukuman Disiplin','%',273,2,1),(668,'Persentase Pegawai Direktorat Pembinaan Usaha Hilir Migas yang Bebas Hukuman Disiplin','%',282,1,1),(669,'Persentase Pegawai Direktorat Pembinaan Usaha Hilir Migas yang Mencapai/ Melebihi Target Kinerja','%',273,2,1),(670,'Persentase Pegawai Direktorat Pembinaan Usaha Hilir Migas yang Mencapai/ Melebihi Target Kinerja','%',283,1,1),(671,'Persentase Pegawai Direktorat Teknik dan Lingkungan Migas yang Bebas Hukuman Disiplin','%',273,2,1),(672,'Persentase Pegawai Direktorat Teknik dan Lingkungan Migas yang Bebas Hukuman Disiplin','%',284,1,1),(673,'Persentase Pegawai Direktorat Teknik dan Lingkungan Migas yang Mencapai/ Melebihi Target Kinerja','%',273,2,1),(674,'Persentase Pegawai Direktorat Teknik dan Lingkungan Migas yang Mencapai/ Melebihi Target Kinerja','%',285,1,1),(675,'Persentase Pegawai Direktorat Perencanaan dan Pembangunan Infrastruktur Migas yang Bebas Hukuman Disiplin','%',273,2,1),(676,'Persentase Pegawai Direktorat Perencanaan dan Pembangunan Infrastruktur Migas yang Bebas Hukuman Disiplin','%',286,1,1),(677,'Persentase Pegawai Direktorat Perencanaan dan Pembangunan Infrastruktur Migas yang Mencapai/ Melebihi Target Kinerja','%',273,2,1),(678,'Persentase Pegawai Direktorat Perencanaan dan Pembangunan Infrastruktur Migas yang Mencapai/ Melebihi Target Kinerja','%',287,1,1),(679,'Persentase Pegawai Sekretariat Direktorat Jenderal Migas yang Bebas Hukuman Disiplin','%',273,2,1),(680,'Persentase Pegawai Sekretariat Direktorat Jenderal Migas yang Bebas Hukuman Disiplin','%',288,1,1),(681,'Persentase Pegawai Sekretariat Direktorat Jenderal Migas yang Mencapai/ Melebihi Target Kinerja','%',273,2,1),(682,'Persentase Pegawai Sekretariat Direktorat Jenderal Migas yang Mencapai/ Melebihi Target Kinerja','%',289,1,1),(683,'Nilai Indikator Kinerja Pelaksanaan Anggaran (IKPA) Ditjen Migas','float',1,2,1),(684,'Nilai Indikator Kinerja Pelaksanaan Anggaran (IKPA) Ditjen Migas','float',290,1,1),(685,'Persentase Realisasi Anggaran Direktorat Pembinaan Program Migas','%',290,2,1),(686,'Persentase Realisasi Anggaran Direktorat Pembinaan Program Migas','%',291,1,1),(687,'Persentase Realisasi Anggaran Direktorat Pembinaan Usaha Hulu Migas','%',290,2,1),(688,'Persentase Realisasi Anggaran Direktorat Pembinaan Usaha Hulu Migas','%',292,1,1),(689,'Persentase Realisasi Anggaran Direktorat Pembinaan Usaha Hilir Migas','%',290,2,1),(690,'Persentase Realisasi Anggaran Direktorat Pembinaan Usaha Hilir Migas','%',293,1,1),(691,'Persentase Realisasi Anggaran Direktorat Teknik dan Lingkungan Migas','%',290,2,1),(692,'Persentase Realisasi Anggaran Direktorat Teknik dan Lingkungan Migas','%',294,1,1),(693,'Persentase Realisasi Anggaran Direktorat Perencanaan dan Pembangunan Infrastruktur Migas','%',290,2,1),(694,'Persentase Realisasi Anggaran Direktorat Perencanaan dan Pembangunan Infrastruktur Migas','%',295,1,1),(695,'Persentase Realisasi Anggaran Sekretariat Direktorat Jenderal Migas','%',290,2,1),(696,'Persentase Realisasi Anggaran Sekretariat Direktorat Jenderal Migas','%',296,1,1),(697,'Nilai Indikator Kinerja Pelaksanaan Anggaran','float',290,2,1),(698,'Nilai Indikator Kinerja Pelaksanaan Anggaran (IKPA) Ditjen Migas','float',297,1,1),(699,'Nilai Indikator Kinerja Pelaksanaan Anggaran','float',297,2,1),(700,'Nilai Indikator Kinerja Pelaksanaan Anggaran (IKPA) Ditjen Migas','float',298,1,1),(701,'Persentase Temuan Itjen Material terkait Penyajian Laporan Keuangan Ditjen Migas yang Terjadi Berulang','%',298,2,1),(702,'Persentase Temuan Itjen Material terkait Penyajian Laporan Keuangan Ditjen Migas yang Terjadi Berulang','%',299,1,1),(703,'Persentase Tindak Lanjut Hasil Pemeriksaan BPK RI','%',298,2,1),(704,'Persentase Tindak Lanjut Hasil Pemeriksaan BPK RI','%',300,1,1),(705,'Persentase Realisasi Tagihan Ditjen Migas yang Diselesaikan Tepat Waktu (SPM)','%',298,2,1),(706,'Persentase Realisasi Tagihan Ditjen Migas yang Diselesaikan Tepat Waktu (SPM)','%',301,1,1),(707,'Persentase Kesesuaian Perencanaan Jumlah dan Kesesuaian Wilayah Penerima Konkit BBM ke BBG terhadap Roadmap untuk Nelayan','%',76,2,1),(708,'Persentase Kesesuaian Perencanaan Jumlah dan Kesesuaian Wilayah Penerima Konkit BBM ke BBG terhadap Roadmap untuk Nelayan','%',302,1,1),(709,'Persentase Kesesuaian Perencanaan Jumlah dan Kesesuaian Wilayah Penerima Konkit BBM ke BBG terhadap Roadmap untuk Nelayan','%',302,2,2),(710,'Deviasi Kuantitas Impor Minyak Mentah untuk Feedstock Kilang dari Kuantitas yang Direkomendasikan','%',31,2,2),(711,'Penyediaan Elpiji 3 kg bagi Masyarakat, Usaha Mikro, Nelayan, dan Petani Sasaran','float',2,2,1),(712,'Realisasi LPG Bersubsidi','float',303,1,1),(713,'Persentase Realisasi Volume LPG Bersubsidi terhadap Kuota Yang Ditetapkan','%',303,2,1),(714,'Realisasi LPG Bersubsidi','float',304,1,1),(715,'Kuota Volume LPG Bersubsidi','float',304,1,1),(716,'Persentase Realisasi Volume LPG Bersubsidi terhadap Kuota Yang Ditetapkan','%',303,2,2),(717,'Reserve to Production Ratio Minyak Bumi','float',2,2,1),(718,'R/P minyak bumi','float',305,1,1),(719,'Reserve to Production Ratio Gas Bumi','float',2,2,1),(720,'R/P gas bumi','float',306,1,1),(721,'Jumlah Hari Cadangan BBM Operasional','float',2,2,1),(722,'Jumlah Hari Cadangan BBM Operasional','float',307,1,1),(723,'Jumlah Hari Cadangan Operasional BBM','float',307,2,1),(724,'Jumlah Hari Cadangan BBM Operasional','float',308,2,2),(725,'Jumlah Hari Cadangan Operasional BBM','float',308,2,1),(726,'Jumlah Hari Cadangan BBM Operasional','float',309,2,2),(727,'Jumlah Hari Cadangan LPG Operasional','float',2,2,1),(728,'Jumlah Hari Cadangan LPG Operasional','float',310,1,1),(729,'Jumlah Hari Cadangan Operasional LPG','float',310,2,1),(730,'Jumlah Hari Cadangan LPG Operasional','float',311,2,2),(731,'Jumlah Hari Cadangan Operasional LPG','float',311,2,2),(732,'Persentase Rekomendasi kebijakan dan Dokumen Perencanaan yang Diterima Oleh Stakeholder','%',2,2,1),(733,'Persentase Rekomendasi kebijakan dan Dokumen Perencanaan yang Diterima Oleh Stakeholder','%',312,1,1),(734,'Jumlah Rekomendasi Kebijakan untuk Mendukung Tata Kelola Migas','float',312,2,1),(735,'Jumlah Rekomendasi Kebijakan untuk Mendukung Tata Kelola Migas','float',313,1,1),(736,'Jumlah Rekomendasi Kebijakan untuk Mendukung Tata Kelola Migas','float',313,2,2),(737,'Persentase Penyelesaian Usulan Penghapusan BMN Ditjen Migas','%',297,2,1),(738,'Persentase Penyelesaian Usulan Penghapusan BMN Ditjen Migas','%',314,1,1),(739,'Persentase Pencatatan Barang Milik Negara (BMN) Ditjen Migas','%',314,2,1),(740,'Persentase Pencatatan Barang Milik Negara (BMN) Ditjen Migas','%',315,1,1),(741,'Persentase WK Migas Konvensional yang diminati terhadap Jumlah WK Migas Konvensional yang ditawarkan','%',306,2,1),(742,'Persentase WK Migas Konvensional yang diminati terhadap Jumlah WK Migas Konvensional yang ditawarkan','%',316,1,1),(743,'Jumlah WK Migas Konvensional yang Siap Ditawarkan','float',316,2,1),(744,'Jumlah WK Migas Konvensional yang Siap Ditawarkan','float',317,1,1),(745,'Jumlah WK Migas Konvensional yang Diminati','float',316,2,1),(746,'Jumlah WK Migas Konvensional yang Diminati','float',318,1,1),(747,'Persentase WK Migas Non-Konvensional Yang Diminati Terhadap Jumlah WK Migas Non-Konvensional yang Ditawarkan','%',306,2,1),(748,'Persentase WK Migas Non-Konvensional Yang Diminati Terhadap Jumlah WK Migas Non-Konvensional yang Ditawarkan','%',319,1,1),(749,'Jumlah WK Migas Non-Konvensional Yang Siap Ditawarkan','float',319,2,1),(750,'Jumlah WK Migas Non-Konvensional Yang Siap Ditawarkan','float',320,1,1),(755,'Kuota per surat rekomendasi (bbl)','float',23,1,1),(756,'Realisasi per TW (bbl)','float',23,1,1),(757,'Realisasi Investasi Subsektor Hulu Migas','integer',124,1,1),(758,'Nilai Indikator Efektivitas Pembinaan dan Pengawasan Subdit Pengembangan WK Migas Konvensional','Float',167,1,1),(759,'Nilai Indikator Efektivitas Pembinaan dan Pengawasan Subdit Pengembangan WK Migas Non Konvensional','Float',167,1,1),(760,'Nilai Indikator Efektivitas Pembinaan dan Pengawasan Subdit Pengawasan Eksplorasi Migas','Float',167,1,1),(761,'Nilai Indikator Efektivitas Pembinaan dan Pengawasan Subdit Penilaian Pengembangan Usaha Hulu Migas','Float',167,1,1),(762,'Nilai Indikator Efektivitas Pembinaan dan Pengawasan Subdit Pengawasan Eksploitasi Migas','Float',167,1,1),(763,'Nilai Indikator Efektivitas Pembinaan dan Pengawasan Subdit Pengolahan Migas','Float',173,1,1),(764,'Nilai Indikator Efektivitas Pembinaan dan Pengawasan Subdit Pengangkutan Migas','Float',173,1,1),(765,'Nilai Indikator Efektivitas Pembinaan dan Pengawasan Subdit Harga dan Subsidi Bahan Bakar','Float',173,1,1),(766,'Nilai Indikator Efektivitas Pembinaan dan Pengawasan Subdit Niaga Migas','Float',173,1,1),(767,'Nilai Indikator Efektivitas Pembinaan dan Pengawasan Subdit Penyimpanan Migas','Float',173,1,1),(768,'Nilai Indikator Efektivitas Pembinaan dan Pengawasan Subdit Standardisasi Migas','Float',179,1,1),(769,'Nilai Indikator Efektivitas Pembinaan dan Pengawasan Subdit Keteknikan dan Keselamatan Lingkungan Migas','Float',179,1,1),(770,'Nilai Indikator Efektivitas Pembinaan dan Pengawasan Subdit Keselamatan Hulu Migas','Float',179,1,1),(771,'Nilai Indikator Efektivitas Pembinaan dan Pengawasan Subdit Usaha Penunjang Migas','Float',179,1,1),(772,'Nilai Indikator Efektivitas Pembinaan dan Pengawasan Subdit Keselamatan Hilir Migas','Float',179,1,1),(773,'Indeks Kepuasan Layanan Subdit Pengolahan Migas','Float',146,1,1),(774,'Indeks Kepuasan Layanan Subdit Pengangkutan Migas','Float',146,1,1),(775,'Indeks Kepuasan Layanan Subdit Harga dan Subsidi Bahan Bakar','Float',146,1,1),(776,'Indeks Kepuasan Layanan Subdit Niaga Migas','Float',146,1,1),(777,'Indeks Kepuasan Layanan Subdit Penyimpanan Migas','Float',146,1,1),(778,'Indeks Kepuasan Layanan Subdit Pemberdayaan Potensi Dalam Negeri Migas','Float',160,1,1),(779,'Indeks Kepuasan Layanan Subdit Pengembangan Investasi Migas','Float',160,1,1),(780,'Indeks Kepuasan Layanan Subdit Pengembangan WK Migas Konvensional','Float',140,1,1),(781,'Indeks Kepuasan Layanan Subdit Pengembangan WK Migas Non Konvensional','Float',140,1,1),(782,'Indeks Kepuasan Layanan Subdit Pengawasan Eksplorasi Migas','Float',140,1,1),(783,'Indeks Kepuasan Layanan Subdit Penilaian Pengembangan Usaha Hulu Migas','Float',140,1,1),(784,'Indeks Kepuasan Layanan Subdit Pengawasan Eksploitasi Migas','Float',140,1,1),(785,'ICP Januari','float',58,1,1),(786,'Indeks Kepuasan Layanan Bagian Rencana dan Laporan','Float',163,1,1),(787,'ICP Maret','float',58,1,1),(788,'Indeks Kepuasan Layanan Bagian Hukum','Float',163,1,1),(789,'Kapasitas Fasilitas Filling Station Niaga LPG','float',94,1,1),(790,'Kapasitas Fasilitas Filling Station Niaga LNG','float',94,1,1),(791,'Kapasitas Fasilitas Mother Station Niaga CNG','float',94,1,1),(792,'Kapasitas Fasilitas Niaga Gas Bumi','float',94,1,1),(793,'Kapasitas Fasilitas Niaga Minyak Bumi, BBM dan Hasil Olahan','float',94,1,1),(794,'Nilai Indikator Efektivitas Pembinaan dan Pengawasan Subdit Pemberdayaan Potensi Dalam Negeri Migas','Float',185,1,1),(795,'Kuota per surat rekomendasi (bbl)','float',31,1,1),(796,'Indeks Kepuasan Layanan Subdit Standardisasi Migas','Float',152,1,1),(797,'Indeks Kepuasan Layanan Subdit Keteknikan dan Keselamatan Lingkungan Migas','Float',152,1,1),(798,'Realisasi per TW (bbl)','float',31,1,1),(799,'Indeks Kepuasan Layanan Subdit Keselamatan Hulu Migas','Float',152,1,1),(800,'Indeks Kepuasan Layanan Subdit Usaha Penunjang Migas','Float',152,1,1),(801,'Indeks Kepuasan Layanan Subdit Keselamatan Hilir Migas','Float',152,1,1);
/*!40000 ALTER TABLE `kompositor` ENABLE KEYS */;
UNLOCK TABLES;

--
-- Table structure for table `kompositor_of_kompositor`
--

DROP TABLE IF EXISTS `kompositor_of_kompositor`;
/*!40101 SET @saved_cs_client     = @@character_set_client */;
/*!50503 SET character_set_client = utf8mb4 */;
CREATE TABLE `kompositor_of_kompositor` (
  `id` int NOT NULL AUTO_INCREMENT,
  `kompositor_id` int DEFAULT NULL,
  `ref_kompositor_id` int DEFAULT NULL,
  PRIMARY KEY (`id`) USING BTREE,
  KEY `IXFK_kompositor_of_kompositor_kompositor` (`kompositor_id`) USING BTREE,
  CONSTRAINT `FK_kompositor_of_kompositor_kompositor` FOREIGN KEY (`kompositor_id`) REFERENCES `kompositor` (`id`)
) ENGINE=InnoDB AUTO_INCREMENT=13 DEFAULT CHARSET=utf8mb3 ROW_FORMAT=DYNAMIC;
/*!40101 SET character_set_client = @saved_cs_client */;

--
-- Dumping data for table `kompositor_of_kompositor`
--

LOCK TABLES `kompositor_of_kompositor` WRITE;
/*!40000 ALTER TABLE `kompositor_of_kompositor` DISABLE KEYS */;
INSERT INTO `kompositor_of_kompositor` VALUES (1,27,16),(3,38,33),(4,39,34),(5,20,16),(6,49,42),(7,57,43),(8,58,52),(9,122,120);
/*!40000 ALTER TABLE `kompositor_of_kompositor` ENABLE KEYS */;
UNLOCK TABLES;

--
-- Table structure for table `kompositor_parameter`
--

DROP TABLE IF EXISTS `kompositor_parameter`;
/*!40101 SET @saved_cs_client     = @@character_set_client */;
/*!50503 SET character_set_client = utf8mb4 */;
CREATE TABLE `kompositor_parameter` (
  `id` int NOT NULL AUTO_INCREMENT,
  `kompositor_id` int DEFAULT NULL,
  `parameter_id` int DEFAULT NULL,
  PRIMARY KEY (`id`) USING BTREE,
  KEY `IXFK_kompositor_parameter_kompositor` (`kompositor_id`) USING BTREE,
  KEY `IXFK_kompositor_parameter_parameter` (`parameter_id`) USING BTREE,
  CONSTRAINT `FK_kompositor_parameter_kompositor` FOREIGN KEY (`kompositor_id`) REFERENCES `kompositor` (`id`),
  CONSTRAINT `FK_kompositor_parameter_parameter` FOREIGN KEY (`parameter_id`) REFERENCES `parameter` (`id`)
) ENGINE=InnoDB AUTO_INCREMENT=39 DEFAULT CHARSET=utf8mb3 ROW_FORMAT=DYNAMIC;
/*!40101 SET character_set_client = @saved_cs_client */;

--
-- Dumping data for table `kompositor_parameter`
--

LOCK TABLES `kompositor_parameter` WRITE;
/*!40000 ALTER TABLE `kompositor_parameter` DISABLE KEYS */;
INSERT INTO `kompositor_parameter` VALUES (4,17,1),(5,22,2),(6,23,3),(7,24,4),(8,25,5),(9,28,6),(10,30,7),(11,31,8),(13,36,9),(14,44,10),(15,45,11),(16,46,12),(17,47,13),(18,50,14),(19,53,10),(20,54,11),(21,55,4),(22,56,13),(33,86,25),(34,87,26),(35,88,27),(36,89,28),(37,92,29),(38,116,30);
/*!40000 ALTER TABLE `kompositor_parameter` ENABLE KEYS */;
UNLOCK TABLES;

--
-- Table structure for table `kompositor_pic`
--

DROP TABLE IF EXISTS `kompositor_pic`;
/*!40101 SET @saved_cs_client     = @@character_set_client */;
/*!50503 SET character_set_client = utf8mb4 */;
CREATE TABLE `kompositor_pic` (
  `id` int NOT NULL AUTO_INCREMENT,
  `kompositor_id` int DEFAULT NULL,
  `pic_id` int DEFAULT NULL,
  `nama_pic` varchar(50) CHARACTER SET utf8mb3 COLLATE utf8mb3_general_ci DEFAULT NULL,
  PRIMARY KEY (`id`) USING BTREE,
  KEY `IXFK_kompositor_pic_kompositor` (`kompositor_id`) USING BTREE,
  CONSTRAINT `FK_kompositor_pic_kompositor` FOREIGN KEY (`kompositor_id`) REFERENCES `kompositor` (`id`)
) ENGINE=InnoDB AUTO_INCREMENT=940 DEFAULT CHARSET=utf8mb3 ROW_FORMAT=DYNAMIC;
/*!40101 SET character_set_client = @saved_cs_client */;

--
-- Dumping data for table `kompositor_pic`
--

LOCK TABLES `kompositor_pic` WRITE;
/*!40000 ALTER TABLE `kompositor_pic` DISABLE KEYS */;
INSERT INTO `kompositor_pic` VALUES (3,18,6,'DMOO'),(4,18,10,'DMOG'),(5,21,5,'DMBS'),(7,35,6,'DMOO'),(8,33,4,'DMEP'),(11,38,4,'DMEP'),(12,37,9,'DMON'),(13,41,2,'DME'),(14,40,2,'DME'),(15,42,4,'DMEP'),(16,43,4,'DMEP'),(17,48,2,'DME'),(19,49,2,'DME'),(20,51,2,'DME'),(21,52,5,'DMBS'),(22,59,4,'DMEP'),(23,60,6,'DMOO'),(24,60,8,'DMOT'),(25,61,4,'DMEP'),(26,62,6,'DMOO'),(27,62,8,'DMOT'),(29,58,5,'DMBS'),(30,57,4,'DMEP'),(31,1,2,'DME'),(32,1,3,'DMO'),(39,83,4,'DMEP'),(41,85,4,'DMEP'),(46,91,4,'DMEP'),(54,95,4,'DMEP'),(56,101,4,'DMEP'),(57,102,4,'DMEP'),(58,103,4,'DMEP'),(59,100,4,'DMEP'),(61,106,5,'DMB'),(62,107,5,'DMB'),(64,109,25,'DMBS'),(65,110,25,'DMBS'),(66,111,25,'DMBS'),(67,112,25,'DMBS'),(70,114,8,'DMOT'),(71,115,7,'DMOM'),(72,113,6,'DMOO'),(73,113,7,'DMOM'),(75,119,6,'DMOO'),(76,120,6,'DMOO'),(77,121,6,'DMOO'),(78,122,6,'DMOO'),(81,125,9,'DMON'),(82,126,9,'DMON'),(83,127,9,'DMON'),(84,124,9,'DMON'),(85,123,9,'DMON'),(87,130,9,'DMON'),(88,131,9,'DMON'),(89,132,9,'DMON'),(90,133,9,'DMON'),(91,129,9,'DMON'),(94,136,9,'DMON'),(95,136,8,'DMOT'),(96,137,9,'DMON'),(97,137,8,'DMOT'),(98,138,9,'DMON'),(99,138,8,'DMOT'),(100,139,9,'DMON'),(101,139,8,'DMOT'),(102,135,9,'DMON'),(103,135,8,'DMOT'),(109,145,9,'DMON'),(110,146,9,'DMON'),(111,147,9,'DMON'),(112,148,9,'DMON'),(113,144,9,'DMON'),(115,151,9,'DMON'),(116,152,9,'DMON'),(117,153,9,'DMON'),(118,154,9,'DMON'),(119,150,9,'DMON'),(125,157,6,'DMOO'),(126,158,6,'DMOO'),(127,159,6,'DMOO'),(128,160,6,'DMOO'),(129,156,6,'DMOO'),(131,163,6,'DMOO'),(132,164,6,'DMOO'),(133,165,6,'DMOO'),(134,166,6,'DMOO'),(135,162,6,'DMOO'),(137,168,2,'DME'),(138,170,2,'DME'),(140,172,4,'DMEP'),(143,175,4,'DMEP'),(145,171,4,'DMEP'),(147,177,5,'DMB'),(148,177,2,'DME'),(149,177,3,'DMO'),(151,174,4,'DMEP'),(152,173,4,'DMEP'),(153,179,5,'DMB'),(154,180,26,'DMBP'),(156,181,26,'DMBP'),(157,183,26,'DMBP'),(159,185,5,'DMB'),(160,186,25,'DMBS'),(163,189,25,'DMBS'),(165,191,25,'DMBS'),(166,190,25,'DMBS'),(167,193,25,'DMBS'),(168,194,25,'DMBS'),(169,195,25,'DMBS'),(170,196,25,'DMBS'),(172,198,25,'DMBS'),(174,200,3,'DMO'),(175,201,11,'DMOH'),(176,202,11,'DMOH'),(177,203,11,'DMOH'),(178,204,11,'DMOH'),(179,205,11,'DMOH'),(180,206,11,'DMOH'),(181,207,11,'DMOH'),(183,209,11,'DMOH'),(185,211,9,'DMON'),(186,210,9,'DMON'),(190,214,27,'DMI'),(191,215,28,'DMIR'),(193,217,28,'DMIR'),(194,218,29,'DMIB'),(195,219,28,'DMIR'),(196,220,29,'DMIB'),(197,221,28,'DMIR'),(198,213,29,'DMIB'),(199,216,27,'DMI'),(200,223,29,'DMIB'),(202,225,29,'DMIB'),(203,224,27,'DMI'),(204,227,27,'DMI'),(205,228,27,'DMI'),(207,230,28,'DMIR'),(208,229,28,'DMIR'),(209,231,28,'DMIR'),(211,233,29,'DMIB'),(212,232,29,'DMIB'),(213,235,27,'DMI'),(214,236,29,'DMIB'),(215,237,27,'DMI'),(216,238,28,'DMIR'),(218,240,28,'DMIR'),(219,239,29,'DMIB'),(221,243,29,'DMIB'),(222,242,29,'DMIB'),(223,245,29,'DMIB'),(224,246,29,'DMIB'),(225,247,29,'DMIB'),(226,248,29,'DMIB'),(228,250,29,'DMIB'),(229,249,29,'DMIB'),(230,252,29,'DMIB'),(231,253,29,'DMIB'),(232,254,29,'DMIB'),(233,255,29,'DMIB'),(234,256,29,'DMIB'),(235,257,28,'DMIR'),(237,259,28,'DMIR'),(238,258,29,'DMIB'),(239,260,29,'DMIB'),(240,262,3,'DMO'),(241,263,3,'DMO'),(244,265,10,'DMOG'),(245,264,9,'DMON'),(246,264,10,'DMOG'),(249,268,10,'DMOG'),(250,267,9,'DMON'),(251,267,10,'DMOG'),(254,271,10,'DMOG'),(255,270,9,'DMON'),(256,270,10,'DMOG'),(259,274,10,'DMOG'),(260,273,9,'DMON'),(261,273,10,'DMOG'),(262,276,9,'DMON'),(263,276,10,'DMOG'),(264,277,10,'DMOG'),(265,278,9,'DMON'),(266,278,7,'DMOM'),(267,279,7,'DMOM'),(268,280,3,'DMO'),(269,281,3,'DMO'),(272,283,7,'DMOM'),(273,282,31,'DMOA'),(274,282,7,'DMOM'),(277,286,10,'DMOG'),(278,285,31,'DMOA'),(279,285,7,'DMOM'),(282,289,10,'DMOG'),(283,288,31,'DMOA'),(284,288,7,'DMOM'),(287,292,10,'DMOG'),(288,291,10,'DMOG'),(291,295,10,'DMOG'),(292,294,31,'DMOA'),(293,294,10,'DMOG'),(294,297,3,'DMO'),(295,298,3,'DMO'),(298,300,7,'DMOM'),(299,299,6,'DMOO'),(300,299,7,'DMOM'),(303,303,10,'DMOG'),(304,302,6,'DMOO'),(305,302,10,'DMOG'),(308,306,10,'DMOG'),(309,305,6,'DMOO'),(310,305,10,'DMOG'),(312,309,3,'DMO'),(315,308,6,'DMOO'),(316,308,8,'DMOT'),(317,312,3,'DMO'),(318,313,10,'DMOG'),(321,315,7,'DMOM'),(322,314,12,'DMOS'),(323,314,7,'DMOM'),(326,318,12,'DMOS'),(327,318,10,'DMOG'),(328,317,12,'DMOS'),(329,317,10,'DMOG'),(332,321,10,'DMOG'),(333,320,12,'DMOS'),(334,320,10,'DMOG'),(337,324,12,'DMOS'),(338,324,10,'DMOG'),(339,323,12,'DMOS'),(340,323,10,'DMOG'),(342,327,32,'DMBI'),(345,330,34,'DMBD'),(346,331,34,'DMBD'),(347,329,34,'DMBD'),(348,333,34,'DMBD'),(350,335,34,'DMBD'),(351,326,5,'DMB'),(352,334,34,'DMBD'),(353,337,32,'DMBI'),(354,338,32,'DMBI'),(355,339,32,'DMBI'),(357,341,32,'DMBI'),(358,340,25,'DMBS'),(359,343,5,'DMB'),(360,344,5,'DMB'),(362,345,33,'DMBK'),(363,346,33,'DMBK'),(364,347,33,'DMBK'),(365,348,33,'DMBK'),(366,349,33,'DMBK'),(367,350,33,'DMBK'),(368,351,33,'DMBK'),(369,352,33,'DMBK'),(370,353,5,'DMB'),(371,353,17,'DPM'),(372,354,5,'DMB'),(373,355,32,'DMBI'),(374,356,26,'DMBP'),(375,357,35,'SDMK'),(376,358,35,'SDMK'),(377,359,26,'DMBP'),(378,360,26,'DMBP'),(379,361,26,'DMBP'),(380,362,35,'SDMK'),(381,363,35,'SDMK'),(382,364,26,'DMBP'),(383,365,26,'DMBP'),(384,366,26,'DMBP'),(385,367,26,'DMBP'),(386,368,26,'DMBP'),(387,369,26,'DMBP'),(388,370,26,'DMBP'),(389,371,26,'DMBP'),(390,372,26,'DMBP'),(391,373,26,'DMBP'),(392,374,26,'DMBP'),(393,375,26,'DMBP'),(396,377,26,'DMBP'),(397,376,26,'DMBP'),(401,380,13,'DMEW'),(402,381,13,'DMEW'),(403,382,14,'DMEN'),(404,383,14,'DMEN'),(406,384,36,'DMEE'),(407,385,36,'DMEE'),(409,386,37,'DMED'),(410,387,37,'DMED'),(411,388,4,'DMEP'),(412,389,4,'DMEP'),(415,391,6,'DMOO'),(416,392,7,'DMOM'),(417,392,10,'DMOG'),(418,393,31,'DMOA'),(419,394,7,'DMOM'),(420,394,10,'DMOG'),(421,395,11,'DMOH'),(422,396,11,'DMOH'),(423,397,9,'DMON'),(424,398,7,'DMOM'),(425,398,10,'DMOG'),(426,399,12,'DMOS'),(427,400,7,'DMOM'),(428,400,10,'DMOG'),(430,379,5,'DMB'),(431,379,2,'DME'),(432,379,3,'DMO'),(433,379,39,'DMT'),(434,379,23,'SDM'),(445,390,5,'DMB'),(446,390,2,'DME'),(447,390,3,'DMO'),(448,390,39,'DMT'),(449,390,23,'SDM'),(450,378,5,'DMB'),(456,402,2,'DME'),(457,403,3,'DMO'),(458,404,40,'DMTS'),(459,405,40,'DMTS'),(460,406,38,'DMTL'),(461,407,38,'DMTL'),(462,408,41,'DMTE'),(463,409,41,'DMTE'),(464,410,42,'DMTP'),(467,413,42,'DMTP'),(468,414,43,'DMTO'),(469,415,43,'DMTO'),(471,417,34,'DMBD'),(472,418,34,'DMBD'),(473,419,32,'DMBI'),(474,420,32,'DMBI'),(475,421,23,'SDM'),(476,422,24,'SDML'),(477,423,24,'SDML'),(478,424,44,'SDMH'),(479,425,44,'SDMH'),(480,426,5,'DMB'),(482,428,13,'DMEW'),(483,429,13,'DMEW'),(484,430,36,'DMEE'),(485,431,14,'DMEN'),(487,432,36,'DMEE'),(488,433,36,'DMEE'),(489,434,37,'DMED'),(490,435,37,'DMED'),(491,436,4,'DMEP'),(492,437,4,'DMEP'),(494,439,6,'DMOO'),(495,440,6,'DMOO'),(496,441,31,'DMOA'),(497,442,7,'DMOM'),(498,442,10,'DMOG'),(499,443,11,'DMOH'),(500,444,11,'DMOH'),(501,445,9,'DMON'),(502,446,7,'DMOM'),(503,446,10,'DMOG'),(504,447,12,'DMOS'),(505,448,7,'DMOM'),(506,448,10,'DMOG'),(508,450,40,'DMTS'),(509,451,40,'DMTS'),(510,452,38,'DMTL'),(511,453,38,'DMTL'),(512,454,41,'DMTE'),(513,455,41,'DMTE'),(514,456,42,'DMTP'),(515,457,42,'DMTP'),(516,458,43,'DMTO'),(517,459,43,'DMTO'),(519,461,34,'DMBD'),(520,462,34,'DMBD'),(521,401,39,'DMT'),(523,416,23,'SDM'),(524,466,37,'DMED'),(525,467,37,'DMED'),(526,468,37,'DMED'),(527,469,37,'DMED'),(528,470,37,'DMED'),(529,471,37,'DMED'),(530,472,6,'DMOO'),(531,473,7,'DMOM'),(532,473,10,'DMOG'),(533,474,7,'DMOM'),(534,474,10,'DMOG'),(535,475,31,'DMOA'),(536,476,7,'DMOM'),(537,476,10,'DMOG'),(538,477,7,'DMOM'),(539,477,10,'DMOG'),(540,478,9,'DMON'),(541,479,7,'DMOM'),(542,479,10,'DMOG'),(543,480,7,'DMOM'),(544,480,10,'DMOG'),(545,481,12,'DMOS'),(546,482,7,'DMOM'),(547,482,10,'DMOG'),(548,483,7,'DMOM'),(549,483,10,'DMOG'),(550,427,2,'DME'),(551,438,3,'DMO'),(552,449,39,'DMT'),(553,460,5,'DMB'),(555,489,24,'SDML'),(556,490,23,'SDM'),(557,488,23,'SDM'),(558,492,24,'SDML'),(560,491,23,'SDM'),(561,494,24,'SDML'),(562,495,24,'SDML'),(563,496,24,'SDML'),(564,497,24,'SDML'),(565,498,24,'SDML'),(568,501,45,'SDMU'),(569,500,45,'SDMU'),(571,504,35,'SDMK'),(572,503,35,'SDMK'),(574,507,24,'SDML'),(575,508,23,'SDM'),(576,506,23,'SDM'),(577,510,24,'SDML'),(578,509,24,'SDML'),(579,512,24,'SDML'),(580,513,24,'SDML'),(581,514,24,'SDML'),(583,516,24,'SDML'),(584,517,24,'SDML'),(585,515,24,'SDML'),(586,518,24,'SDML'),(587,519,24,'SDML'),(588,520,24,'SDML'),(589,521,24,'SDML'),(590,522,24,'SDML'),(591,523,24,'SDML'),(592,524,39,'DMT'),(593,525,39,'DMT'),(594,526,40,'DMTS'),(595,527,40,'DMTS'),(596,528,40,'DMTS'),(597,529,40,'DMTS'),(598,530,40,'DMTS'),(599,531,40,'DMTS'),(600,532,40,'DMTS'),(601,533,40,'DMTS'),(602,534,40,'DMTS'),(603,535,40,'DMTS'),(604,536,38,'DMTL'),(605,537,38,'DMTL'),(606,538,38,'DMTL'),(607,539,38,'DMTL'),(608,540,38,'DMTL'),(609,541,38,'DMTL'),(611,543,38,'DMTL'),(612,544,38,'DMTL'),(613,545,38,'DMTL'),(615,547,41,'DMTE'),(616,546,41,'DMTE'),(618,550,41,'DMTE'),(619,549,41,'DMTE'),(620,552,41,'DMTE'),(621,553,41,'DMTE'),(623,555,43,'DMTO'),(624,554,43,'DMTO'),(626,558,43,'DMTO'),(627,557,43,'DMTO'),(628,560,43,'DMTO'),(629,561,43,'DMTO'),(630,562,42,'DMTP'),(631,563,42,'DMTP'),(632,564,42,'DMTP'),(633,565,42,'DMTP'),(634,566,42,'DMTP'),(635,567,42,'DMTP'),(636,568,42,'DMTP'),(637,569,42,'DMTP'),(638,570,42,'DMTP'),(639,571,42,'DMTP'),(641,573,42,'DMTP'),(642,574,42,'DMTP'),(644,576,45,'SDMU'),(645,577,23,'SDM'),(646,575,23,'SDM'),(647,579,45,'SDMU'),(648,580,45,'SDMU'),(649,581,45,'SDMU'),(650,582,45,'SDMU'),(651,583,45,'SDMU'),(652,584,45,'SDMU'),(653,585,45,'SDMU'),(654,586,45,'SDMU'),(655,587,45,'SDMU'),(656,588,45,'SDMU'),(657,589,45,'SDMU'),(658,590,45,'SDMU'),(660,592,24,'SDML'),(661,591,24,'SDML'),(663,595,44,'SDMH'),(664,594,44,'SDMH'),(666,598,44,'SDMH'),(667,597,44,'SDMH'),(668,600,23,'SDM'),(669,601,45,'SDMU'),(670,602,45,'SDMU'),(671,603,45,'SDMU'),(672,604,45,'SDMU'),(673,605,45,'SDMU'),(674,606,45,'SDMU'),(675,607,45,'SDMU'),(676,608,35,'SDMK'),(677,609,35,'SDMK'),(678,610,35,'SDMK'),(679,611,35,'SDMK'),(680,612,35,'SDMK'),(681,613,35,'SDMK'),(682,614,35,'SDMK'),(683,615,35,'SDMK'),(684,616,35,'SDMK'),(685,617,24,'SDML'),(686,618,24,'SDML'),(687,619,24,'SDML'),(688,620,24,'SDML'),(689,621,24,'SDML'),(690,622,24,'SDML'),(691,623,24,'SDML'),(692,624,24,'SDML'),(693,625,24,'SDML'),(694,626,24,'SDML'),(695,627,24,'SDML'),(696,628,44,'SDMH'),(697,629,44,'SDMH'),(698,630,44,'SDMH'),(699,631,44,'SDMH'),(700,632,44,'SDMH'),(701,633,44,'SDMH'),(702,634,44,'SDMH'),(703,635,44,'SDMH'),(704,636,44,'SDMH'),(705,637,44,'SDMH'),(706,638,44,'SDMH'),(707,639,44,'SDMH'),(708,640,44,'SDMH'),(709,641,44,'SDMH'),(710,642,23,'SDM'),(711,643,45,'SDMU'),(714,646,45,'SDMU'),(715,645,45,'SDMU'),(717,644,45,'SDMU'),(719,651,45,'SDMU'),(720,652,23,'SDM'),(722,654,45,'SDMU'),(724,656,45,'SDMU'),(725,650,45,'SDMU'),(726,658,5,'DMB'),(727,659,5,'DMB'),(728,660,5,'DMB'),(729,661,5,'DMB'),(731,663,2,'DME'),(732,664,2,'DME'),(733,665,2,'DME'),(734,666,2,'DME'),(735,667,3,'DMO'),(736,668,3,'DMO'),(737,669,3,'DMO'),(738,670,3,'DMO'),(739,671,39,'DMT'),(740,672,39,'DMT'),(741,673,39,'DMT'),(742,674,39,'DMT'),(743,675,27,'DMI'),(744,676,27,'DMI'),(745,677,27,'DMI'),(746,678,27,'DMI'),(747,679,23,'SDM'),(748,680,23,'SDM'),(749,681,23,'SDM'),(750,682,23,'SDM'),(751,683,23,'SDM'),(752,684,35,'SDMK'),(753,685,5,'DMB'),(754,686,5,'DMB'),(755,686,35,'SDMK'),(756,687,2,'DME'),(757,688,2,'DME'),(758,688,35,'SDMK'),(759,689,3,'DMO'),(760,690,3,'DMO'),(761,690,35,'SDMK'),(762,691,39,'DMT'),(763,692,39,'DMT'),(764,692,35,'SDMK'),(765,693,27,'DMI'),(766,694,27,'DMI'),(767,694,35,'SDMK'),(768,695,23,'SDM'),(769,696,35,'SDMK'),(770,697,23,'SDM'),(771,698,35,'SDMK'),(772,699,35,'SDMK'),(773,700,35,'SDMK'),(774,701,35,'SDMK'),(775,702,35,'SDMK'),(776,703,35,'SDMK'),(777,704,35,'SDMK'),(778,705,35,'SDMK'),(779,706,35,'SDMK'),(781,708,28,'DMIR'),(782,707,28,'DMIR'),(783,118,6,'DMOO'),(784,711,3,'DMO'),(785,712,12,'DMOS'),(788,714,12,'DMOS'),(789,715,12,'DMOS'),(790,713,11,'DMOH'),(791,713,12,'DMOS'),(792,717,2,'DME'),(793,718,4,'DMEP'),(794,719,2,'DME'),(795,720,4,'DMEP'),(797,722,8,'DMOT'),(798,723,12,'DMOS'),(799,723,8,'DMOT'),(802,725,12,'DMOS'),(803,725,8,'DMOT'),(804,721,12,'DMOS'),(805,721,8,'DMOT'),(806,726,12,'DMOS'),(807,726,8,'DMOT'),(809,728,8,'DMOT'),(812,727,12,'DMOS'),(813,727,8,'DMOT'),(814,729,12,'DMOS'),(815,729,8,'DMOT'),(816,732,5,'DMB'),(817,733,25,'DMBS'),(819,735,25,'DMBS'),(820,734,25,'DMBS'),(821,737,35,'SDMK'),(822,738,35,'SDMK'),(823,739,35,'SDMK'),(824,740,35,'SDMK'),(825,741,13,'DMEW'),(826,742,13,'DMEW'),(827,743,13,'DMEW'),(828,744,13,'DMEW'),(829,745,13,'DMEW'),(830,746,13,'DMEW'),(831,747,15,'DMEN/DMEW'),(832,748,14,'DMEN'),(833,749,15,'DMEN/DMEW'),(834,750,14,'DMEN'),(836,86,4,'DMEP'),(841,84,4,'DMEP'),(842,90,4,'DMEP'),(843,755,4,'DMEP'),(844,756,4,'DMEP'),(845,2,2,'DME'),(846,2,3,'DMO'),(847,3,2,'DME'),(848,3,3,'DMO'),(849,9,2,'DME'),(850,9,3,'DMO'),(851,15,2,'DME'),(852,15,3,'DMO'),(853,757,32,'DMBI'),(860,178,5,'DMB'),(861,184,5,'DMB'),(862,199,3,'DMO'),(863,208,3,'DMO'),(888,648,45,'SDMU'),(889,649,45,'SDMU'),(890,785,5,'DMB'),(892,787,5,'DMB'),(896,789,3,'DMO'),(897,790,3,'DMO'),(898,791,3,'DMO'),(900,792,3,'DMO'),(901,780,13,'DMEW'),(902,781,14,'DMEN'),(903,782,36,'DMEE'),(904,786,24,'SDML'),(905,783,37,'DMED'),(906,788,44,'SDMH'),(907,784,4,'DMEP'),(908,793,3,'DMO'),(909,773,6,'DMOO'),(910,774,31,'DMOA'),(911,775,11,'DMOH'),(912,776,9,'DMON'),(913,777,12,'DMOS'),(914,778,34,'DMBD'),(915,779,32,'DMBI'),(916,758,13,'DMEW'),(917,759,14,'DMEN'),(918,760,36,'DMEE'),(919,761,37,'DMED'),(920,762,4,'DMEP'),(921,763,6,'DMOO'),(922,764,31,'DMOA'),(923,765,11,'DMOH'),(924,766,9,'DMON'),(925,767,12,'DMOS'),(926,768,40,'DMTS'),(927,769,38,'DMTL'),(928,770,41,'DMTE'),(929,771,42,'DMTP'),(930,772,43,'DMTO'),(931,794,34,'DMBD'),(932,795,6,'DMOO'),(933,796,40,'DMTS'),(934,797,38,'DMTL'),(935,798,6,'DMOO'),(936,799,41,'DMTE'),(937,800,42,'DMTP'),(938,801,43,'DMTO'),(939,499,24,'SDML');
/*!40000 ALTER TABLE `kompositor_pic` ENABLE KEYS */;
UNLOCK TABLES;

--
-- Table structure for table `laporan_capaian`
--

DROP TABLE IF EXISTS `laporan_capaian`;
/*!40101 SET @saved_cs_client     = @@character_set_client */;
/*!50503 SET character_set_client = utf8mb4 */;
CREATE TABLE `laporan_capaian` (
  `id` int NOT NULL AUTO_INCREMENT,
  `periode_id` int DEFAULT NULL,
  `indikator_id` int DEFAULT NULL,
  `kategori_kinerja_id` int DEFAULT NULL,
  `target` float(11,2) DEFAULT NULL,
  `target_format` varchar(50) CHARACTER SET utf8mb3 COLLATE utf8mb3_general_ci DEFAULT NULL,
  `status_kinerja` varchar(50) CHARACTER SET utf8mb3 COLLATE utf8mb3_general_ci DEFAULT NULL,
  `kinerja_tahunan` varchar(50) CHARACTER SET utf8mb3 COLLATE utf8mb3_general_ci DEFAULT NULL,
  `sumber_data` text CHARACTER SET utf8mb3 COLLATE utf8mb3_general_ci,
  PRIMARY KEY (`id`) USING BTREE,
  KEY `IXFK_laporan_capaian_indikator` (`indikator_id`) USING BTREE,
  KEY `IXFK_laporan_capaian_periode` (`periode_id`) USING BTREE,
  CONSTRAINT `FK_laporan_capaian_indikator` FOREIGN KEY (`indikator_id`) REFERENCES `indikator` (`id`),
  CONSTRAINT `FK_laporan_capaian_periode` FOREIGN KEY (`periode_id`) REFERENCES `periode` (`id`)
) ENGINE=InnoDB AUTO_INCREMENT=2729 DEFAULT CHARSET=utf8mb3 ROW_FORMAT=DYNAMIC;
/*!40101 SET character_set_client = @saved_cs_client */;

--
-- Dumping data for table `laporan_capaian`
--

LOCK TABLES `laporan_capaian` WRITE;
/*!40000 ALTER TABLE `laporan_capaian` DISABLE KEYS */;
INSERT INTO `laporan_capaian` VALUES (2064,4,1,NULL,1.00,'Decimal',NULL,NULL,NULL),(2065,4,2,NULL,1.00,'Decimal',NULL,NULL,NULL),(2066,4,3,NULL,2029.00,'Decimal',NULL,NULL,NULL),(2067,4,4,NULL,743.00,'Decimal',NULL,NULL,NULL),(2068,4,5,NULL,1286.00,'Decimal',NULL,NULL,NULL),(2069,4,6,NULL,NULL,NULL,NULL,NULL,NULL),(2070,4,7,NULL,NULL,NULL,NULL,NULL,NULL),(2071,4,8,NULL,NULL,NULL,NULL,NULL,NULL),(2072,4,9,NULL,0.15,'Persentase',NULL,NULL,NULL),(2073,4,10,NULL,0.15,'Persentase',NULL,NULL,NULL),(2074,4,11,NULL,NULL,NULL,NULL,NULL,NULL),(2075,4,12,NULL,NULL,NULL,NULL,NULL,NULL),(2076,4,13,NULL,1.00,'Decimal',NULL,NULL,NULL),(2077,4,14,NULL,NULL,NULL,NULL,NULL,NULL),(2078,4,15,NULL,NULL,NULL,NULL,NULL,NULL),(2079,4,16,NULL,NULL,NULL,NULL,NULL,NULL),(2080,4,17,NULL,NULL,NULL,NULL,NULL,NULL),(2081,4,18,NULL,NULL,NULL,NULL,NULL,NULL),(2082,4,19,NULL,NULL,NULL,NULL,NULL,NULL),(2083,4,20,NULL,NULL,NULL,NULL,NULL,NULL),(2084,4,21,NULL,NULL,NULL,NULL,NULL,NULL),(2085,4,22,NULL,NULL,NULL,NULL,NULL,NULL),(2086,4,23,NULL,NULL,NULL,NULL,NULL,NULL),(2087,4,24,NULL,NULL,NULL,NULL,NULL,NULL),(2088,4,25,NULL,NULL,NULL,NULL,NULL,NULL),(2089,4,26,NULL,NULL,NULL,NULL,NULL,NULL),(2090,4,27,NULL,NULL,NULL,NULL,NULL,NULL),(2091,4,28,NULL,NULL,NULL,NULL,NULL,NULL),(2092,4,29,NULL,NULL,NULL,NULL,NULL,NULL),(2093,4,30,NULL,NULL,NULL,NULL,NULL,NULL),(2094,4,31,NULL,NULL,NULL,NULL,NULL,NULL),(2095,4,32,NULL,NULL,NULL,NULL,NULL,NULL),(2096,4,33,NULL,NULL,NULL,NULL,NULL,NULL),(2097,4,34,NULL,1.00,'Decimal',NULL,NULL,NULL),(2098,4,35,NULL,NULL,NULL,NULL,NULL,NULL),(2099,4,36,NULL,NULL,NULL,NULL,NULL,NULL),(2100,4,37,NULL,NULL,NULL,NULL,NULL,NULL),(2101,4,38,NULL,NULL,NULL,NULL,NULL,NULL),(2102,4,39,NULL,NULL,NULL,NULL,NULL,NULL),(2103,4,40,NULL,NULL,NULL,NULL,NULL,NULL),(2104,4,41,NULL,NULL,NULL,NULL,NULL,NULL),(2105,4,42,NULL,NULL,NULL,NULL,NULL,NULL),(2106,4,43,NULL,NULL,NULL,NULL,NULL,NULL),(2107,4,44,NULL,NULL,NULL,NULL,NULL,NULL),(2108,4,45,NULL,NULL,NULL,NULL,NULL,NULL),(2109,4,46,NULL,NULL,NULL,NULL,NULL,NULL),(2110,4,47,NULL,NULL,NULL,NULL,NULL,NULL),(2111,4,48,NULL,NULL,NULL,NULL,NULL,NULL),(2112,4,49,NULL,NULL,NULL,NULL,NULL,NULL),(2113,4,50,NULL,NULL,NULL,NULL,NULL,NULL),(2114,4,51,NULL,NULL,NULL,NULL,NULL,NULL),(2115,4,52,NULL,NULL,NULL,NULL,NULL,NULL),(2116,4,53,NULL,NULL,NULL,NULL,NULL,NULL),(2117,4,54,NULL,NULL,NULL,NULL,NULL,NULL),(2118,4,55,NULL,NULL,NULL,NULL,NULL,NULL),(2119,4,56,NULL,NULL,NULL,NULL,NULL,NULL),(2120,4,57,NULL,NULL,NULL,NULL,NULL,NULL),(2121,4,58,NULL,NULL,NULL,NULL,NULL,NULL),(2122,4,59,NULL,NULL,NULL,NULL,NULL,NULL),(2123,4,60,NULL,NULL,NULL,NULL,NULL,NULL),(2124,4,61,NULL,NULL,NULL,NULL,NULL,NULL),(2125,4,62,NULL,NULL,NULL,NULL,NULL,NULL),(2126,4,63,NULL,NULL,NULL,NULL,NULL,NULL),(2127,4,64,NULL,NULL,NULL,NULL,NULL,NULL),(2128,4,65,NULL,NULL,NULL,NULL,NULL,NULL),(2129,4,66,NULL,NULL,NULL,NULL,NULL,NULL),(2130,4,67,NULL,NULL,NULL,NULL,NULL,NULL),(2131,4,68,NULL,NULL,NULL,NULL,NULL,NULL),(2132,4,69,NULL,NULL,NULL,NULL,NULL,NULL),(2133,4,70,NULL,NULL,NULL,NULL,NULL,NULL),(2134,4,71,NULL,NULL,NULL,NULL,NULL,NULL),(2135,4,73,NULL,NULL,NULL,NULL,NULL,NULL),(2136,4,74,NULL,NULL,NULL,NULL,NULL,NULL),(2137,4,75,NULL,NULL,NULL,NULL,NULL,NULL),(2138,4,76,NULL,NULL,NULL,NULL,NULL,NULL),(2139,4,77,NULL,NULL,NULL,NULL,NULL,NULL),(2140,4,78,NULL,NULL,NULL,NULL,NULL,NULL),(2141,4,79,NULL,NULL,NULL,NULL,NULL,NULL),(2142,4,80,NULL,NULL,NULL,NULL,NULL,NULL),(2143,4,81,NULL,NULL,NULL,NULL,NULL,NULL),(2144,4,82,NULL,NULL,NULL,NULL,NULL,NULL),(2145,4,84,NULL,NULL,NULL,NULL,NULL,NULL),(2146,4,85,NULL,NULL,NULL,NULL,NULL,NULL),(2147,4,86,NULL,NULL,NULL,NULL,NULL,NULL),(2148,4,87,NULL,NULL,NULL,NULL,NULL,NULL),(2149,4,88,NULL,NULL,NULL,NULL,NULL,NULL),(2150,4,89,NULL,NULL,NULL,NULL,NULL,NULL),(2151,4,90,NULL,NULL,NULL,NULL,NULL,NULL),(2152,4,92,NULL,68.00,'Decimal',NULL,'2023',NULL),(2153,4,93,NULL,68.00,'Decimal',NULL,'2023',NULL),(2154,4,94,NULL,NULL,NULL,NULL,NULL,NULL),(2155,4,95,NULL,NULL,NULL,NULL,NULL,NULL),(2156,4,96,NULL,NULL,NULL,NULL,NULL,NULL),(2157,4,97,NULL,NULL,NULL,NULL,NULL,NULL),(2158,4,98,NULL,NULL,NULL,NULL,NULL,NULL),(2159,4,99,NULL,NULL,NULL,NULL,NULL,NULL),(2160,4,100,NULL,NULL,NULL,NULL,NULL,NULL),(2161,4,101,NULL,NULL,NULL,NULL,NULL,NULL),(2162,4,102,NULL,NULL,NULL,NULL,NULL,NULL),(2163,4,103,NULL,NULL,NULL,NULL,NULL,NULL),(2164,4,104,NULL,NULL,NULL,NULL,NULL,NULL),(2165,4,105,NULL,NULL,NULL,NULL,NULL,NULL),(2166,4,106,NULL,NULL,NULL,NULL,NULL,NULL),(2167,4,107,NULL,NULL,NULL,NULL,NULL,NULL),(2168,4,108,NULL,NULL,NULL,NULL,NULL,NULL),(2169,4,109,NULL,NULL,NULL,NULL,NULL,NULL),(2170,4,110,NULL,NULL,NULL,NULL,NULL,NULL),(2171,4,111,NULL,NULL,NULL,NULL,NULL,NULL),(2172,4,112,NULL,NULL,NULL,NULL,NULL,NULL),(2173,4,113,NULL,NULL,NULL,NULL,NULL,NULL),(2174,4,114,NULL,NULL,NULL,NULL,NULL,NULL),(2175,4,115,NULL,NULL,NULL,NULL,NULL,NULL),(2176,4,116,NULL,NULL,NULL,NULL,NULL,NULL),(2177,4,117,NULL,NULL,NULL,NULL,NULL,NULL),(2178,4,118,NULL,NULL,NULL,NULL,NULL,NULL),(2179,4,119,NULL,NULL,NULL,NULL,NULL,NULL),(2180,4,120,NULL,NULL,NULL,NULL,NULL,NULL),(2181,4,121,NULL,NULL,NULL,NULL,NULL,NULL),(2182,4,122,NULL,NULL,NULL,NULL,NULL,NULL),(2183,4,123,NULL,NULL,NULL,NULL,NULL,NULL),(2184,4,124,NULL,NULL,NULL,NULL,NULL,NULL),(2185,4,125,NULL,NULL,NULL,NULL,NULL,NULL),(2186,4,126,NULL,NULL,NULL,NULL,NULL,NULL),(2187,4,127,NULL,NULL,NULL,NULL,NULL,NULL),(2188,4,128,NULL,NULL,NULL,NULL,NULL,NULL),(2189,4,129,NULL,NULL,NULL,NULL,NULL,NULL),(2190,4,130,NULL,NULL,NULL,NULL,NULL,NULL),(2191,4,131,NULL,NULL,NULL,NULL,NULL,NULL),(2192,4,132,NULL,NULL,NULL,NULL,NULL,NULL),(2193,4,133,NULL,NULL,NULL,NULL,NULL,NULL),(2194,4,134,NULL,NULL,NULL,NULL,NULL,NULL),(2195,4,135,NULL,NULL,NULL,NULL,NULL,NULL),(2196,4,136,NULL,NULL,NULL,NULL,NULL,NULL),(2197,4,137,NULL,NULL,NULL,NULL,NULL,NULL),(2198,4,138,NULL,NULL,NULL,NULL,NULL,NULL),(2199,4,139,NULL,NULL,NULL,NULL,NULL,NULL),(2200,4,140,NULL,NULL,NULL,NULL,NULL,NULL),(2201,4,141,NULL,NULL,NULL,NULL,NULL,NULL),(2202,4,142,NULL,NULL,NULL,NULL,NULL,NULL),(2203,4,143,NULL,NULL,NULL,NULL,NULL,NULL),(2204,4,144,NULL,NULL,NULL,NULL,NULL,NULL),(2205,4,145,NULL,NULL,NULL,NULL,NULL,NULL),(2206,4,146,NULL,NULL,NULL,NULL,NULL,NULL),(2207,4,147,NULL,NULL,NULL,NULL,NULL,NULL),(2208,4,148,NULL,NULL,NULL,NULL,NULL,NULL),(2209,4,149,NULL,NULL,NULL,NULL,NULL,NULL),(2210,4,150,NULL,NULL,NULL,NULL,NULL,NULL),(2211,4,151,NULL,NULL,NULL,NULL,NULL,NULL),(2212,4,152,NULL,NULL,NULL,NULL,NULL,NULL),(2213,4,153,NULL,NULL,NULL,NULL,NULL,NULL),(2214,4,154,NULL,NULL,NULL,NULL,NULL,NULL),(2215,4,155,NULL,NULL,NULL,NULL,NULL,NULL),(2216,4,156,NULL,NULL,NULL,NULL,NULL,NULL),(2217,4,157,NULL,NULL,NULL,NULL,NULL,NULL),(2218,4,158,NULL,NULL,NULL,NULL,NULL,NULL),(2219,4,159,NULL,NULL,NULL,NULL,NULL,NULL),(2220,4,160,NULL,NULL,NULL,NULL,NULL,NULL),(2221,4,161,NULL,NULL,NULL,NULL,NULL,NULL),(2222,4,162,NULL,NULL,NULL,NULL,NULL,NULL),(2223,4,163,NULL,NULL,NULL,NULL,NULL,NULL),(2224,4,164,NULL,NULL,NULL,NULL,NULL,NULL),(2225,4,165,NULL,NULL,NULL,NULL,NULL,NULL),(2226,4,166,NULL,NULL,NULL,NULL,NULL,NULL),(2227,4,167,NULL,NULL,NULL,NULL,NULL,NULL),(2228,4,168,NULL,NULL,NULL,NULL,NULL,NULL),(2229,4,169,NULL,NULL,NULL,NULL,NULL,NULL),(2230,4,170,NULL,NULL,NULL,NULL,NULL,NULL),(2231,4,171,NULL,NULL,NULL,NULL,NULL,NULL),(2232,4,172,NULL,NULL,NULL,NULL,NULL,NULL),(2233,4,173,NULL,NULL,NULL,NULL,NULL,NULL),(2234,4,174,NULL,NULL,NULL,NULL,NULL,NULL),(2235,4,175,NULL,NULL,NULL,NULL,NULL,NULL),(2236,4,176,NULL,NULL,NULL,NULL,NULL,NULL),(2237,4,177,NULL,NULL,NULL,NULL,NULL,NULL),(2238,4,178,NULL,NULL,NULL,NULL,NULL,NULL),(2239,4,179,NULL,NULL,NULL,NULL,NULL,NULL),(2240,4,180,NULL,NULL,NULL,NULL,NULL,NULL),(2241,4,181,NULL,NULL,NULL,NULL,NULL,NULL),(2242,4,182,NULL,NULL,NULL,NULL,NULL,NULL),(2243,4,183,NULL,NULL,NULL,NULL,NULL,NULL),(2244,4,184,NULL,NULL,NULL,NULL,NULL,NULL),(2245,4,185,NULL,NULL,NULL,NULL,NULL,NULL),(2246,4,186,NULL,NULL,NULL,NULL,NULL,NULL),(2247,4,187,NULL,NULL,NULL,NULL,NULL,NULL),(2248,4,188,NULL,NULL,NULL,NULL,NULL,NULL),(2249,4,189,NULL,NULL,NULL,NULL,NULL,NULL),(2250,4,190,NULL,NULL,NULL,NULL,NULL,NULL),(2251,4,191,NULL,NULL,NULL,NULL,NULL,NULL),(2252,4,192,NULL,NULL,NULL,NULL,NULL,NULL),(2253,4,193,NULL,NULL,NULL,NULL,NULL,NULL),(2254,4,194,NULL,NULL,NULL,NULL,NULL,NULL),(2255,4,195,NULL,NULL,NULL,NULL,NULL,NULL),(2256,4,196,NULL,NULL,NULL,NULL,NULL,NULL),(2257,4,197,NULL,NULL,NULL,NULL,NULL,NULL),(2258,4,198,NULL,NULL,NULL,NULL,NULL,NULL),(2259,4,199,NULL,NULL,NULL,NULL,NULL,NULL),(2260,4,200,NULL,NULL,NULL,NULL,NULL,NULL),(2261,4,201,NULL,NULL,NULL,NULL,NULL,NULL),(2262,4,202,NULL,NULL,NULL,NULL,NULL,NULL),(2263,4,203,NULL,NULL,NULL,NULL,NULL,NULL),(2264,4,204,NULL,NULL,NULL,NULL,NULL,NULL),(2265,4,206,NULL,NULL,NULL,NULL,NULL,NULL),(2266,4,207,NULL,NULL,NULL,NULL,NULL,NULL),(2267,4,208,NULL,NULL,NULL,NULL,NULL,NULL),(2268,4,209,NULL,NULL,NULL,NULL,NULL,NULL),(2269,4,210,NULL,NULL,NULL,NULL,NULL,NULL),(2270,4,211,NULL,NULL,NULL,NULL,NULL,NULL),(2271,4,212,NULL,NULL,NULL,NULL,NULL,NULL),(2272,4,213,NULL,NULL,NULL,NULL,NULL,NULL),(2273,4,214,NULL,NULL,NULL,NULL,NULL,NULL),(2274,4,215,NULL,NULL,NULL,NULL,NULL,NULL),(2275,4,216,NULL,NULL,NULL,NULL,NULL,NULL),(2276,4,217,NULL,NULL,NULL,NULL,NULL,NULL),(2277,4,218,NULL,NULL,NULL,NULL,NULL,NULL),(2278,4,219,NULL,NULL,NULL,NULL,NULL,NULL),(2279,4,220,NULL,NULL,NULL,NULL,NULL,NULL),(2280,4,221,NULL,NULL,NULL,NULL,NULL,NULL),(2281,4,222,NULL,NULL,NULL,NULL,NULL,NULL),(2282,4,223,NULL,NULL,NULL,NULL,NULL,NULL),(2283,4,224,NULL,NULL,NULL,NULL,NULL,NULL),(2284,4,225,NULL,NULL,NULL,NULL,NULL,NULL),(2285,4,226,NULL,NULL,NULL,NULL,NULL,NULL),(2286,4,227,NULL,NULL,NULL,NULL,NULL,NULL),(2287,4,228,NULL,NULL,NULL,NULL,NULL,NULL),(2288,4,229,NULL,NULL,NULL,NULL,NULL,NULL),(2289,4,230,NULL,NULL,NULL,NULL,NULL,NULL),(2290,4,231,NULL,NULL,NULL,NULL,NULL,NULL),(2291,4,232,NULL,NULL,NULL,NULL,NULL,NULL),(2292,4,233,NULL,NULL,NULL,NULL,NULL,NULL),(2293,4,234,NULL,NULL,NULL,NULL,NULL,NULL),(2294,4,235,NULL,NULL,NULL,NULL,NULL,NULL),(2295,4,236,NULL,NULL,NULL,NULL,NULL,NULL),(2296,4,237,NULL,NULL,NULL,NULL,NULL,NULL),(2297,4,238,NULL,NULL,NULL,NULL,NULL,NULL),(2298,4,239,NULL,NULL,NULL,NULL,NULL,NULL),(2299,4,240,NULL,NULL,NULL,NULL,NULL,NULL),(2300,4,241,NULL,NULL,NULL,NULL,NULL,NULL),(2301,4,242,NULL,NULL,NULL,NULL,NULL,NULL),(2302,4,243,NULL,NULL,NULL,NULL,NULL,NULL),(2303,4,244,NULL,NULL,NULL,NULL,NULL,NULL),(2304,4,245,NULL,NULL,NULL,NULL,NULL,NULL),(2305,4,246,NULL,NULL,NULL,NULL,NULL,NULL),(2306,4,247,NULL,NULL,NULL,NULL,NULL,NULL),(2307,4,248,NULL,NULL,NULL,NULL,NULL,NULL),(2308,4,249,NULL,NULL,NULL,NULL,NULL,NULL),(2309,4,250,NULL,NULL,NULL,NULL,NULL,NULL),(2310,4,251,NULL,NULL,NULL,NULL,NULL,NULL),(2311,4,252,NULL,NULL,NULL,NULL,NULL,NULL),(2312,4,253,NULL,NULL,NULL,NULL,NULL,NULL),(2313,4,254,NULL,NULL,NULL,NULL,NULL,NULL),(2314,4,255,NULL,NULL,NULL,NULL,NULL,NULL),(2315,4,256,NULL,NULL,NULL,NULL,NULL,NULL),(2316,4,257,NULL,NULL,NULL,NULL,NULL,NULL),(2317,4,258,NULL,NULL,NULL,NULL,NULL,NULL),(2318,4,259,NULL,NULL,NULL,NULL,NULL,NULL),(2319,4,260,NULL,NULL,NULL,NULL,NULL,NULL),(2320,4,261,NULL,NULL,NULL,NULL,NULL,NULL),(2321,4,262,NULL,NULL,NULL,NULL,NULL,NULL),(2322,4,263,NULL,NULL,NULL,NULL,NULL,NULL),(2323,4,264,NULL,NULL,NULL,NULL,NULL,NULL),(2324,4,265,NULL,NULL,NULL,NULL,NULL,NULL),(2325,4,266,NULL,NULL,NULL,NULL,NULL,NULL),(2326,4,267,NULL,NULL,NULL,NULL,NULL,NULL),(2327,4,268,NULL,NULL,NULL,NULL,NULL,NULL),(2328,4,269,NULL,NULL,NULL,NULL,NULL,NULL),(2329,4,270,NULL,NULL,NULL,NULL,NULL,NULL),(2330,4,271,NULL,NULL,NULL,NULL,NULL,NULL),(2331,4,272,NULL,NULL,NULL,NULL,NULL,NULL),(2332,4,273,NULL,NULL,NULL,NULL,NULL,NULL),(2333,4,274,NULL,NULL,NULL,NULL,NULL,NULL),(2334,4,275,NULL,NULL,NULL,NULL,NULL,NULL),(2335,4,276,NULL,NULL,NULL,NULL,NULL,NULL),(2336,4,277,NULL,NULL,NULL,NULL,NULL,NULL),(2337,4,278,NULL,NULL,NULL,NULL,NULL,NULL),(2338,4,279,NULL,NULL,NULL,NULL,NULL,NULL),(2339,4,280,NULL,NULL,NULL,NULL,NULL,NULL),(2340,4,281,NULL,NULL,NULL,NULL,NULL,NULL),(2341,4,282,NULL,NULL,NULL,NULL,NULL,NULL),(2342,4,283,NULL,NULL,NULL,NULL,NULL,NULL),(2343,4,284,NULL,NULL,NULL,NULL,NULL,NULL),(2344,4,285,NULL,NULL,NULL,NULL,NULL,NULL),(2345,4,286,NULL,NULL,NULL,NULL,NULL,NULL),(2346,4,287,NULL,NULL,NULL,NULL,NULL,NULL),(2347,4,288,NULL,NULL,NULL,NULL,NULL,NULL),(2348,4,289,NULL,NULL,NULL,NULL,NULL,NULL),(2349,4,290,NULL,NULL,NULL,NULL,NULL,NULL),(2350,4,291,NULL,NULL,NULL,NULL,NULL,NULL),(2351,4,292,NULL,NULL,NULL,NULL,NULL,NULL),(2352,4,293,NULL,NULL,NULL,NULL,NULL,NULL),(2353,4,294,NULL,NULL,NULL,NULL,NULL,NULL),(2354,4,295,NULL,NULL,NULL,NULL,NULL,NULL),(2355,4,296,NULL,NULL,NULL,NULL,NULL,NULL),(2356,4,297,NULL,NULL,NULL,NULL,NULL,NULL),(2357,4,298,NULL,NULL,NULL,NULL,NULL,NULL),(2358,4,299,NULL,NULL,NULL,NULL,NULL,NULL),(2359,4,300,NULL,NULL,NULL,NULL,NULL,NULL),(2360,4,301,NULL,NULL,NULL,NULL,NULL,NULL),(2361,4,302,NULL,NULL,NULL,NULL,NULL,NULL),(2362,4,303,NULL,NULL,NULL,NULL,NULL,NULL),(2363,4,304,NULL,NULL,NULL,NULL,NULL,NULL),(2364,4,305,NULL,NULL,NULL,NULL,NULL,NULL),(2365,4,306,NULL,NULL,NULL,NULL,NULL,NULL),(2366,4,307,NULL,NULL,NULL,NULL,NULL,NULL),(2367,4,308,NULL,NULL,NULL,NULL,NULL,NULL),(2368,4,309,NULL,NULL,NULL,NULL,NULL,NULL),(2369,4,310,NULL,NULL,NULL,NULL,NULL,NULL),(2370,4,311,NULL,NULL,NULL,NULL,NULL,NULL),(2371,4,312,NULL,NULL,NULL,NULL,NULL,NULL),(2372,4,313,NULL,NULL,NULL,NULL,NULL,NULL),(2373,4,314,NULL,NULL,NULL,NULL,NULL,NULL),(2374,4,315,NULL,NULL,NULL,NULL,NULL,NULL),(2375,4,316,NULL,NULL,NULL,NULL,NULL,NULL),(2376,4,317,NULL,NULL,NULL,NULL,NULL,NULL),(2377,4,318,NULL,NULL,NULL,NULL,NULL,NULL),(2378,4,319,NULL,NULL,NULL,NULL,NULL,NULL),(2379,4,320,NULL,NULL,NULL,NULL,NULL,NULL),(2380,4,321,NULL,NULL,NULL,NULL,NULL,NULL),(2381,4,322,NULL,NULL,NULL,NULL,NULL,NULL),(2382,4,323,NULL,NULL,NULL,NULL,NULL,NULL),(2383,4,324,NULL,NULL,NULL,NULL,NULL,NULL),(2384,4,325,NULL,NULL,NULL,NULL,NULL,NULL),(2385,4,326,NULL,NULL,NULL,NULL,NULL,NULL),(2386,4,327,NULL,NULL,NULL,NULL,NULL,NULL),(2387,4,328,NULL,NULL,NULL,NULL,NULL,NULL),(2388,4,329,NULL,NULL,NULL,NULL,NULL,NULL),(2389,4,330,NULL,NULL,NULL,NULL,NULL,NULL),(2390,4,331,NULL,NULL,NULL,NULL,NULL,NULL),(2391,4,332,NULL,NULL,NULL,NULL,NULL,NULL),(2392,4,333,NULL,NULL,NULL,NULL,NULL,NULL),(2393,4,334,NULL,NULL,NULL,NULL,NULL,NULL),(2394,4,335,NULL,NULL,NULL,NULL,NULL,NULL),(2395,4,336,NULL,NULL,NULL,NULL,NULL,NULL),(2396,4,337,NULL,NULL,NULL,NULL,NULL,NULL),(2397,4,338,NULL,NULL,NULL,NULL,NULL,NULL),(2398,4,339,NULL,NULL,NULL,NULL,NULL,NULL),(2399,4,340,NULL,NULL,NULL,NULL,NULL,NULL),(2400,4,341,NULL,NULL,NULL,NULL,NULL,NULL),(2401,4,342,NULL,NULL,NULL,NULL,NULL,NULL),(2402,4,343,NULL,NULL,NULL,NULL,NULL,NULL),(2403,4,344,NULL,NULL,NULL,NULL,NULL,NULL),(2404,4,345,NULL,NULL,NULL,NULL,NULL,NULL),(2405,4,346,NULL,NULL,NULL,NULL,NULL,NULL),(2406,4,347,NULL,NULL,NULL,NULL,NULL,NULL),(2407,4,348,NULL,NULL,NULL,NULL,NULL,NULL),(2408,4,349,NULL,NULL,NULL,NULL,NULL,NULL),(2409,4,350,NULL,NULL,NULL,NULL,NULL,NULL),(2410,4,351,NULL,NULL,NULL,NULL,NULL,NULL),(2411,4,352,NULL,NULL,NULL,NULL,NULL,NULL),(2412,4,353,NULL,NULL,NULL,NULL,NULL,NULL),(2413,4,354,NULL,NULL,NULL,NULL,NULL,NULL),(2414,4,355,NULL,NULL,NULL,NULL,NULL,NULL),(2415,4,356,NULL,NULL,NULL,NULL,NULL,NULL),(2416,4,357,NULL,NULL,NULL,NULL,NULL,NULL),(2417,4,358,NULL,NULL,NULL,NULL,NULL,NULL),(2418,4,359,NULL,NULL,NULL,NULL,NULL,NULL),(2419,4,360,NULL,NULL,NULL,NULL,NULL,NULL),(2420,4,361,NULL,NULL,NULL,NULL,NULL,NULL),(2421,4,362,NULL,NULL,NULL,NULL,NULL,NULL),(2422,4,363,NULL,NULL,NULL,NULL,NULL,NULL),(2423,4,364,NULL,NULL,NULL,NULL,NULL,NULL),(2424,4,365,NULL,NULL,NULL,NULL,NULL,NULL),(2425,4,366,NULL,NULL,NULL,NULL,NULL,NULL),(2426,4,367,NULL,NULL,NULL,NULL,NULL,NULL),(2427,4,368,NULL,NULL,NULL,NULL,NULL,NULL),(2428,4,369,NULL,NULL,NULL,NULL,NULL,NULL),(2429,4,370,NULL,NULL,NULL,NULL,NULL,NULL),(2430,4,371,NULL,NULL,NULL,NULL,NULL,NULL),(2431,4,372,NULL,NULL,NULL,NULL,NULL,NULL),(2432,4,373,NULL,NULL,NULL,NULL,NULL,NULL),(2433,4,374,NULL,NULL,NULL,NULL,NULL,NULL),(2434,4,375,NULL,NULL,NULL,NULL,NULL,NULL),(2435,4,376,NULL,NULL,NULL,NULL,NULL,NULL),(2436,4,377,NULL,NULL,NULL,NULL,NULL,NULL),(2437,4,378,NULL,NULL,NULL,NULL,NULL,NULL),(2438,4,379,NULL,NULL,NULL,NULL,NULL,NULL),(2439,4,380,NULL,NULL,NULL,NULL,NULL,NULL),(2440,4,381,NULL,NULL,NULL,NULL,NULL,NULL),(2441,4,382,NULL,NULL,NULL,NULL,NULL,NULL),(2442,4,383,NULL,NULL,NULL,NULL,NULL,NULL),(2443,4,384,NULL,NULL,NULL,NULL,NULL,NULL),(2444,4,385,NULL,NULL,NULL,NULL,NULL,NULL),(2445,4,386,NULL,NULL,NULL,NULL,NULL,NULL),(2446,4,387,NULL,NULL,NULL,NULL,NULL,NULL),(2447,4,388,NULL,NULL,NULL,NULL,NULL,NULL),(2448,4,389,NULL,NULL,NULL,NULL,NULL,NULL),(2449,4,390,NULL,NULL,NULL,NULL,NULL,NULL),(2450,4,391,NULL,NULL,NULL,NULL,NULL,NULL),(2451,4,392,NULL,NULL,NULL,NULL,NULL,NULL),(2452,4,393,NULL,NULL,NULL,NULL,NULL,NULL),(2453,4,394,NULL,NULL,NULL,NULL,NULL,NULL),(2454,4,395,NULL,NULL,NULL,NULL,NULL,NULL),(2455,4,396,NULL,NULL,NULL,NULL,NULL,NULL),(2456,4,397,NULL,NULL,NULL,NULL,NULL,NULL),(2457,4,398,NULL,NULL,NULL,NULL,NULL,NULL),(2458,4,399,NULL,NULL,NULL,NULL,NULL,NULL),(2459,4,400,NULL,NULL,NULL,NULL,NULL,NULL),(2460,4,401,NULL,NULL,NULL,NULL,NULL,NULL),(2461,4,402,NULL,NULL,NULL,NULL,NULL,NULL),(2462,4,403,NULL,NULL,NULL,NULL,NULL,NULL),(2463,4,404,NULL,NULL,NULL,NULL,NULL,NULL),(2464,4,405,NULL,NULL,NULL,NULL,NULL,NULL),(2465,4,406,NULL,NULL,NULL,NULL,NULL,NULL),(2466,4,407,NULL,NULL,NULL,NULL,NULL,NULL),(2467,4,408,NULL,NULL,NULL,NULL,NULL,NULL),(2468,4,409,NULL,NULL,NULL,NULL,NULL,NULL),(2469,4,410,NULL,NULL,NULL,NULL,NULL,NULL),(2470,4,411,NULL,NULL,NULL,NULL,NULL,NULL),(2471,4,412,NULL,NULL,NULL,NULL,NULL,NULL),(2472,4,413,NULL,NULL,NULL,NULL,NULL,NULL),(2473,4,414,NULL,NULL,NULL,NULL,NULL,NULL),(2474,4,415,NULL,NULL,NULL,NULL,NULL,NULL),(2475,4,416,NULL,NULL,NULL,NULL,NULL,NULL),(2476,4,417,NULL,NULL,NULL,NULL,NULL,NULL),(2477,4,418,NULL,NULL,NULL,NULL,NULL,NULL),(2478,4,419,NULL,NULL,NULL,NULL,NULL,NULL),(2479,4,420,NULL,NULL,NULL,NULL,NULL,NULL),(2480,4,421,NULL,NULL,NULL,NULL,NULL,NULL),(2481,4,422,NULL,NULL,NULL,NULL,NULL,NULL),(2482,4,423,NULL,NULL,NULL,NULL,NULL,NULL),(2483,4,424,NULL,NULL,NULL,NULL,NULL,NULL),(2484,4,425,NULL,NULL,NULL,NULL,NULL,NULL),(2485,4,426,NULL,NULL,NULL,NULL,NULL,NULL),(2486,4,427,NULL,NULL,NULL,NULL,NULL,NULL),(2487,4,428,NULL,NULL,NULL,NULL,NULL,NULL),(2488,4,429,NULL,NULL,NULL,NULL,NULL,NULL),(2489,4,430,NULL,NULL,NULL,NULL,NULL,NULL),(2490,4,431,NULL,NULL,NULL,NULL,NULL,NULL),(2491,4,432,NULL,NULL,NULL,NULL,NULL,NULL),(2492,4,433,NULL,NULL,NULL,NULL,NULL,NULL),(2493,4,434,NULL,NULL,NULL,NULL,NULL,NULL),(2494,4,435,NULL,NULL,NULL,NULL,NULL,NULL),(2495,4,436,NULL,NULL,NULL,NULL,NULL,NULL),(2496,4,437,NULL,NULL,NULL,NULL,NULL,NULL),(2497,4,438,NULL,NULL,NULL,NULL,NULL,NULL),(2498,4,439,NULL,NULL,NULL,NULL,NULL,NULL),(2499,4,440,NULL,NULL,NULL,NULL,NULL,NULL),(2500,4,441,NULL,NULL,NULL,NULL,NULL,NULL),(2501,4,442,NULL,NULL,NULL,NULL,NULL,NULL),(2502,4,443,NULL,NULL,NULL,NULL,NULL,NULL),(2503,4,444,NULL,NULL,NULL,NULL,NULL,NULL),(2504,4,445,NULL,NULL,NULL,NULL,NULL,NULL),(2505,4,446,NULL,NULL,NULL,NULL,NULL,NULL),(2506,4,447,NULL,NULL,NULL,NULL,NULL,NULL),(2507,4,448,NULL,NULL,NULL,NULL,NULL,NULL),(2508,4,449,NULL,NULL,NULL,NULL,NULL,NULL),(2509,4,450,NULL,NULL,NULL,NULL,NULL,NULL),(2510,4,451,NULL,NULL,NULL,NULL,NULL,NULL),(2511,4,452,NULL,NULL,NULL,NULL,NULL,NULL),(2512,4,453,NULL,NULL,NULL,NULL,NULL,NULL),(2513,4,454,NULL,NULL,NULL,NULL,NULL,NULL),(2514,4,455,NULL,NULL,NULL,NULL,NULL,NULL),(2515,4,456,NULL,NULL,NULL,NULL,NULL,NULL),(2516,4,457,NULL,NULL,NULL,NULL,NULL,NULL),(2517,4,458,NULL,NULL,NULL,NULL,NULL,NULL),(2518,4,459,NULL,NULL,NULL,NULL,NULL,NULL),(2519,4,460,NULL,NULL,NULL,NULL,NULL,NULL),(2520,4,461,NULL,NULL,NULL,NULL,NULL,NULL),(2521,4,462,NULL,NULL,NULL,NULL,NULL,NULL),(2522,4,463,NULL,NULL,NULL,NULL,NULL,NULL),(2523,4,464,NULL,NULL,NULL,NULL,NULL,NULL),(2524,4,465,NULL,NULL,NULL,NULL,NULL,NULL),(2525,4,466,NULL,NULL,NULL,NULL,NULL,NULL),(2526,4,467,NULL,NULL,NULL,NULL,NULL,NULL),(2527,4,468,NULL,NULL,NULL,NULL,NULL,NULL),(2528,4,469,NULL,NULL,NULL,NULL,NULL,NULL),(2529,4,470,NULL,NULL,NULL,NULL,NULL,NULL),(2530,4,471,NULL,NULL,NULL,NULL,NULL,NULL),(2531,4,472,NULL,NULL,NULL,NULL,NULL,NULL),(2532,4,473,NULL,NULL,NULL,NULL,NULL,NULL),(2533,4,474,NULL,NULL,NULL,NULL,NULL,NULL),(2534,4,475,NULL,NULL,NULL,NULL,NULL,NULL),(2535,4,476,NULL,NULL,NULL,NULL,NULL,NULL),(2536,4,477,NULL,NULL,NULL,NULL,NULL,NULL),(2537,4,478,NULL,NULL,NULL,NULL,NULL,NULL),(2538,4,479,NULL,NULL,NULL,NULL,NULL,NULL),(2539,4,480,NULL,NULL,NULL,NULL,NULL,NULL),(2540,4,481,NULL,NULL,NULL,NULL,NULL,NULL),(2541,4,482,NULL,NULL,NULL,NULL,NULL,NULL),(2542,4,483,NULL,NULL,NULL,NULL,NULL,NULL),(2543,4,484,NULL,NULL,NULL,NULL,NULL,NULL),(2544,4,485,NULL,NULL,NULL,NULL,NULL,NULL),(2545,4,486,NULL,NULL,NULL,NULL,NULL,NULL),(2546,4,487,NULL,NULL,NULL,NULL,NULL,NULL),(2547,4,488,NULL,NULL,NULL,NULL,NULL,NULL),(2548,4,489,NULL,NULL,NULL,NULL,NULL,NULL),(2549,4,490,NULL,NULL,NULL,NULL,NULL,NULL),(2550,4,491,NULL,NULL,NULL,NULL,NULL,NULL),(2551,4,492,NULL,NULL,NULL,NULL,NULL,NULL),(2552,4,493,NULL,NULL,NULL,NULL,NULL,NULL),(2553,4,494,NULL,NULL,NULL,NULL,NULL,NULL),(2554,4,495,NULL,NULL,NULL,NULL,NULL,NULL),(2555,4,496,NULL,NULL,NULL,NULL,NULL,NULL),(2556,4,497,NULL,NULL,NULL,NULL,NULL,NULL),(2557,4,498,NULL,NULL,NULL,NULL,NULL,NULL),(2558,4,499,NULL,NULL,NULL,NULL,NULL,NULL),(2559,4,500,NULL,NULL,NULL,NULL,NULL,NULL),(2560,4,501,NULL,NULL,NULL,NULL,NULL,NULL),(2561,4,502,NULL,NULL,NULL,NULL,NULL,NULL),(2562,4,503,NULL,NULL,NULL,NULL,NULL,NULL),(2563,4,504,NULL,NULL,NULL,NULL,NULL,NULL),(2564,4,505,NULL,NULL,NULL,NULL,NULL,NULL),(2565,4,506,NULL,NULL,NULL,NULL,NULL,NULL),(2566,4,507,NULL,NULL,NULL,NULL,NULL,NULL),(2567,4,508,NULL,NULL,NULL,NULL,NULL,NULL),(2568,4,509,NULL,NULL,NULL,NULL,NULL,NULL),(2569,4,510,NULL,NULL,NULL,NULL,NULL,NULL),(2570,4,511,NULL,NULL,NULL,NULL,NULL,NULL),(2571,4,512,NULL,NULL,NULL,NULL,NULL,NULL),(2572,4,513,NULL,NULL,NULL,NULL,NULL,NULL),(2573,4,514,NULL,NULL,NULL,NULL,NULL,NULL),(2574,4,515,NULL,NULL,NULL,NULL,NULL,NULL),(2575,4,516,NULL,NULL,NULL,NULL,NULL,NULL),(2576,4,517,NULL,NULL,NULL,NULL,NULL,NULL),(2577,4,518,NULL,NULL,NULL,NULL,NULL,NULL),(2578,4,519,NULL,NULL,NULL,NULL,NULL,NULL),(2579,4,520,NULL,NULL,NULL,NULL,NULL,NULL),(2580,4,521,NULL,NULL,NULL,NULL,NULL,NULL),(2581,4,522,NULL,NULL,NULL,NULL,NULL,NULL),(2582,4,523,NULL,NULL,NULL,NULL,NULL,NULL),(2583,4,524,NULL,NULL,NULL,NULL,NULL,NULL),(2584,4,525,NULL,NULL,NULL,NULL,NULL,NULL),(2585,4,526,NULL,NULL,NULL,NULL,NULL,NULL),(2586,4,527,NULL,NULL,NULL,NULL,NULL,NULL),(2587,4,528,NULL,NULL,NULL,NULL,NULL,NULL),(2588,4,529,NULL,NULL,NULL,NULL,NULL,NULL),(2589,4,530,NULL,NULL,NULL,NULL,NULL,NULL),(2590,4,531,NULL,NULL,NULL,NULL,NULL,NULL),(2591,4,532,NULL,NULL,NULL,NULL,NULL,NULL),(2592,4,533,NULL,NULL,NULL,NULL,NULL,NULL),(2593,4,534,NULL,NULL,NULL,NULL,NULL,NULL),(2594,4,535,NULL,NULL,NULL,NULL,NULL,NULL),(2595,4,536,NULL,NULL,NULL,NULL,NULL,NULL),(2596,4,537,NULL,NULL,NULL,NULL,NULL,NULL),(2597,4,538,NULL,NULL,NULL,NULL,NULL,NULL),(2598,4,539,NULL,NULL,NULL,NULL,NULL,NULL),(2599,4,540,NULL,NULL,NULL,NULL,NULL,NULL),(2600,4,541,NULL,NULL,NULL,NULL,NULL,NULL),(2601,4,542,NULL,NULL,NULL,NULL,NULL,NULL),(2602,4,543,NULL,NULL,NULL,NULL,NULL,NULL),(2603,4,544,NULL,NULL,NULL,NULL,NULL,NULL),(2604,4,545,NULL,NULL,NULL,NULL,NULL,NULL),(2605,4,546,NULL,NULL,NULL,NULL,NULL,NULL),(2606,4,547,NULL,NULL,NULL,NULL,NULL,NULL),(2607,4,548,NULL,NULL,NULL,NULL,NULL,NULL),(2608,4,549,NULL,NULL,NULL,NULL,NULL,NULL),(2609,4,550,NULL,NULL,NULL,NULL,NULL,NULL),(2610,4,551,NULL,NULL,NULL,NULL,NULL,NULL),(2611,4,552,NULL,NULL,NULL,NULL,NULL,NULL),(2612,4,553,NULL,NULL,NULL,NULL,NULL,NULL),(2613,4,554,NULL,NULL,NULL,NULL,NULL,NULL),(2614,4,555,NULL,NULL,NULL,NULL,NULL,NULL),(2615,4,556,NULL,NULL,NULL,NULL,NULL,NULL),(2616,4,557,NULL,NULL,NULL,NULL,NULL,NULL),(2617,4,558,NULL,NULL,NULL,NULL,NULL,NULL),(2618,4,559,NULL,NULL,NULL,NULL,NULL,NULL),(2619,4,560,NULL,NULL,NULL,NULL,NULL,NULL),(2620,4,561,NULL,NULL,NULL,NULL,NULL,NULL),(2621,4,562,NULL,NULL,NULL,NULL,NULL,NULL),(2622,4,563,NULL,NULL,NULL,NULL,NULL,NULL),(2623,4,564,NULL,NULL,NULL,NULL,NULL,NULL),(2624,4,565,NULL,NULL,NULL,NULL,NULL,NULL),(2625,4,566,NULL,NULL,NULL,NULL,NULL,NULL),(2626,4,567,NULL,NULL,NULL,NULL,NULL,NULL),(2627,4,568,NULL,NULL,NULL,NULL,NULL,NULL),(2628,4,569,NULL,NULL,NULL,NULL,NULL,NULL),(2629,4,570,NULL,NULL,NULL,NULL,NULL,NULL),(2630,4,571,NULL,NULL,NULL,NULL,NULL,NULL),(2631,4,572,NULL,NULL,NULL,NULL,NULL,NULL),(2632,4,573,NULL,NULL,NULL,NULL,NULL,NULL),(2633,4,574,NULL,NULL,NULL,NULL,NULL,NULL),(2634,4,575,NULL,NULL,NULL,NULL,NULL,NULL),(2635,4,576,NULL,NULL,NULL,NULL,NULL,NULL),(2636,4,577,NULL,NULL,NULL,NULL,NULL,NULL),(2637,4,578,NULL,NULL,NULL,NULL,NULL,NULL),(2638,4,579,NULL,NULL,NULL,NULL,NULL,NULL),(2639,4,580,NULL,NULL,NULL,NULL,NULL,NULL),(2640,4,581,NULL,NULL,NULL,NULL,NULL,NULL),(2641,4,582,NULL,NULL,NULL,NULL,NULL,NULL),(2642,4,583,NULL,NULL,NULL,NULL,NULL,NULL),(2643,4,584,NULL,NULL,NULL,NULL,NULL,NULL),(2644,4,585,NULL,NULL,NULL,NULL,NULL,NULL),(2645,4,586,NULL,NULL,NULL,NULL,NULL,NULL),(2646,4,587,NULL,NULL,NULL,NULL,NULL,NULL),(2647,4,588,NULL,NULL,NULL,NULL,NULL,NULL),(2648,4,589,NULL,NULL,NULL,NULL,NULL,NULL),(2649,4,590,NULL,NULL,NULL,NULL,NULL,NULL),(2650,4,591,NULL,NULL,NULL,NULL,NULL,NULL),(2651,4,592,NULL,NULL,NULL,NULL,NULL,NULL),(2652,4,593,NULL,NULL,NULL,NULL,NULL,NULL),(2653,4,594,NULL,NULL,NULL,NULL,NULL,NULL),(2654,4,595,NULL,NULL,NULL,NULL,NULL,NULL),(2655,4,596,NULL,NULL,NULL,NULL,NULL,NULL),(2656,4,597,NULL,NULL,NULL,NULL,NULL,NULL),(2657,4,598,NULL,NULL,NULL,NULL,NULL,NULL),(2658,4,600,NULL,NULL,NULL,NULL,NULL,NULL),(2659,4,601,NULL,NULL,NULL,NULL,NULL,NULL),(2660,4,602,NULL,NULL,NULL,NULL,NULL,NULL),(2661,4,603,NULL,NULL,NULL,NULL,NULL,NULL),(2662,4,604,NULL,NULL,NULL,NULL,NULL,NULL),(2663,4,605,NULL,NULL,NULL,NULL,NULL,NULL),(2664,4,606,NULL,NULL,NULL,NULL,NULL,NULL),(2665,4,607,NULL,NULL,NULL,NULL,NULL,NULL),(2666,4,608,NULL,NULL,NULL,NULL,NULL,NULL),(2667,4,609,NULL,NULL,NULL,NULL,NULL,NULL),(2668,4,610,NULL,NULL,NULL,NULL,NULL,NULL),(2669,4,611,NULL,NULL,NULL,NULL,NULL,NULL),(2670,4,612,NULL,NULL,NULL,NULL,NULL,NULL),(2671,4,613,NULL,NULL,NULL,NULL,NULL,NULL),(2672,4,614,NULL,NULL,NULL,NULL,NULL,NULL),(2673,4,615,NULL,NULL,NULL,NULL,NULL,NULL),(2674,4,616,NULL,NULL,NULL,NULL,NULL,NULL),(2675,4,617,NULL,NULL,NULL,NULL,NULL,NULL),(2676,4,618,NULL,NULL,NULL,NULL,NULL,NULL),(2677,4,619,NULL,NULL,NULL,NULL,NULL,NULL),(2678,4,620,NULL,NULL,NULL,NULL,NULL,NULL),(2679,4,621,NULL,NULL,NULL,NULL,NULL,NULL),(2680,4,622,NULL,NULL,NULL,NULL,NULL,NULL),(2681,4,623,NULL,NULL,NULL,NULL,NULL,NULL),(2682,4,624,NULL,NULL,NULL,NULL,NULL,NULL),(2683,4,625,NULL,NULL,NULL,NULL,NULL,NULL),(2684,4,626,NULL,NULL,NULL,NULL,NULL,NULL),(2685,4,627,NULL,NULL,NULL,NULL,NULL,NULL),(2686,4,628,NULL,NULL,NULL,NULL,NULL,NULL),(2687,4,629,NULL,NULL,NULL,NULL,NULL,NULL),(2688,4,630,NULL,NULL,NULL,NULL,NULL,NULL),(2689,4,631,NULL,NULL,NULL,NULL,NULL,NULL),(2690,4,632,NULL,NULL,NULL,NULL,NULL,NULL),(2691,4,633,NULL,NULL,NULL,NULL,NULL,NULL),(2692,4,634,NULL,NULL,NULL,NULL,NULL,NULL),(2693,4,635,NULL,NULL,NULL,NULL,NULL,NULL),(2694,4,636,NULL,NULL,NULL,NULL,NULL,NULL),(2695,4,637,NULL,NULL,NULL,NULL,NULL,NULL),(2696,4,638,NULL,NULL,NULL,NULL,NULL,NULL),(2697,4,639,NULL,NULL,NULL,NULL,NULL,NULL),(2698,4,640,NULL,NULL,NULL,NULL,NULL,NULL),(2699,4,641,NULL,NULL,NULL,NULL,NULL,NULL),(2700,4,642,NULL,NULL,NULL,NULL,NULL,NULL),(2701,4,643,NULL,NULL,NULL,NULL,NULL,NULL),(2702,4,644,NULL,NULL,NULL,NULL,NULL,NULL),(2703,4,645,NULL,NULL,NULL,NULL,NULL,NULL),(2704,4,646,NULL,NULL,NULL,NULL,NULL,NULL),(2705,4,647,NULL,NULL,NULL,NULL,NULL,NULL),(2706,4,648,NULL,NULL,NULL,NULL,NULL,NULL),(2707,4,649,NULL,NULL,NULL,NULL,NULL,NULL),(2708,4,650,NULL,NULL,NULL,NULL,NULL,NULL),(2709,4,651,NULL,NULL,NULL,NULL,NULL,NULL),(2710,4,652,NULL,NULL,NULL,NULL,NULL,NULL),(2711,4,653,NULL,NULL,NULL,NULL,NULL,NULL),(2712,4,654,NULL,NULL,NULL,NULL,NULL,NULL),(2713,4,655,NULL,NULL,NULL,NULL,NULL,NULL),(2714,4,656,NULL,NULL,NULL,NULL,NULL,NULL),(2715,4,657,NULL,NULL,NULL,NULL,NULL,NULL),(2716,4,658,NULL,NULL,NULL,NULL,NULL,NULL),(2717,4,659,NULL,NULL,NULL,NULL,NULL,NULL),(2718,4,660,NULL,NULL,NULL,NULL,NULL,NULL),(2719,4,661,NULL,NULL,NULL,NULL,NULL,NULL),(2720,4,662,NULL,NULL,NULL,NULL,NULL,NULL),(2721,4,663,NULL,NULL,NULL,NULL,NULL,NULL),(2722,4,664,NULL,NULL,NULL,NULL,NULL,NULL),(2723,4,665,NULL,NULL,NULL,NULL,NULL,NULL),(2724,4,666,NULL,NULL,NULL,NULL,NULL,NULL),(2725,4,667,NULL,NULL,NULL,NULL,NULL,NULL),(2726,4,668,NULL,NULL,NULL,NULL,NULL,NULL),(2727,4,669,NULL,NULL,NULL,NULL,NULL,NULL),(2728,4,670,NULL,NULL,NULL,NULL,NULL,NULL);
/*!40000 ALTER TABLE `laporan_capaian` ENABLE KEYS */;
UNLOCK TABLES;

--
-- Table structure for table `laporan_capaian_pic`
--

DROP TABLE IF EXISTS `laporan_capaian_pic`;
/*!40101 SET @saved_cs_client     = @@character_set_client */;
/*!50503 SET character_set_client = utf8mb4 */;
CREATE TABLE `laporan_capaian_pic` (
  `id` int NOT NULL AUTO_INCREMENT,
  `laporan_capaian_id` int DEFAULT NULL,
  `pic_id` int DEFAULT NULL,
  `nama_pic` varchar(50) CHARACTER SET utf8mb3 COLLATE utf8mb3_general_ci DEFAULT NULL,
  PRIMARY KEY (`id`) USING BTREE,
  KEY `IXFK_laporan_capaian_pic_laporan_capaian` (`laporan_capaian_id`) USING BTREE,
  KEY `IXFK_laporan_capaian_pic_pic` (`pic_id`) USING BTREE,
  CONSTRAINT `FK_laporan_capaian_pic_laporan_capaian` FOREIGN KEY (`laporan_capaian_id`) REFERENCES `laporan_capaian` (`id`)
) ENGINE=InnoDB AUTO_INCREMENT=2215 DEFAULT CHARSET=utf8mb3 ROW_FORMAT=DYNAMIC;
/*!40101 SET character_set_client = @saved_cs_client */;

--
-- Dumping data for table `laporan_capaian_pic`
--

LOCK TABLES `laporan_capaian_pic` WRITE;
/*!40000 ALTER TABLE `laporan_capaian_pic` DISABLE KEYS */;
INSERT INTO `laporan_capaian_pic` VALUES (1518,2069,29,'DMB'),(1519,2070,5,'DMBS'),(1520,2071,5,'DMBS'),(1523,2074,4,'DMEP'),(1524,2075,4,'DMEP'),(1526,2077,6,'DMOO'),(1527,2077,7,'DMOM'),(1528,2078,6,'DMOO'),(1529,2078,7,'DMOM'),(1530,2079,6,'DMOO'),(1531,2080,8,'DMOT'),(1532,2081,8,'DMOT'),(1533,2082,9,'DMON'),(1534,2083,9,'DMON'),(1535,2084,8,'DMOT'),(1536,2085,8,'DMOT'),(1537,2086,9,'DMON'),(1538,2087,9,'DMON'),(1539,2088,8,'DMOT'),(1540,2089,8,'DMOT'),(1541,2090,9,'DMON'),(1542,2090,8,'DMOT'),(1543,2091,9,'DMON'),(1544,2091,8,'DMOT'),(1545,2092,8,'DMOT'),(1546,2093,8,'DMOT'),(1547,2094,8,'DMOT'),(1548,2095,8,'DMOT'),(1549,2096,8,'DMOT'),(1551,2098,6,'DMOO'),(1552,2098,10,'DMOG'),(1553,2099,6,'DMOO'),(1554,2099,10,'DMOG'),(1555,2100,9,'DMON'),(1556,2101,9,'DMON'),(1557,2102,8,'DMOT'),(1558,2103,8,'DMOT'),(1559,2104,9,'DMON'),(1560,2105,8,'DMOT'),(1561,2106,8,'DMOT'),(1562,2107,8,'DMOT'),(1563,2108,8,'DMOT'),(1564,2109,8,'DMOT'),(1565,2110,3,'DMO'),(1566,2111,11,'DMOH'),(1567,2111,12,'DMOS'),(1568,2112,11,'DMOH'),(1569,2112,12,'DMOS'),(1570,2113,12,'DMOS'),(1571,2114,12,'DMOS'),(1572,2115,12,'DMOS'),(1573,2116,12,'DMOS'),(1574,2117,12,'DMOS'),(1575,2118,12,'DMOS'),(1576,2119,12,'DMOS'),(1577,2120,12,'DMOS'),(1578,2121,12,'DMOS'),(1579,2122,12,'DMOS'),(1580,2123,2,'DME'),(1581,2123,3,'DMO'),(1582,2124,6,'DMOO'),(1583,2124,10,'DMOG'),(1584,2125,6,'DMOO'),(1585,2125,10,'DMOG'),(1586,2126,6,'DMOO'),(1587,2127,6,'DMOO'),(1588,2128,9,'DMON'),(1589,2129,9,'DMON'),(1590,2130,8,'DMOT'),(1591,2131,8,'DMOT'),(1592,2132,8,'DMOT'),(1593,2133,8,'DMOT'),(1594,2134,2,'DME'),(1595,2135,6,'DMOO'),(1596,2136,2,'DME'),(1597,2137,4,'DMEP'),(1598,2138,4,'DMEP'),(1599,2139,13,'DMEW'),(1600,2140,13,'DMEW'),(1601,2141,13,'DMEW'),(1602,2142,13,'DMEW'),(1603,2143,15,'DMEN/DMEW'),(1604,2144,15,'DMEN/DMEW'),(1605,2145,23,'SDM'),(1606,2146,23,'SDM'),(1607,2147,24,'SDML'),(1608,2148,24,'SDML'),(1609,2149,24,'SDML'),(1610,2150,24,'SDML'),(1611,2151,24,'SDML'),(1614,2154,25,'SDMU'),(1615,2155,25,'SDMU'),(1616,2156,29,'DMB'),(1617,2156,2,'DME'),(1618,2156,3,'DMO'),(1619,2156,30,'DMT'),(1620,2156,23,'SDM'),(1621,2157,2,'DME'),(1622,2158,3,'DMO'),(1623,2158,28,'DMI'),(1624,2159,28,'DMI'),(1625,2160,28,'DMI'),(1626,2161,28,'DMI'),(1627,2162,28,'DMI'),(1628,2163,28,'DMI'),(1629,2164,28,'DMI'),(1630,2165,3,'DMO'),(1631,2166,3,'DMO'),(1632,2167,3,'DMO'),(1633,2168,3,'DMO'),(1634,2169,3,'DMO'),(1635,2170,29,'DMB'),(1636,2171,29,'DMB'),(1637,2172,29,'DMB'),(1638,2173,29,'DMB'),(1639,2174,29,'DMB'),(1640,2174,17,'DPM'),(1641,2175,29,'DMB'),(1642,2176,17,'DPM'),(1643,2177,3,'DMO'),(1644,2178,30,'DMT'),(1645,2179,29,'DMB'),(1646,2180,23,'SDM'),(1647,2181,17,'DPM'),(1648,2182,17,'DPM'),(1649,2183,2,'DME'),(1650,2183,3,'DMO'),(1651,2183,30,'DMT'),(1652,2183,23,'SDM'),(1653,2183,29,'DMB'),(1654,2184,2,'DME'),(1655,2185,3,'DMO'),(1656,2186,30,'DMT'),(1657,2187,29,'DMB'),(1658,2188,3,'DMO'),(1659,2189,3,'DMO'),(1660,2190,29,'DMB'),(1661,2191,29,'DMB'),(1662,2191,2,'DME'),(1663,2191,3,'DMO'),(1664,2192,29,'DMB'),(1665,2193,29,'DMB'),(1666,2194,3,'DMO'),(1667,2195,3,'DMO'),(1668,2196,23,'SDM'),(1669,2197,23,'SDM'),(1670,2198,30,'DMT'),(1671,2199,30,'DMT'),(1672,2200,23,'SDM'),(1673,2201,23,'SDM'),(1674,2202,23,'SDM'),(1675,2203,17,'DPM'),(1676,2204,23,'SDM'),(1677,2205,23,'SDM'),(1678,2206,29,'DMB'),(1679,2207,29,'DMB'),(1680,2208,2,'DME'),(1681,2209,2,'DME'),(1682,2210,3,'DMO'),(1683,2211,3,'DMO'),(1684,2212,30,'DMT'),(1685,2213,30,'DMT'),(1686,2214,28,'DMI'),(1687,2215,28,'DMI'),(1688,2216,23,'SDM'),(1689,2217,23,'SDM'),(1690,2218,17,'DPM'),(1691,2219,17,'DPM'),(1692,2220,23,'SDM'),(1693,2221,29,'DMB'),(1694,2222,2,'DME'),(1695,2223,3,'DMO'),(1696,2224,30,'DMT'),(1697,2225,28,'DMI'),(1698,2226,23,'SDM'),(1699,2227,17,'DPM'),(1700,2228,17,'DPM'),(1701,2229,17,'DPM'),(1702,2230,23,'SDM'),(1703,2231,26,'SDMK'),(1704,2232,26,'SDMK'),(1705,2233,26,'SDMK'),(1706,2234,26,'SDMK'),(1707,2235,26,'SDMK'),(1708,2236,26,'SDMK'),(1709,2237,32,'DPMU'),(1710,2238,31,'DPMUK'),(1711,2239,33,'DMIR'),(1712,2240,34,'DMIB'),(1713,2241,35,'DMIA'),(1714,2242,24,'SDML'),(1715,2243,37,'SDMK'),(1716,2244,27,'SDMH'),(1717,2245,25,'SDMU'),(1718,2246,32,'DPMU'),(1719,2247,40,'DPMS'),(1720,2248,41,'DMTE'),(1721,2249,42,'DMTO'),(1722,2250,43,'DMTS'),(1723,2251,44,'DMTL'),(1724,2252,45,'DMTP'),(1725,2253,8,'DMOT'),(1726,2254,12,'DMOS'),(1727,2255,7,'DMOM'),(1728,2256,10,'DMOG'),(1729,2257,11,'DMOH'),(1730,2258,8,'DMOT'),(1731,2259,8,'DMOT'),(1732,2260,12,'DMOS'),(1733,2261,12,'DMOS'),(1734,2262,12,'DMOS'),(1735,2263,12,'DMOS'),(1736,2264,12,'DMOS'),(1737,2265,12,'DMOS'),(1738,2266,14,'DMEN'),(1739,2267,14,'DMEN'),(1740,2268,14,'DMEN'),(1741,2269,14,'DMEN'),(1742,2270,14,'DMEN'),(1743,2271,14,'DMEN'),(1744,2272,47,'DMEE'),(1745,2273,47,'DMEE'),(1746,2274,47,'DMEE'),(1747,2275,47,'DMEE'),(1748,2276,47,'DMEE'),(1749,2277,46,'DMED'),(1750,2278,46,'DMED'),(1751,2279,46,'DMED'),(1752,2280,46,'DMED'),(1753,2281,46,'DMED'),(1754,2282,46,'DMED'),(1755,2283,4,'DMEP'),(1756,2284,4,'DMEP'),(1757,2285,4,'DMEP'),(1758,2286,4,'DMEP'),(1759,2287,48,'DMOS/DMOT'),(1760,2288,48,'DMOS/DMOT'),(1761,2289,48,'DMOS/DMOT'),(1762,2290,48,'DMOS/DMOT'),(1763,2291,5,'DMBS'),(1764,2292,5,'DMBS'),(1765,2293,5,'DMBS'),(1766,2294,5,'DMBS'),(1767,2295,5,'DMBS'),(1768,2296,18,'DPMR'),(1769,2297,19,'DPMR.1'),(1770,2298,20,'DPMR.2'),(1771,2299,21,'DPMR.3'),(1772,2300,22,'DPMR.4'),(1773,2301,49,'DPMT'),(1774,2302,50,'DPMT.1'),(1775,2303,51,'DPMT.2'),(1776,2304,52,'DPMT.3'),(1777,2305,53,'DPMT.4'),(1778,2306,54,'DPMP'),(1779,2307,55,'DPMP.1'),(1780,2308,57,'DPMP.2'),(1781,2309,58,'DPMP.3'),(1782,2310,59,'DPMA'),(1783,2311,60,'DPMA.1'),(1784,2312,61,'DPMA.2'),(1785,2313,62,'DPMA.3'),(1786,2314,63,'DPMG'),(1787,2315,64,'DPMG.1'),(1788,2316,65,'DPMG.2'),(1789,2317,66,'DPME'),(1790,2318,69,'DMBP'),(1791,2319,69,'DMBP'),(1792,2321,5,'DMBS'),(1793,2322,5,'DMBS'),(1794,2323,5,'DMBS'),(1795,2324,5,'DMBS'),(1796,2325,11,'DMOH'),(1797,2326,11,'DMOH'),(1798,2327,11,'DMOH'),(1799,2328,11,'DMOH'),(1800,2329,11,'DMOH'),(1801,2330,11,'DMOH'),(1802,2331,11,'DMOH'),(1803,2332,11,'DMOH'),(1804,2333,11,'DMOH'),(1805,2334,9,'DMON'),(1806,2335,9,'DMON'),(1807,2336,11,'DMOH'),(1808,2337,11,'DMOH'),(1809,2338,11,'DMOH'),(1810,2339,11,'DMOH'),(1811,2340,33,'DMIR'),(1812,2341,34,'DMIB'),(1813,2342,34,'DMIB'),(1814,2343,33,'DMIR'),(1815,2344,33,'DMIR'),(1816,2345,34,'DMIB'),(1817,2346,34,'DMIB'),(1818,2347,34,'DMIB'),(1819,2348,33,'DMIR'),(1820,2349,33,'DMIR'),(1821,2350,34,'DMIB'),(1822,2351,34,'DMIB'),(1823,2352,34,'DMIB'),(1824,2353,34,'DMIB'),(1825,2354,34,'DMIB'),(1826,2355,34,'DMIB'),(1827,2356,34,'DMIB'),(1828,2357,34,'DMIB'),(1829,2358,34,'DMIB'),(1830,2359,34,'DMIB'),(1831,2360,34,'DMIB'),(1832,2361,34,'DMIB'),(1833,2362,34,'DMIB'),(1834,2363,34,'DMIB'),(1835,2364,75,'DMON/DMOG'),(1836,2365,75,'DMON/DMOG'),(1837,2366,75,'DMON/DMOG'),(1838,2367,75,'DMON/DMOG'),(1839,2368,75,'DMON/DMOG'),(1840,2369,75,'DMON/DMOG'),(1841,2370,75,'DMON/DMOG'),(1842,2371,75,'DMON/DMOG'),(1843,2372,75,'DMON/DMOG'),(1844,2373,75,'DMON/DMOG'),(1845,2374,75,'DMON/DMOG'),(1846,2375,75,'DMON/DMOG'),(1847,2376,77,'DMOA/DMOM'),(1848,2377,77,'DMOA/DMOM'),(1849,2378,78,'DMOA/DMOG'),(1850,2379,78,'DMOA/DMOG'),(1851,2380,78,'DMOA/DMOG'),(1852,2381,78,'DMOA/DMOG'),(1853,2382,78,'DMOA/DMOG'),(1854,2383,78,'DMOA/DMOG'),(1855,2384,78,'DMOA/DMOG'),(1856,2385,78,'DMOA/DMOG'),(1857,2386,84,'DMOO/DMOM'),(1858,2387,84,'DMOO/DMOM'),(1859,2388,81,'DMOO/DMOG'),(1860,2389,81,'DMOO/DMOG'),(1861,2390,81,'DMOO/DMOG'),(1862,2391,81,'DMOO/DMOG'),(1863,2392,79,'DMOO/DMOT'),(1864,2393,79,'DMOO/DMOT'),(1865,2394,5,'DMBS'),(1866,2395,69,'DMBP'),(1867,2396,85,'DMBD'),(1868,2397,87,'DMBI'),(1869,2398,86,'DMBK'),(1870,2399,13,'DMEW'),(1871,2400,4,'DMEP'),(1872,2401,47,'DMEE'),(1873,2402,14,'DMEN'),(1874,2403,46,'DMED'),(1875,2404,80,'DMOS/DMOM'),(1876,2405,80,'DMOS/DMOM'),(1877,2406,83,'DMOS/DMOG'),(1878,2407,83,'DMOS/DMOG'),(1879,2408,83,'DMOS/DMOG'),(1880,2409,83,'DMOS/DMOG'),(1881,2410,83,'DMOS/DMOG'),(1882,2411,83,'DMOS/DMOG'),(1883,2412,85,'DMBD'),(1884,2413,85,'DMBD'),(1885,2414,85,'DMBD'),(1886,2415,85,'DMBD'),(1887,2416,85,'DMBD'),(1888,2417,85,'DMBD'),(1889,2418,87,'DMBI'),(1890,2419,87,'DMBI'),(1891,2420,87,'DMBI'),(1892,2421,5,'DMBS'),(1893,2422,5,'DMBS'),(1894,2423,87,'DMBI'),(1895,2424,87,'DMBI'),(1896,2425,87,'DMBI'),(1897,2426,86,'DMBK'),(1898,2427,86,'DMBK'),(1899,2428,86,'DMBK'),(1900,2429,86,'DMBK'),(1901,2430,69,'DMBP'),(1902,2431,69,'DMBP'),(1903,2432,69,'DMBP'),(1904,2433,69,'DMBP'),(1905,2434,69,'DMBP'),(1906,2435,69,'DMBP'),(1907,2436,69,'DMBP'),(1908,2437,85,'DMBD'),(1909,2438,87,'DMBI'),(1910,2439,24,'SDML'),(1911,2440,27,'SDMH'),(1912,2441,85,'DMBD'),(1913,2442,25,'SDMU'),(1914,2443,25,'SDMU'),(1915,2444,33,'DMIR'),(1916,2445,34,'DMIB'),(1917,2446,35,'DMIA'),(1918,2447,33,'DMIR'),(1919,2448,34,'DMIB'),(1920,2449,35,'DMIA'),(1921,2450,24,'SDML'),(1922,2451,26,'SDMK'),(1923,2452,27,'SDMH'),(1924,2453,25,'SDMU'),(1925,2454,24,'SDML'),(1926,2455,26,'SDMK'),(1927,2456,25,'SDMU'),(1928,2457,5,'DMBS'),(1929,2458,69,'DMBP'),(1930,2459,87,'DMBI'),(1931,2460,85,'DMBD'),(1932,2461,86,'DMBK'),(1933,2462,5,'DMBS'),(1934,2463,69,'DMBP'),(1935,2464,87,'DMBI'),(1936,2465,85,'DMBD'),(1937,2466,86,'DMBK'),(1938,2467,13,'DMEW'),(1939,2468,4,'DMEP'),(1940,2469,47,'DMEE'),(1941,2470,14,'DMEN'),(1942,2471,46,'DMED'),(1943,2472,13,'DMEW'),(1944,2473,4,'DMEP'),(1945,2474,47,'DMEE'),(1946,2475,14,'DMEN'),(1947,2476,46,'DMED'),(1948,2477,8,'DMOT'),(1949,2478,12,'DMOS'),(1950,2479,10,'DMOG'),(1951,2480,7,'DMOM'),(1952,2481,11,'DMOH'),(1953,2482,8,'DMOT'),(1954,2483,12,'DMOS'),(1955,2484,10,'DMOG'),(1956,2485,7,'DMOM'),(1957,2486,11,'DMOH'),(1958,2487,41,'DMTE'),(1959,2488,42,'DMTO'),(1960,2489,43,'DMTS'),(1961,2490,44,'DMTL'),(1962,2491,45,'DMTP'),(1963,2492,41,'DMTE'),(1964,2493,42,'DMTO'),(1965,2494,43,'DMTS'),(1966,2495,44,'DMTL'),(1967,2496,45,'DMTP'),(1968,2497,32,'DPMU'),(1969,2498,40,'DPMS'),(1970,2499,18,'DPMR'),(1971,2500,49,'DPMT'),(1972,2501,54,'DPMP'),(1973,2502,59,'DPMA'),(1974,2503,59,'DPMA'),(1975,2504,88,'DPMK'),(1976,2505,66,'DPME'),(1977,2506,32,'DPMU'),(1978,2507,40,'DPMS'),(1979,2508,18,'DPMR'),(1980,2509,49,'DPMT'),(1981,2510,54,'DPMP'),(1982,2511,59,'DPMA'),(1983,2512,63,'DPMG'),(1984,2513,88,'DPMK'),(1985,2514,66,'DPME'),(1986,2515,13,'DMEW'),(1987,2516,14,'DMEN'),(1988,2517,47,'DMEE'),(1989,2518,46,'DMED'),(1990,2519,4,'DMEP'),(1991,2520,6,'DMOO'),(1992,2521,89,'DMOA'),(1993,2522,11,'DMOH'),(1994,2523,12,'DMOS'),(1995,2524,9,'DMON'),(1996,2525,11,'DMOH'),(1997,2526,10,'DMOG'),(1998,2527,10,'DMOG'),(1999,2528,10,'DMOG'),(2000,2529,10,'DMOG'),(2001,2530,7,'DMOM'),(2002,2531,7,'DMOM'),(2003,2532,7,'DMOM'),(2004,2533,7,'DMOM'),(2005,2534,8,'DMOT'),(2006,2535,8,'DMOT'),(2007,2536,8,'DMOT'),(2008,2537,8,'DMOT'),(2009,2538,13,'DMEW'),(2010,2539,14,'DMEN'),(2011,2540,47,'DMEE'),(2012,2541,46,'DMED'),(2013,2542,46,'DMED'),(2014,2543,46,'DMED'),(2015,2544,4,'DMEP'),(2016,2545,32,'DPMU'),(2017,2546,92,'DPMUR'),(2018,2547,92,'DPMUR'),(2019,2548,40,'DPMS'),(2020,2549,94,'DPMSS'),(2021,2550,18,'DPMR'),(2022,2551,19,'DPMR.1'),(2023,2552,20,'DPMR.2'),(2024,2553,21,'DPMR.3'),(2025,2554,22,'DPMR.4'),(2026,2555,49,'DPMT'),(2027,2556,50,'DPMT.1'),(2028,2557,51,'DPMT.2'),(2029,2558,52,'DPMT.3'),(2030,2559,53,'DPMT.4'),(2031,2560,54,'DPMP'),(2032,2561,55,'DPMP.1'),(2033,2562,57,'DPMP.2'),(2034,2563,58,'DPMP.3'),(2035,2564,59,'DPMA'),(2036,2565,60,'DPMA.1'),(2037,2566,61,'DPMA.2'),(2038,2567,62,'DPMA.3'),(2039,2568,63,'DPMG'),(2040,2569,64,'DPMG.1'),(2041,2570,65,'DPMG.2'),(2042,2571,66,'DPME'),(2043,2572,95,'DPME.1'),(2044,2573,96,'DPME.2'),(2045,2574,97,'DPME.3'),(2046,2575,6,'DMOO'),(2047,2576,6,'DMOO'),(2048,2577,89,'DMOA'),(2049,2578,89,'DMOA'),(2050,2579,11,'DMOH'),(2051,2580,9,'DMON'),(2052,2581,9,'DMON'),(2053,2582,12,'DMOS'),(2054,2583,12,'DMOS'),(2055,2584,10,'DMOG'),(2056,2585,10,'DMOG'),(2057,2586,10,'DMOG'),(2058,2587,7,'DMOM'),(2059,2588,7,'DMOM'),(2060,2589,43,'DMTS'),(2061,2590,44,'DMTL'),(2062,2591,41,'DMTE'),(2063,2592,45,'DMTP'),(2064,2593,42,'DMTO'),(2065,2594,40,'DPMS'),(2066,2595,100,'DPMSP'),(2067,2596,18,'DPMR'),(2068,2597,19,'DPMR.1'),(2069,2598,20,'DPMR.2'),(2070,2599,21,'DPMR.3'),(2071,2600,22,'DPMR.4'),(2072,2601,49,'DPMT'),(2073,2602,50,'DPMT.1'),(2074,2603,50,'DPMT.1'),(2075,2604,50,'DPMT.1'),(2076,2605,51,'DPMT.2'),(2077,2606,52,'DPMT.3'),(2078,2607,53,'DPMT.4'),(2079,2608,54,'DPMP'),(2080,2609,55,'DPMP.1'),(2081,2610,57,'DPMP.2'),(2082,2611,58,'DPMP.3'),(2083,2612,59,'DPMA'),(2084,2613,60,'DPMA.1'),(2085,2614,61,'DPMA.2'),(2086,2615,62,'DPMA.3'),(2087,2616,63,'DPMG'),(2088,2617,64,'DPMG.1'),(2089,2618,65,'DPMG.2'),(2090,2619,40,'DPMS'),(2091,2620,100,'DPMSP'),(2092,2621,18,'DPMR'),(2093,2622,19,'DPMR.1'),(2094,2623,20,'DPMR.2'),(2095,2624,21,'DPMR.3'),(2096,2625,22,'DPMR.4'),(2097,2626,49,'DPMT'),(2098,2627,50,'DPMT.1'),(2099,2628,51,'DPMT.2'),(2100,2629,52,'DPMT.3'),(2101,2630,53,'DPMT.4'),(2102,2631,54,'DPMP'),(2103,2632,55,'DPMP.1'),(2104,2633,57,'DPMP.2'),(2105,2634,58,'DPMP.3'),(2106,2635,59,'DPMA'),(2107,2636,60,'DPMA.1'),(2108,2637,61,'DPMA.2'),(2109,2638,62,'DPMA.3'),(2110,2639,63,'DPMG'),(2111,2640,64,'DPMG.1'),(2112,2641,65,'DPMG.2'),(2113,2642,98,'DMIS'),(2114,2643,44,'DMTL'),(2115,2644,41,'DMTE'),(2116,2645,45,'DMTP'),(2117,2646,42,'DMTO'),(2118,2647,24,'SDML'),(2119,2648,24,'SDML'),(2120,2649,24,'SDML'),(2121,2650,24,'SDML'),(2122,2651,25,'SDMU'),(2123,2652,25,'SDMU'),(2124,2653,26,'SDMK'),(2125,2654,26,'SDMK'),(2126,2655,24,'SDML'),(2127,2656,24,'SDML'),(2128,2657,24,'SDML'),(2129,2658,24,'SDML'),(2130,2659,24,'SDML'),(2131,2660,43,'DMTS'),(2132,2661,43,'DMTS'),(2133,2662,43,'DMTS'),(2134,2663,43,'DMTS'),(2135,2664,43,'DMTS'),(2136,2665,43,'DMTS'),(2137,2666,44,'DMTL'),(2138,2667,44,'DMTL'),(2139,2668,44,'DMTL'),(2140,2669,44,'DMTL'),(2141,2670,41,'DMTE'),(2142,2671,41,'DMTE'),(2143,2672,41,'DMTE'),(2144,2673,41,'DMTE'),(2145,2674,41,'DMTE'),(2146,2675,42,'DMTO'),(2147,2676,42,'DMTO'),(2148,2677,42,'DMTO'),(2149,2678,42,'DMTO'),(2150,2679,42,'DMTO'),(2151,2680,45,'DMTP'),(2152,2681,45,'DMTP'),(2153,2682,45,'DMTP'),(2154,2683,45,'DMTP'),(2155,2684,45,'DMTP'),(2156,2685,45,'DMTP'),(2157,2686,25,'SDMU'),(2158,2687,24,'SDML'),(2159,2688,25,'SDMU'),(2160,2689,25,'SDMU'),(2161,2690,25,'SDMU'),(2162,2691,25,'SDMU'),(2163,2692,25,'SDMU'),(2164,2693,24,'SDML'),(2165,2694,27,'SDMH'),(2166,2695,27,'SDMH'),(2167,2696,27,'SDMH'),(2168,2697,27,'SDMH'),(2169,2698,25,'SDMU'),(2170,2699,25,'SDMU'),(2171,2700,25,'SDMU'),(2172,2701,25,'SDMU'),(2173,2702,26,'SDMK'),(2174,2703,26,'SDMK'),(2175,2704,26,'SDMK'),(2176,2705,26,'SDMK'),(2177,2706,26,'SDMK'),(2178,2707,24,'SDML'),(2179,2708,24,'SDML'),(2180,2709,24,'SDML'),(2181,2710,24,'SDML'),(2182,2711,24,'SDML'),(2183,2712,24,'SDML'),(2184,2713,27,'SDMH'),(2185,2714,27,'SDMH'),(2186,2715,27,'SDMH'),(2187,2716,27,'SDMH'),(2188,2717,27,'SDMH'),(2189,2718,27,'SDMH'),(2190,2719,27,'SDMH'),(2191,2720,27,'SDMH'),(2192,2721,32,'DPMU'),(2193,2722,92,'DPMUR'),(2194,2723,31,'DPMUK'),(2195,2724,101,'DPMUP'),(2196,2725,102,'DPMUO'),(2197,2726,103,'DPMUA'),(2198,2727,104,'DPMUI'),(2199,2728,35,'SDMK'),(2201,2067,4,'DMEP'),(2202,2068,4,'DMEP'),(2203,2072,4,'DMEP'),(2204,2066,4,'DMEP'),(2205,2065,2,'DME'),(2206,2064,2,'DME'),(2207,2064,3,'DMO'),(2208,2076,3,'DMO'),(2209,2097,3,'DMO'),(2210,2073,4,'DMEP'),(2212,2152,23,'SDM'),(2214,2153,23,'SDM');
/*!40000 ALTER TABLE `laporan_capaian_pic` ENABLE KEYS */;
UNLOCK TABLES;

--
-- Table structure for table `level`
--

DROP TABLE IF EXISTS `level`;
/*!40101 SET @saved_cs_client     = @@character_set_client */;
/*!50503 SET character_set_client = utf8mb4 */;
CREATE TABLE `level` (
  `id` int NOT NULL AUTO_INCREMENT,
  `nama_level` varchar(500) CHARACTER SET utf8mb3 COLLATE utf8mb3_general_ci DEFAULT NULL,
  PRIMARY KEY (`id`) USING BTREE
) ENGINE=InnoDB AUTO_INCREMENT=5 DEFAULT CHARSET=utf8mb3 ROW_FORMAT=DYNAMIC;
/*!40101 SET character_set_client = @saved_cs_client */;

--
-- Dumping data for table `level`
--

LOCK TABLES `level` WRITE;
/*!40000 ALTER TABLE `level` DISABLE KEYS */;
INSERT INTO `level` VALUES (1,'IKSP'),(2,'IKSK-2'),(3,'IKSK-3'),(4,'IKSK-4');
/*!40000 ALTER TABLE `level` ENABLE KEYS */;
UNLOCK TABLES;

--
-- Table structure for table `migrations`
--

DROP TABLE IF EXISTS `migrations`;
/*!40101 SET @saved_cs_client     = @@character_set_client */;
/*!50503 SET character_set_client = utf8mb4 */;
CREATE TABLE `migrations` (
  `id` int unsigned NOT NULL AUTO_INCREMENT,
  `migration` varchar(255) CHARACTER SET utf8mb4 COLLATE utf8mb4_unicode_ci NOT NULL,
  `batch` int NOT NULL,
  PRIMARY KEY (`id`) USING BTREE
) ENGINE=InnoDB AUTO_INCREMENT=6 DEFAULT CHARSET=utf8mb4 COLLATE=utf8mb4_unicode_ci ROW_FORMAT=DYNAMIC;
/*!40101 SET character_set_client = @saved_cs_client */;

--
-- Dumping data for table `migrations`
--

LOCK TABLES `migrations` WRITE;
/*!40000 ALTER TABLE `migrations` DISABLE KEYS */;
INSERT INTO `migrations` VALUES (1,'2014_10_12_000000_create_users_table',1),(2,'2014_10_12_100000_create_password_resets_table',1),(3,'2019_08_19_000000_create_failed_jobs_table',1),(4,'2019_12_14_000001_create_personal_access_tokens_table',1),(5,'2023_11_07_082439_create_permission_tables',1);
/*!40000 ALTER TABLE `migrations` ENABLE KEYS */;
UNLOCK TABLES;

--
-- Table structure for table `model_has_permissions`
--

DROP TABLE IF EXISTS `model_has_permissions`;
/*!40101 SET @saved_cs_client     = @@character_set_client */;
/*!50503 SET character_set_client = utf8mb4 */;
CREATE TABLE `model_has_permissions` (
  `permission_id` bigint unsigned NOT NULL,
  `model_type` varchar(255) CHARACTER SET utf8mb4 COLLATE utf8mb4_unicode_ci NOT NULL,
  `model_id` bigint unsigned NOT NULL,
  PRIMARY KEY (`permission_id`,`model_id`,`model_type`) USING BTREE,
  KEY `model_has_permissions_model_id_model_type_index` (`model_id`,`model_type`) USING BTREE,
  CONSTRAINT `model_has_permissions_permission_id_foreign` FOREIGN KEY (`permission_id`) REFERENCES `permissions` (`id`) ON DELETE CASCADE ON UPDATE RESTRICT
) ENGINE=InnoDB DEFAULT CHARSET=utf8mb4 COLLATE=utf8mb4_unicode_ci ROW_FORMAT=DYNAMIC;
/*!40101 SET character_set_client = @saved_cs_client */;

--
-- Dumping data for table `model_has_permissions`
--

LOCK TABLES `model_has_permissions` WRITE;
/*!40000 ALTER TABLE `model_has_permissions` DISABLE KEYS */;
/*!40000 ALTER TABLE `model_has_permissions` ENABLE KEYS */;
UNLOCK TABLES;

--
-- Table structure for table `model_has_roles`
--

DROP TABLE IF EXISTS `model_has_roles`;
/*!40101 SET @saved_cs_client     = @@character_set_client */;
/*!50503 SET character_set_client = utf8mb4 */;
CREATE TABLE `model_has_roles` (
  `role_id` bigint unsigned NOT NULL,
  `model_type` varchar(255) CHARACTER SET utf8mb4 COLLATE utf8mb4_unicode_ci NOT NULL,
  `model_id` bigint unsigned NOT NULL,
  PRIMARY KEY (`role_id`,`model_id`,`model_type`) USING BTREE,
  KEY `model_has_roles_model_id_model_type_index` (`model_id`,`model_type`) USING BTREE,
  CONSTRAINT `model_has_roles_role_id_foreign` FOREIGN KEY (`role_id`) REFERENCES `roles` (`id`) ON DELETE CASCADE ON UPDATE RESTRICT
) ENGINE=InnoDB DEFAULT CHARSET=utf8mb4 COLLATE=utf8mb4_unicode_ci ROW_FORMAT=DYNAMIC;
/*!40101 SET character_set_client = @saved_cs_client */;

--
-- Dumping data for table `model_has_roles`
--

LOCK TABLES `model_has_roles` WRITE;
/*!40000 ALTER TABLE `model_has_roles` DISABLE KEYS */;
INSERT INTO `model_has_roles` VALUES (1,'App\\Models\\User',1),(3,'App\\Models\\User',3),(3,'App\\Models\\User',4),(1,'App\\Models\\User',5);
/*!40000 ALTER TABLE `model_has_roles` ENABLE KEYS */;
UNLOCK TABLES;

--
-- Table structure for table `parameter`
--

DROP TABLE IF EXISTS `parameter`;
/*!40101 SET @saved_cs_client     = @@character_set_client */;
/*!50503 SET character_set_client = utf8mb4 */;
CREATE TABLE `parameter` (
  `id` int NOT NULL AUTO_INCREMENT,
  `nama_parameter` varchar(500) CHARACTER SET utf8mb3 COLLATE utf8mb3_general_ci DEFAULT NULL,
  `kalkulasi` varchar(255) CHARACTER SET utf8mb3 COLLATE utf8mb3_general_ci DEFAULT NULL,
  `value` float DEFAULT NULL,
  `indeks_id` int DEFAULT NULL,
  PRIMARY KEY (`id`) USING BTREE,
  KEY `IXFK_parameter_indeks` (`indeks_id`) USING BTREE,
  CONSTRAINT `FK_parameter_indeks` FOREIGN KEY (`indeks_id`) REFERENCES `indeks` (`id`)
) ENGINE=InnoDB AUTO_INCREMENT=31 DEFAULT CHARSET=utf8mb3 ROW_FORMAT=DYNAMIC;
/*!40101 SET character_set_client = @saved_cs_client */;

--
-- Dumping data for table `parameter`
--

LOCK TABLES `parameter` WRITE;
/*!40000 ALTER TABLE `parameter` DISABLE KEYS */;
INSERT INTO `parameter` VALUES (1,'Parameter Realisasi Produksi LNG','*',53.38,7),(2,'Parameter TW I Realisasi LNG Domestik','*',90,9),(3,'Parameter TW II Realisasi LNG Domestik','*',181,9),(4,'Parameter TW III','*',92,17),(5,'Parameter TW IV Realisasi LNG Domestik','*',365,9),(6,'Parameter 1000 Realisasi LNG Domestik','*',1000,9),(7,'Parameter 0.46 Realisasi LNG Domestik','*',0.46,10),(8,'Parameter 0.047 Realisasi LNG Domestik','*',0.047,10),(9,'Parameter 23.37 Realisasi Ekspor Hasil Pengolahan (Kilang LNG Hilir)','*',23.37,12),(10,'Parameter TW I','*',90,15),(11,'Parameter TW II','*',91,15),(12,'Parameter TW III','*',92,15),(13,'Parameter TW IV','*',92,15),(14,'Parameter 1027 Realisasi Produksi/Lifting Gas Bumi BBTU','*',1.027,16),(25,'Parameter TW1 90000','/',90000,21),(26,'Paramater TW2 181000','/',181000,21),(27,'Parameter TW3 273000','/',273000,21),(28,'Parameter TW4 365000','/',365000,21),(29,'Parameter 5658','/',5.658,22),(30,'Parameter 90','/',90,30);
/*!40000 ALTER TABLE `parameter` ENABLE KEYS */;
UNLOCK TABLES;

--
-- Table structure for table `password_resets`
--

DROP TABLE IF EXISTS `password_resets`;
/*!40101 SET @saved_cs_client     = @@character_set_client */;
/*!50503 SET character_set_client = utf8mb4 */;
CREATE TABLE `password_resets` (
  `email` varchar(255) CHARACTER SET utf8mb4 COLLATE utf8mb4_unicode_ci NOT NULL,
  `token` varchar(255) CHARACTER SET utf8mb4 COLLATE utf8mb4_unicode_ci NOT NULL,
  `created_at` timestamp NULL DEFAULT NULL,
  PRIMARY KEY (`email`) USING BTREE
) ENGINE=InnoDB DEFAULT CHARSET=utf8mb4 COLLATE=utf8mb4_unicode_ci ROW_FORMAT=DYNAMIC;
/*!40101 SET character_set_client = @saved_cs_client */;

--
-- Dumping data for table `password_resets`
--

LOCK TABLES `password_resets` WRITE;
/*!40000 ALTER TABLE `password_resets` DISABLE KEYS */;
/*!40000 ALTER TABLE `password_resets` ENABLE KEYS */;
UNLOCK TABLES;

--
-- Table structure for table `periode`
--

DROP TABLE IF EXISTS `periode`;
/*!40101 SET @saved_cs_client     = @@character_set_client */;
/*!50503 SET character_set_client = utf8mb4 */;
CREATE TABLE `periode` (
  `id` int NOT NULL AUTO_INCREMENT,
  `periode` varchar(50) CHARACTER SET utf8mb3 COLLATE utf8mb3_general_ci DEFAULT NULL,
  `status` varchar(50) CHARACTER SET utf8mb3 COLLATE utf8mb3_general_ci DEFAULT NULL,
  PRIMARY KEY (`id`) USING BTREE
) ENGINE=InnoDB AUTO_INCREMENT=6 DEFAULT CHARSET=utf8mb3 ROW_FORMAT=DYNAMIC;
/*!40101 SET character_set_client = @saved_cs_client */;

--
-- Dumping data for table `periode`
--

LOCK TABLES `periode` WRITE;
/*!40000 ALTER TABLE `periode` DISABLE KEYS */;
INSERT INTO `periode` VALUES (1,'2020','Closed'),(2,'2021','Closed'),(3,'2022','Closed'),(4,'2023','Active'),(5,'2024','Closed');
/*!40000 ALTER TABLE `periode` ENABLE KEYS */;
UNLOCK TABLES;

--
-- Table structure for table `permissions`
--

DROP TABLE IF EXISTS `permissions`;
/*!40101 SET @saved_cs_client     = @@character_set_client */;
/*!50503 SET character_set_client = utf8mb4 */;
CREATE TABLE `permissions` (
  `id` bigint unsigned NOT NULL AUTO_INCREMENT,
  `name` varchar(255) CHARACTER SET utf8mb4 COLLATE utf8mb4_unicode_ci NOT NULL,
  `guard_name` varchar(255) CHARACTER SET utf8mb4 COLLATE utf8mb4_unicode_ci NOT NULL,
  `created_at` timestamp NULL DEFAULT NULL,
  `updated_at` timestamp NULL DEFAULT NULL,
  PRIMARY KEY (`id`) USING BTREE,
  UNIQUE KEY `permissions_name_guard_name_unique` (`name`,`guard_name`) USING BTREE
) ENGINE=InnoDB AUTO_INCREMENT=62 DEFAULT CHARSET=utf8mb4 COLLATE=utf8mb4_unicode_ci ROW_FORMAT=DYNAMIC;
/*!40101 SET character_set_client = @saved_cs_client */;

--
-- Dumping data for table `permissions`
--

LOCK TABLES `permissions` WRITE;
/*!40000 ALTER TABLE `permissions` DISABLE KEYS */;
INSERT INTO `permissions` VALUES (1,'user-create','web','2023-12-30 23:05:56','2023-12-30 23:05:56'),(2,'user-edit','web','2023-12-30 23:05:56','2023-12-30 23:05:56'),(3,'user-delete','web','2023-12-30 23:05:56','2023-12-30 23:05:56'),(4,'profile-edit','web','2023-12-30 23:05:56','2023-12-30 23:05:56'),(5,'profile-update','web','2023-12-30 23:05:56','2023-12-30 23:05:56'),(6,'profile-delete','web','2023-12-30 23:05:56','2023-12-30 23:05:56'),(7,'periode-list','web','2023-12-30 23:05:56','2023-12-30 23:05:56'),(8,'periode-edit','web','2023-12-30 23:05:56','2023-12-30 23:05:56'),(9,'periode-create','web','2023-12-30 23:05:56','2023-12-30 23:05:56'),(10,'periode-delete','web','2023-12-30 23:05:56','2023-12-30 23:05:56'),(11,'indikator-list','web','2023-12-30 23:05:56','2023-12-30 23:05:56'),(12,'indikator-create','web','2023-12-30 23:05:56','2023-12-30 23:05:56'),(13,'indikator-edit','web','2023-12-30 23:05:56','2023-12-30 23:05:56'),(14,'indikator-delete','web','2023-12-30 23:05:56','2023-12-30 23:05:56'),(15,'kompositor-list','web','2023-12-30 23:05:56','2023-12-30 23:05:56'),(16,'kompositor-create','web','2023-12-30 23:05:56','2023-12-30 23:05:56'),(17,'kompositor-edit','web','2023-12-30 23:05:56','2023-12-30 23:05:56'),(18,'kompositor-delete','web','2023-12-30 23:05:56','2023-12-30 23:05:56'),(19,'kompositor-list-of-indikator','web','2023-12-30 23:05:56','2023-12-30 23:05:56'),(20,'hitung-kompositor-list','web','2023-12-30 23:05:56','2023-12-30 23:05:56'),(21,'hitung-kompositor-create','web','2023-12-30 23:05:56','2023-12-30 23:05:56'),(22,'hitung-kompositor-edit','web','2023-12-30 23:05:56','2023-12-30 23:05:56'),(23,'hitung-kompositor-delete','web','2023-12-30 23:05:56','2023-12-30 23:05:56'),(24,'pic-list','web','2023-12-30 23:05:56','2023-12-30 23:05:56'),(25,'pic-create','web','2023-12-30 23:05:56','2023-12-30 23:05:56'),(26,'pic-edit','web','2023-12-30 23:05:56','2023-12-30 23:05:56'),(27,'pic-delete','web','2023-12-30 23:05:56','2023-12-30 23:05:56'),(28,'laporan-capaian-list','web','2023-12-30 23:05:56','2023-12-30 23:05:56'),(29,'laporan-capaian-create','web','2023-12-30 23:05:56','2023-12-30 23:05:56'),(30,'laporan-capaian-edit','web','2023-12-30 23:05:56','2023-12-30 23:05:56'),(31,'laporan-capaian-delete','web','2023-12-30 23:05:56','2023-12-30 23:05:56'),(32,'laporan-capaian-importindikator','web','2023-12-30 23:05:56','2023-12-30 23:05:56'),(33,'input-realisasi-list','web','2023-12-30 23:05:56','2023-12-30 23:05:56'),(34,'input-realisasi-create','web','2023-12-30 23:05:56','2023-12-30 23:05:56'),(35,'input-realisasi-edit','web','2023-12-30 23:05:56','2023-12-30 23:05:56'),(36,'input-realisasi-delete','web','2023-12-30 23:05:56','2023-12-30 23:05:56'),(37,'input-realisasi-importkompositor','web','2023-12-30 23:05:56','2023-12-30 23:05:56'),(38,'input-realisasi-calculaterealization','web','2023-12-30 23:05:56','2023-12-30 23:05:56'),(39,'satuan-list','web','2023-12-30 23:05:56','2023-12-30 23:05:56'),(40,'satuan-create','web','2023-12-30 23:05:56','2023-12-30 23:05:56'),(41,'satuan-edit','web','2023-12-30 23:05:56','2023-12-30 23:05:56'),(42,'satuan-delete','web','2023-12-30 23:05:56','2023-12-30 23:05:56'),(43,'level-list','web','2023-12-30 23:05:56','2023-12-30 23:05:56'),(44,'level-create','web','2023-12-30 23:05:56','2023-12-30 23:05:56'),(45,'level-edit','web','2023-12-30 23:05:56','2023-12-30 23:05:56'),(46,'level-delete','web','2023-12-30 23:05:56','2023-12-30 23:05:56'),(47,'indeks-list','web','2023-12-30 23:05:56','2023-12-30 23:05:56'),(48,'indeks-create','web','2023-12-30 23:05:56','2023-12-30 23:05:56'),(49,'indeks-edit','web','2023-12-30 23:05:56','2023-12-30 23:05:56'),(50,'indeks-delete','web','2023-12-30 23:05:56','2023-12-30 23:05:56'),(51,'kategori-kinerja-list','web','2023-12-30 23:05:56','2023-12-30 23:05:56'),(52,'kategori-kinerja-create','web','2023-12-30 23:05:56','2023-12-30 23:05:56'),(53,'kategori-kinerja-edit','web','2023-12-30 23:05:56','2023-12-30 23:05:56'),(54,'kategori-kinerja-delete','web','2023-12-30 23:05:56','2023-12-30 23:05:56'),(55,'input-kinerja-list','web','2023-12-30 23:05:56','2023-12-30 23:05:56'),(56,'input-kinerja-create','web','2023-12-30 23:05:57','2023-12-30 23:05:57'),(57,'input-kinerja-edit','web','2023-12-30 23:05:57','2023-12-30 23:05:57'),(58,'input-kinerja-delete','web','2023-12-30 23:05:57','2023-12-30 23:05:57'),(59,'input-kinerja-calculate-kinerja','web','2023-12-30 23:05:57','2023-12-30 23:05:57'),(61,'user-list','web','2024-01-04 07:25:57','2024-01-04 07:25:57');
/*!40000 ALTER TABLE `permissions` ENABLE KEYS */;
UNLOCK TABLES;

--
-- Table structure for table `personal_access_tokens`
--

DROP TABLE IF EXISTS `personal_access_tokens`;
/*!40101 SET @saved_cs_client     = @@character_set_client */;
/*!50503 SET character_set_client = utf8mb4 */;
CREATE TABLE `personal_access_tokens` (
  `id` bigint unsigned NOT NULL AUTO_INCREMENT,
  `tokenable_type` varchar(255) CHARACTER SET utf8mb4 COLLATE utf8mb4_unicode_ci NOT NULL,
  `tokenable_id` bigint unsigned NOT NULL,
  `name` varchar(255) CHARACTER SET utf8mb4 COLLATE utf8mb4_unicode_ci NOT NULL,
  `token` varchar(64) CHARACTER SET utf8mb4 COLLATE utf8mb4_unicode_ci NOT NULL,
  `abilities` text CHARACTER SET utf8mb4 COLLATE utf8mb4_unicode_ci,
  `last_used_at` timestamp NULL DEFAULT NULL,
  `expires_at` timestamp NULL DEFAULT NULL,
  `created_at` timestamp NULL DEFAULT NULL,
  `updated_at` timestamp NULL DEFAULT NULL,
  PRIMARY KEY (`id`) USING BTREE,
  UNIQUE KEY `personal_access_tokens_token_unique` (`token`) USING BTREE,
  KEY `personal_access_tokens_tokenable_type_tokenable_id_index` (`tokenable_type`,`tokenable_id`) USING BTREE
) ENGINE=InnoDB DEFAULT CHARSET=utf8mb4 COLLATE=utf8mb4_unicode_ci ROW_FORMAT=DYNAMIC;
/*!40101 SET character_set_client = @saved_cs_client */;

--
-- Dumping data for table `personal_access_tokens`
--

LOCK TABLES `personal_access_tokens` WRITE;
/*!40000 ALTER TABLE `personal_access_tokens` DISABLE KEYS */;
/*!40000 ALTER TABLE `personal_access_tokens` ENABLE KEYS */;
UNLOCK TABLES;

--
-- Table structure for table `pic`
--

DROP TABLE IF EXISTS `pic`;
/*!40101 SET @saved_cs_client     = @@character_set_client */;
/*!50503 SET character_set_client = utf8mb4 */;
CREATE TABLE `pic` (
  `id` int NOT NULL AUTO_INCREMENT,
  `nama_pic` varchar(50) CHARACTER SET utf8mb3 COLLATE utf8mb3_general_ci DEFAULT NULL,
  `parent_id` int DEFAULT NULL,
  `keterangan` text CHARACTER SET utf8mb3 COLLATE utf8mb3_general_ci,
  PRIMARY KEY (`id`) USING BTREE
) ENGINE=InnoDB AUTO_INCREMENT=46 DEFAULT CHARSET=utf8mb3 ROW_FORMAT=DYNAMIC;
/*!40101 SET character_set_client = @saved_cs_client */;

--
-- Dumping data for table `pic`
--

LOCK TABLES `pic` WRITE;
/*!40000 ALTER TABLE `pic` DISABLE KEYS */;
INSERT INTO `pic` VALUES (1,'ADM',NULL,'Administrator'),(2,'DME',NULL,'-'),(3,'DMO',NULL,'-'),(4,'DMEP',2,'-'),(5,'DMB',NULL,'-'),(6,'DMOO',NULL,'-'),(7,'DMOM',NULL,'-'),(8,'DMOT',NULL,'-'),(9,'DMON',NULL,'-'),(10,'DMOG',NULL,'-'),(11,'DMOH',NULL,'-'),(12,'DMOS',NULL,'-'),(13,'DMEW',2,'-'),(14,'DMEN',2,'-'),(15,'DMEN/DMEW',2,'-'),(17,'DPM',1,'-'),(18,'DPMR',17,'-'),(19,'DPMR.1',17,'-'),(20,'DPMR.2',17,'-'),(21,'DPMR.3',17,'-'),(22,'DPMR.4',17,'-'),(23,'SDM',1,'Sekretariat Ditjen Migas'),(24,'SDML',23,'Pokja Rencana dan Laporan'),(25,'DMBS',5,NULL),(26,'DMBP',5,'-'),(27,'DMI',3,'-'),(28,'DMIR',27,'-'),(29,'DMIB',28,'-'),(30,'DMIRP',28,'-'),(31,'DMOA',3,'-'),(32,'DMBI',5,'-'),(33,'DMBK',5,'-'),(34,'DMBD',5,'-'),(35,'SDMK',23,'-'),(36,'DMEE',2,'-'),(37,'DMED',2,'-'),(38,'DMTL',2,'-'),(39,'DMT',5,'-'),(40,'DMTS',39,'-'),(41,'DMTE',39,'-'),(42,'DMTP',39,'-'),(43,'DMTO',39,'-'),(44,'SDMH',23,'-'),(45,'SDMU',23,'-');
/*!40000 ALTER TABLE `pic` ENABLE KEYS */;
UNLOCK TABLES;

--
-- Table structure for table `realisasi_kompositor`
--

DROP TABLE IF EXISTS `realisasi_kompositor`;
/*!40101 SET @saved_cs_client     = @@character_set_client */;
/*!50503 SET character_set_client = utf8mb4 */;
CREATE TABLE `realisasi_kompositor` (
  `id` int NOT NULL AUTO_INCREMENT,
  `kompositor_id` int DEFAULT NULL,
  `input_realisasi_id` int DEFAULT NULL,
  `nilai` double(11,2) DEFAULT NULL,
  `formula_cell` varchar(50) CHARACTER SET utf8mb3 COLLATE utf8mb3_general_ci DEFAULT NULL,
  PRIMARY KEY (`id`) USING BTREE,
  KEY `IXFK_realisasi_kompositor_input_realisasi` (`input_realisasi_id`) USING BTREE,
  KEY `IXFK_realisasi_kompositor_kompositor` (`kompositor_id`) USING BTREE,
  CONSTRAINT `FK_realisasi_kompositor_input_realisasi` FOREIGN KEY (`input_realisasi_id`) REFERENCES `input_realisasi` (`id`),
  CONSTRAINT `FK_realisasi_kompositor_kompositor` FOREIGN KEY (`kompositor_id`) REFERENCES `kompositor` (`id`)
) ENGINE=InnoDB AUTO_INCREMENT=307 DEFAULT CHARSET=utf8mb3 ROW_FORMAT=DYNAMIC;
/*!40101 SET character_set_client = @saved_cs_client */;

--
-- Dumping data for table `realisasi_kompositor`
--

LOCK TABLES `realisasi_kompositor` WRITE;
/*!40000 ALTER TABLE `realisasi_kompositor` DISABLE KEYS */;
INSERT INTO `realisasi_kompositor` VALUES (232,84,7956,621.19,NULL),(233,85,7956,55906661.00,NULL),(234,86,7956,90000.00,NULL),(235,87,7956,0.00,NULL),(236,88,7956,0.00,NULL),(237,89,7956,0.00,NULL),(238,90,7960,1167.14,NULL),(239,91,7960,6606.00,NULL),(240,92,7960,5.66,NULL),(241,83,7952,1788.33,NULL),(244,95,7976,0.49,NULL),(245,755,7976,4978000.00,NULL),(246,756,7976,2518462.00,NULL),(247,84,7952,621.19,NULL),(248,90,7952,1167.14,NULL),(249,2,7948,1.47,NULL),(250,40,7948,0.00,NULL),(251,41,7948,0.00,NULL),(252,42,7948,0.00,NULL),(253,43,7948,6606.00,NULL),(254,44,7948,0.00,NULL),(255,45,7948,0.00,NULL),(256,46,7948,0.00,NULL),(257,47,7948,0.00,NULL),(258,48,7948,0.00,NULL),(259,49,7948,0.00,NULL),(260,50,7948,0.00,NULL),(261,51,7948,0.00,NULL),(262,52,7948,3596.44,NULL),(263,53,7948,0.00,NULL),(264,54,7948,0.00,NULL),(265,55,7948,0.00,NULL),(266,56,7948,0.00,NULL),(267,57,7948,0.00,NULL),(268,58,7948,0.00,NULL),(269,59,7948,55906661.00,NULL),(270,60,7948,28029850.24,NULL),(271,61,7948,2518462.00,NULL),(272,62,7948,77306170.00,NULL),(273,1,7944,0.00,NULL),(278,3,7992,2.41,NULL),(279,4,7992,66435487.60,NULL),(280,5,7992,193970485.00,NULL),(281,6,7992,11292208.00,NULL),(282,7,7992,39186280.00,NULL),(283,8,7992,2251268.86,NULL),(284,2,7944,1.47,NULL),(285,3,7944,2.41,NULL),(286,9,7944,0.00,NULL),(287,15,7944,0.00,NULL),(288,9,8076,3.52,NULL),(289,10,8076,483857.89,NULL),(290,11,8076,7092210.00,NULL),(291,12,8076,400.00,NULL),(292,13,8076,1665684.57,NULL),(293,14,8076,11.30,NULL),(294,99,7980,0.00,NULL),(297,642,8296,0.00,NULL),(298,643,8296,72.00,NULL),(299,644,8300,0.00,NULL),(300,645,8300,0.00,NULL),(301,100,7984,0.00,NULL),(302,101,7984,0.00,NULL),(303,102,7984,0.00,NULL),(304,103,7984,0.00,NULL),(305,648,8308,0.00,NULL),(306,649,8308,0.00,NULL);
/*!40000 ALTER TABLE `realisasi_kompositor` ENABLE KEYS */;
UNLOCK TABLES;

--
-- Table structure for table `realisasi_kompositor_pic`
--

DROP TABLE IF EXISTS `realisasi_kompositor_pic`;
/*!40101 SET @saved_cs_client     = @@character_set_client */;
/*!50503 SET character_set_client = utf8mb4 */;
CREATE TABLE `realisasi_kompositor_pic` (
  `id` int NOT NULL AUTO_INCREMENT,
  `realisasi_kompositor_id` int DEFAULT NULL,
  `pic_id` int DEFAULT NULL,
  `nama_pic` varchar(50) CHARACTER SET utf8mb3 COLLATE utf8mb3_general_ci DEFAULT NULL,
  PRIMARY KEY (`id`) USING BTREE,
  KEY `IXFK_realisasi_kompositor_pic_realisasi_kompositor` (`realisasi_kompositor_id`) USING BTREE,
  CONSTRAINT `FK_realisasi_kompositor_pic_realisasi_kompositor` FOREIGN KEY (`realisasi_kompositor_id`) REFERENCES `realisasi_kompositor` (`id`)
) ENGINE=InnoDB AUTO_INCREMENT=207 DEFAULT CHARSET=utf8mb3 ROW_FORMAT=DYNAMIC;
/*!40101 SET character_set_client = @saved_cs_client */;

--
-- Dumping data for table `realisasi_kompositor_pic`
--

LOCK TABLES `realisasi_kompositor_pic` WRITE;
/*!40000 ALTER TABLE `realisasi_kompositor_pic` DISABLE KEYS */;
INSERT INTO `realisasi_kompositor_pic` VALUES (151,232,4,'DMEP'),(152,233,4,'DMEP'),(153,234,4,'DMEP'),(154,238,4,'DMEP'),(155,239,4,'DMEP'),(159,244,4,'DMEP'),(160,245,4,'DMEP'),(161,246,4,'DMEP'),(162,241,4,'DMEP'),(163,247,4,'DMEP'),(164,248,4,'DMEP'),(165,249,2,'DME'),(166,250,2,'DME'),(167,251,2,'DME'),(168,252,4,'DMEP'),(169,253,4,'DMEP'),(170,258,2,'DME'),(171,259,2,'DME'),(172,261,2,'DME'),(173,262,5,'DMBS'),(174,267,4,'DMEP'),(175,268,5,'DMBS'),(176,269,4,'DMEP'),(177,270,6,'DMOO'),(178,270,8,'DMOT'),(179,271,4,'DMEP'),(180,272,6,'DMOO'),(181,272,8,'DMOT'),(184,273,2,'DME'),(185,273,3,'DMO'),(186,284,2,'DME'),(187,284,3,'DMO'),(188,285,2,'DME'),(189,285,3,'DMO'),(190,286,2,'DME'),(191,286,3,'DMO'),(192,287,2,'DME'),(193,287,3,'DMO'),(194,288,2,'DME'),(195,288,3,'DMO'),(198,297,23,'SDM'),(199,298,45,'SDMU'),(200,299,45,'SDMU'),(201,300,45,'SDMU'),(202,301,4,'DMEP'),(203,302,4,'DMEP'),(204,303,4,'DMEP'),(205,304,4,'DMEP'),(206,305,45,'SDMU');
/*!40000 ALTER TABLE `realisasi_kompositor_pic` ENABLE KEYS */;
UNLOCK TABLES;

--
-- Table structure for table `role_has_permissions`
--

DROP TABLE IF EXISTS `role_has_permissions`;
/*!40101 SET @saved_cs_client     = @@character_set_client */;
/*!50503 SET character_set_client = utf8mb4 */;
CREATE TABLE `role_has_permissions` (
  `permission_id` bigint unsigned NOT NULL,
  `role_id` bigint unsigned NOT NULL,
  PRIMARY KEY (`permission_id`,`role_id`) USING BTREE,
  KEY `role_has_permissions_role_id_foreign` (`role_id`) USING BTREE,
  CONSTRAINT `role_has_permissions_permission_id_foreign` FOREIGN KEY (`permission_id`) REFERENCES `permissions` (`id`) ON DELETE CASCADE ON UPDATE RESTRICT,
  CONSTRAINT `role_has_permissions_role_id_foreign` FOREIGN KEY (`role_id`) REFERENCES `roles` (`id`) ON DELETE CASCADE ON UPDATE RESTRICT
) ENGINE=InnoDB DEFAULT CHARSET=utf8mb4 COLLATE=utf8mb4_unicode_ci ROW_FORMAT=DYNAMIC;
/*!40101 SET character_set_client = @saved_cs_client */;

--
-- Dumping data for table `role_has_permissions`
--

LOCK TABLES `role_has_permissions` WRITE;
/*!40000 ALTER TABLE `role_has_permissions` DISABLE KEYS */;
INSERT INTO `role_has_permissions` VALUES (1,1),(2,1),(3,1),(4,1),(5,1),(6,1),(7,1),(8,1),(9,1),(10,1),(11,1),(12,1),(13,1),(14,1),(15,1),(16,1),(17,1),(18,1),(19,1),(20,1),(21,1),(22,1),(23,1),(24,1),(25,1),(26,1),(27,1),(28,1),(29,1),(30,1),(31,1),(32,1),(33,1),(34,1),(35,1),(36,1),(37,1),(38,1),(39,1),(40,1),(41,1),(42,1),(43,1),(44,1),(45,1),(46,1),(47,1),(48,1),(49,1),(50,1),(51,1),(52,1),(53,1),(54,1),(55,1),(56,1),(57,1),(58,1),(59,1),(61,1),(4,3),(5,3),(6,3),(7,3),(11,3),(15,3),(19,3),(20,3),(21,3),(22,3),(23,3),(24,3),(25,3),(26,3),(27,3),(28,3),(30,3),(33,3),(34,3),(35,3),(36,3),(37,3),(38,3),(39,3),(40,3),(41,3),(42,3),(43,3),(47,3),(51,3),(52,3),(53,3),(54,3),(55,3),(56,3),(57,3),(58,3),(59,3);
/*!40000 ALTER TABLE `role_has_permissions` ENABLE KEYS */;
UNLOCK TABLES;

--
-- Table structure for table `roles`
--

DROP TABLE IF EXISTS `roles`;
/*!40101 SET @saved_cs_client     = @@character_set_client */;
/*!50503 SET character_set_client = utf8mb4 */;
CREATE TABLE `roles` (
  `id` bigint unsigned NOT NULL AUTO_INCREMENT,
  `name` varchar(255) CHARACTER SET utf8mb4 COLLATE utf8mb4_unicode_ci NOT NULL,
  `guard_name` varchar(255) CHARACTER SET utf8mb4 COLLATE utf8mb4_unicode_ci NOT NULL,
  `created_at` timestamp NULL DEFAULT NULL,
  `updated_at` timestamp NULL DEFAULT NULL,
  PRIMARY KEY (`id`) USING BTREE,
  UNIQUE KEY `roles_name_guard_name_unique` (`name`,`guard_name`) USING BTREE
) ENGINE=InnoDB AUTO_INCREMENT=4 DEFAULT CHARSET=utf8mb4 COLLATE=utf8mb4_unicode_ci ROW_FORMAT=DYNAMIC;
/*!40101 SET character_set_client = @saved_cs_client */;

--
-- Dumping data for table `roles`
--

LOCK TABLES `roles` WRITE;
/*!40000 ALTER TABLE `roles` DISABLE KEYS */;
INSERT INTO `roles` VALUES (1,'Administrator','web','2023-12-30 23:05:57','2023-12-30 23:05:57'),(3,'User','web','2024-01-05 06:49:00','2024-01-05 06:49:00');
/*!40000 ALTER TABLE `roles` ENABLE KEYS */;
UNLOCK TABLES;

--
-- Table structure for table `satuan`
--

DROP TABLE IF EXISTS `satuan`;
/*!40101 SET @saved_cs_client     = @@character_set_client */;
/*!50503 SET character_set_client = utf8mb4 */;
CREATE TABLE `satuan` (
  `id` int NOT NULL AUTO_INCREMENT,
  `nama_satuan` varchar(500) CHARACTER SET utf8mb3 COLLATE utf8mb3_general_ci DEFAULT NULL,
  PRIMARY KEY (`id`) USING BTREE
) ENGINE=InnoDB AUTO_INCREMENT=61 DEFAULT CHARSET=utf8mb3 ROW_FORMAT=DYNAMIC;
/*!40101 SET character_set_client = @saved_cs_client */;

--
-- Dumping data for table `satuan`
--

LOCK TABLES `satuan` WRITE;
/*!40000 ALTER TABLE `satuan` DISABLE KEYS */;
INSERT INTO `satuan` VALUES (1,'%'),(2,'Indeks'),(3,'MBOEPD'),(4,'MBOPD'),(5,'BOPD'),(6,'Juta Ton'),(7,'Juta MT'),(8,'Rekomendasi Kebijakan'),(9,'Rekom Badan Usaha'),(10,'Tahun'),(11,'Jumlah WK'),(12,'Jumlah Evaluasi'),(13,'Jumlah Rekomendasi'),(14,'Jumlah Area'),(15,'BBOE'),(16,'KM'),(17,'KM2'),(18,'Sumur'),(19,'MMSTB'),(20,'TCF'),(21,'Hari'),(22,'Rekomendasi Teknis'),(23,'Data Teknis'),(24,'Nilai'),(25,'Skala 4'),(26,'Paket'),(27,'SR'),(28,'Lokasi'),(29,'Laporan Monitoring dan Evaluasi'),(30,'Rp Milyar'),(31,'Sertifikat'),(32,'Nilai'),(33,'Level'),(34,'Hari'),(35,'Kelurahan/Desa'),(36,'Jumlah Evaluasi'),(37,'Jumlah Dokumen'),(38,'Jumlah usulan'),(39,'Dokumen/SR'),(40,'Ton'),(41,'ton/d'),(42,'MMSCFD'),(43,'KL'),(44,'mton'),(45,'m3'),(46,'RIBU BCPD'),(47,'JUTA TON'),(48,'Laporan'),(49,'Jumlah Perusahaan'),(50,'Skala 100'),(51,'Jumlah Penandasahan'),(52,'Jumlah Kerjasama'),(53,'Unit'),(54,'Nilai SAKIP'),(55,'Jumlah Komponen'),(56,'Jumlah RSNI & RSKKNI'),(57,'Frekuensi'),(58,'Jumlah Obvitnas'),(59,'Jumlah Rancangan'),(60,'Jumlah');
/*!40000 ALTER TABLE `satuan` ENABLE KEYS */;
UNLOCK TABLES;

--
-- Table structure for table `sumber_kompositor`
--

DROP TABLE IF EXISTS `sumber_kompositor`;
/*!40101 SET @saved_cs_client     = @@character_set_client */;
/*!50503 SET character_set_client = utf8mb4 */;
CREATE TABLE `sumber_kompositor` (
  `id` int NOT NULL AUTO_INCREMENT,
  `nama_sumber_kompositor` varchar(50) CHARACTER SET utf8mb3 COLLATE utf8mb3_general_ci DEFAULT NULL,
  PRIMARY KEY (`id`) USING BTREE
) ENGINE=InnoDB AUTO_INCREMENT=5 DEFAULT CHARSET=utf8mb3 ROW_FORMAT=DYNAMIC;
/*!40101 SET character_set_client = @saved_cs_client */;

--
-- Dumping data for table `sumber_kompositor`
--

LOCK TABLES `sumber_kompositor` WRITE;
/*!40000 ALTER TABLE `sumber_kompositor` DISABLE KEYS */;
INSERT INTO `sumber_kompositor` VALUES (1,'New'),(2,'Existing Indikator'),(3,'Existing Kompositor'),(4,'Existing Parameter');
/*!40000 ALTER TABLE `sumber_kompositor` ENABLE KEYS */;
UNLOCK TABLES;

--
-- Table structure for table `triwulan`
--

DROP TABLE IF EXISTS `triwulan`;
/*!40101 SET @saved_cs_client     = @@character_set_client */;
/*!50503 SET character_set_client = utf8mb4 */;
CREATE TABLE `triwulan` (
  `id` int NOT NULL AUTO_INCREMENT,
  `triwulan` varchar(50) CHARACTER SET utf8mb3 COLLATE utf8mb3_general_ci DEFAULT NULL,
  PRIMARY KEY (`id`) USING BTREE
) ENGINE=InnoDB AUTO_INCREMENT=5 DEFAULT CHARSET=utf8mb3 ROW_FORMAT=DYNAMIC;
/*!40101 SET character_set_client = @saved_cs_client */;

--
-- Dumping data for table `triwulan`
--

LOCK TABLES `triwulan` WRITE;
/*!40000 ALTER TABLE `triwulan` DISABLE KEYS */;
INSERT INTO `triwulan` VALUES (1,'TW I'),(2,'TW II'),(3,'TW III'),(4,'TW IV');
/*!40000 ALTER TABLE `triwulan` ENABLE KEYS */;
UNLOCK TABLES;

--
-- Table structure for table `users`
--

DROP TABLE IF EXISTS `users`;
/*!40101 SET @saved_cs_client     = @@character_set_client */;
/*!50503 SET character_set_client = utf8mb4 */;
CREATE TABLE `users` (
  `id` bigint unsigned NOT NULL AUTO_INCREMENT,
  `name` varchar(255) CHARACTER SET utf8mb4 COLLATE utf8mb4_unicode_ci NOT NULL,
  `email` varchar(255) CHARACTER SET utf8mb4 COLLATE utf8mb4_unicode_ci NOT NULL,
  `email_verified_at` timestamp NULL DEFAULT NULL,
  `password` varchar(255) CHARACTER SET utf8mb4 COLLATE utf8mb4_unicode_ci NOT NULL,
  `remember_token` varchar(100) CHARACTER SET utf8mb4 COLLATE utf8mb4_unicode_ci DEFAULT NULL,
  `created_at` timestamp NULL DEFAULT NULL,
  `updated_at` timestamp NULL DEFAULT NULL,
  `pic_id` int NOT NULL,
  PRIMARY KEY (`id`) USING BTREE,
  UNIQUE KEY `users_email_unique` (`email`) USING BTREE
) ENGINE=InnoDB AUTO_INCREMENT=6 DEFAULT CHARSET=utf8mb4 COLLATE=utf8mb4_unicode_ci ROW_FORMAT=DYNAMIC;
/*!40101 SET character_set_client = @saved_cs_client */;

--
-- Dumping data for table `users`
--

LOCK TABLES `users` WRITE;
/*!40000 ALTER TABLE `users` DISABLE KEYS */;
INSERT INTO `users` VALUES (1,'Admin','admin@gmail.com',NULL,'$2y$10$Xumjpsaog8GsZM7KgUQqzOtDDybHRVd2M9ZPSQyQT0C30IqoznV2K','oYdQWIwQju7tQUvY90oo0AO4LHF3r3ikkln7QQgdzpNMAhhbtmxdocI6xdrZ','2023-12-30 23:05:57','2023-12-30 23:05:57',1),(3,'User1','user1@gmail.com',NULL,'$2y$10$eSekeXEXcEvgZ11Kbn8zwOC46wwJQ9pCudAyoJ10aglCAOyl.U6Uu',NULL,'2024-01-06 21:14:25','2024-01-06 21:14:25',2),(4,'User2','user2@gmail.com',NULL,'$2y$10$Gl20kxnKiXneYAQE152xF.prSl8AowtdJoQej/C23r1XT9HITvCdu',NULL,'2024-01-06 21:17:48','2024-01-06 21:17:48',3),(5,'admin2','admin2@mail.com',NULL,'$2y$10$xM0ofb6yaLynQ0O5vTln/O/WQGDF300I0ANMHC/sQZxsIfqfDtf/S',NULL,'2024-03-05 22:39:19','2024-03-05 22:39:19',1);
/*!40000 ALTER TABLE `users` ENABLE KEYS */;
UNLOCK TABLES;
/*!40103 SET TIME_ZONE=@OLD_TIME_ZONE */;

/*!40101 SET SQL_MODE=@OLD_SQL_MODE */;
/*!40014 SET FOREIGN_KEY_CHECKS=@OLD_FOREIGN_KEY_CHECKS */;
/*!40014 SET UNIQUE_CHECKS=@OLD_UNIQUE_CHECKS */;
/*!40101 SET CHARACTER_SET_CLIENT=@OLD_CHARACTER_SET_CLIENT */;
/*!40101 SET CHARACTER_SET_RESULTS=@OLD_CHARACTER_SET_RESULTS */;
/*!40101 SET COLLATION_CONNECTION=@OLD_COLLATION_CONNECTION */;
/*!40111 SET SQL_NOTES=@OLD_SQL_NOTES */;

-- Dump completed on 2024-12-06 16:53:49
